verify: RUN (task-1a)
task-1a verify: building ChatApp
Building for debugging...
[0/6] Write sources
[1/6] Write ChatApp-entitlement.plist
[2/6] Write swift-version--58304C5D6DBC2206.txt
[4/49] Compiling ChatApp X25519KeyManager.swift
[5/49] Compiling ChatApp IdentityProviding.swift
[6/49] Compiling ChatApp RegisterPayload.swift
[7/49] Compiling ChatApp RegistrationCoordinator.swift
[8/53] Compiling ChatApp KeychainStore.swift
[9/53] Compiling ChatApp AttachmentDescriptor.swift
[10/53] Compiling ChatApp AttachmentService.swift
[11/53] Compiling ChatApp ConversationListModel.swift
[12/53] Compiling ChatApp ConversationListStore.swift
[13/53] Compiling ChatApp GroupCrypto.swift
[14/53] Compiling ChatApp GroupEnvelope.swift
[15/53] Compiling ChatApp GroupService.swift
[16/53] Compiling ChatApp CryptoIdentity.swift
[17/53] Compiling ChatApp IdentityManager.swift
[18/53] Compiling ChatApp DMCoordinator.swift
[19/53] Compiling ChatApp FileCrypto.swift
[20/53] Compiling ChatApp MessageCrypto.swift
[21/53] Compiling ChatApp MessageEnvelope.swift
[22/53] Compiling ChatApp MessageService.swift
[23/53] Compiling ChatApp MainView.swift
[24/53] Compiling ChatApp RegistrationView.swift
[25/53] Compiling ChatApp RootView.swift
[26/53] Compiling ChatApp SignInView.swift
[27/53] Compiling ChatApp LocalAccount.swift
[28/53] Compiling ChatApp LocalAccountStore.swift
[29/53] Compiling ChatApp SyncCursorStore.swift
[30/53] Compiling ChatApp AppRootView.swift
[31/53] Compiling ChatApp AuthCoordinator.swift
[32/53] Compiling ChatApp DraftEditor.swift
[33/53] Compiling ChatApp EmojiCatalog.swift
[34/53] Compiling ChatApp EmojiPickerView.swift
[35/53] Compiling ChatApp MessageComposerModel.swift
[36/53] Compiling ChatApp GroupCoordinator.swift
[37/53] Emitting module ChatApp
[38/53] Compiling ChatApp AuthPayloads.swift
[39/53] Compiling ChatApp AuthenticationService.swift
[40/53] Compiling ChatApp SessionStore.swift
[41/53] Compiling ChatApp ChatAppApp.swift
[42/53] Compiling ChatApp CursorTrackingTextField.swift
[43/53] Compiling ChatApp RegistrationService.swift
[44/53] Compiling ChatApp AccountStore.swift
[45/53] Compiling ChatApp AppRouter.swift
[46/53] Compiling ChatApp Screen.swift
[47/53] Compiling ChatApp ConversationListView.swift
[48/53] Compiling ChatApp ConversationView.swift
[49/53] Compiling ChatApp ConversationsView.swift
[50/53] Compiling ChatApp GroupView.swift
[50/53] Write Objects.LinkFileList
[51/53] Linking ChatApp
[52/53] Applying ChatApp
Build complete! (7.13s)
task-1a verify: running routing tests
[0/1] Planning build
Building for debugging...
[0/8] /Users/ngthluu/choscor/test-chat-app/.agentloop/worktrees/task-fix-task8-verify-b3/mac-app/.build/arm64-apple-macosx/debug/ChatAppPackageTests.derived/runner.swift
[1/8] Write sources
[3/8] Write swift-version--58304C5D6DBC2206.txt
[5/46] Emitting module ChatAppTests
[6/50] Compiling ChatAppTests AppRouterTests.swift
[7/50] Compiling ChatAppTests AttachmentDescriptorTests.swift
[8/50] Compiling ChatAppTests AuthCoordinatorTests.swift
[9/50] Compiling ChatAppTests AuthPayloadsTests.swift
[10/50] Compiling ChatAppTests ChatAppTests.swift
[11/50] Compiling ChatAppTests ComposerWiringTests.swift
[12/50] Compiling ChatAppTests ConversationListModelTests.swift
[13/50] Compiling ChatAppTests ConversationListStoreTests.swift
[14/50] Compiling ChatAppTests ConversationsViewWiringTests.swift
[15/50] Compiling ChatAppTests CryptoIdentitySigningTests.swift
[16/50] Compiling ChatAppTests RootViewTests.swift
[17/50] Compiling ChatAppTests SessionStoreTests.swift
[18/50] Compiling ChatAppTests SyncCursorStoreTests.swift
[19/50] Compiling ChatAppTests X25519KeyManagerTests.swift
[20/50] Compiling ChatAppTests MessageEnvelopeTests.swift
[21/50] Compiling ChatAppTests RegisterPayloadTests.swift
[22/50] Compiling ChatAppTests RegistrationCoordinatorTests.swift
[23/50] Compiling ChatAppTests RegistrationServiceCaptureTests.swift
[24/50] Compiling ChatAppTests LiveRegistrationE2ETests.swift
[25/50] Compiling ChatAppTests LocalAccountStoreTests.swift
[26/50] Compiling ChatAppTests MessageComposerModelTests.swift
[27/50] Compiling ChatAppTests MessageCryptoTests.swift
[28/50] Compiling ChatAppTests GroupCryptoTests.swift
[29/50] Compiling ChatAppTests GroupEnvelopeTests.swift
[30/50] Compiling ChatAppTests HTTPAttachmentServiceTests.swift
[31/50] Compiling ChatAppTests HTTPAuthClientCaptureTests.swift
[32/50] Compiling ChatAppTests HTTPConversationsServiceTests.swift
[33/50] Compiling ChatAppTests HTTPGroupServiceTests.swift
[34/50] Compiling ChatAppTests HTTPMessageServiceTests.swift
[35/50] Compiling ChatAppTests IdentityKeychainTests.swift
[36/50] Compiling ChatAppTests LiveAttachmentE2ETests.swift
[37/50] Compiling ChatAppTests LiveAuthE2ETests.swift
[38/50] Compiling ChatAppTests LiveConversationsE2ETests.swift
[39/50] Compiling ChatAppTests LiveDME2ETests.swift
[40/50] Compiling ChatAppTests DMCoordinatorTests.swift
[41/50] Compiling ChatAppTests DraftEditorTests.swift
[42/50] Compiling ChatAppTests EmojiCatalogTests.swift
[43/50] Compiling ChatAppTests FileCryptoTests.swift
[44/50] Compiling ChatAppTests GroupCoordinatorTests.swift
[45/50] Compiling ChatAppTests LiveEmojiDME2ETests.swift
[46/50] Compiling ChatAppTests LiveGroupCoordinatorHarness.swift
[47/50] Compiling ChatAppTests LiveGroupE2ETests.swift
[48/50] Compiling ChatAppTests LiveOfflineDeliveryE2ETests.swift
[49/52] Compiling ChatAppPackageTests runner.swift
[50/52] Emitting module ChatAppPackageTests
[50/52] Write Objects.LinkFileList
[51/52] Linking ChatAppPackageTests
Build complete! (13.42s)
Test Suite 'All tests' started at 2026-06-05 21:32:06.629.
Test Suite 'ChatAppPackageTests.xctest' started at 2026-06-05 21:32:06.629.
Test Suite 'AppRouterTests' started at 2026-06-05 21:32:06.629.
Test Case '-[ChatAppTests.AppRouterTests testResolveReturnsMainWhenAccountExists]' started.
Test Case '-[ChatAppTests.AppRouterTests testResolveReturnsMainWhenAccountExists]' passed (0.001 seconds).
Test Case '-[ChatAppTests.AppRouterTests testResolveReturnsRegistrationWhenNoAccountExists]' started.
Test Case '-[ChatAppTests.AppRouterTests testResolveReturnsRegistrationWhenNoAccountExists]' passed (0.000 seconds).
Test Suite 'AppRouterTests' passed at 2026-06-05 21:32:06.630.
	 Executed 2 tests, with 0 failures (0 unexpected) in 0.001 (0.001) seconds
Test Suite 'AttachmentDescriptorTests' started at 2026-06-05 21:32:06.630.
Test Case '-[ChatAppTests.AttachmentDescriptorTests testDescriptorRoundTripsAndUsesSnakeCaseKeys]' started.
Test Case '-[ChatAppTests.AttachmentDescriptorTests testDescriptorRoundTripsAndUsesSnakeCaseKeys]' passed (0.000 seconds).
Test Case '-[ChatAppTests.AttachmentDescriptorTests testJSONWithoutAttachmentMarkerIsNotMisdetected]' started.
Test Case '-[ChatAppTests.AttachmentDescriptorTests testJSONWithoutAttachmentMarkerIsNotMisdetected]' passed (0.000 seconds).
Test Case '-[ChatAppTests.AttachmentDescriptorTests testJSONWithWrongMarkerIsNotMisdetected]' started.
Test Case '-[ChatAppTests.AttachmentDescriptorTests testJSONWithWrongMarkerIsNotMisdetected]' passed (0.000 seconds).
Test Case '-[ChatAppTests.AttachmentDescriptorTests testPlainTextIsNotMisdetected]' started.
Test Case '-[ChatAppTests.AttachmentDescriptorTests testPlainTextIsNotMisdetected]' passed (0.000 seconds).
Test Suite 'AttachmentDescriptorTests' passed at 2026-06-05 21:32:06.632.
	 Executed 4 tests, with 0 failures (0 unexpected) in 0.001 (0.001) seconds
Test Suite 'AuthCoordinatorTests' started at 2026-06-05 21:32:06.632.
Test Case '-[ChatAppTests.AuthCoordinatorTests testExistingSessionTokenMarksAuthenticatedAtInit]' started.
Test Case '-[ChatAppTests.AuthCoordinatorTests testExistingSessionTokenMarksAuthenticatedAtInit]' passed (0.026 seconds).
Test Case '-[ChatAppTests.AuthCoordinatorTests testRejectedProofLeavesUnauthenticatedShowsStatusAndStoresNoToken]' started.
Test Case '-[ChatAppTests.AuthCoordinatorTests testRejectedProofLeavesUnauthenticatedShowsStatusAndStoresNoToken]' passed (0.002 seconds).
Test Case '-[ChatAppTests.AuthCoordinatorTests testSignOutClearsSessionTokenAndMarksUnauthenticated]' started.
Test Case '-[ChatAppTests.AuthCoordinatorTests testSignOutClearsSessionTokenAndMarksUnauthenticated]' passed (0.014 seconds).
Test Case '-[ChatAppTests.AuthCoordinatorTests testSuccessfulSignInSignsChallengePersistsTokenAndMarksAuthenticated]' started.
Test Case '-[ChatAppTests.AuthCoordinatorTests testSuccessfulSignInSignsChallengePersistsTokenAndMarksAuthenticated]' passed (0.013 seconds).
Test Suite 'AuthCoordinatorTests' passed at 2026-06-05 21:32:06.687.
	 Executed 4 tests, with 0 failures (0 unexpected) in 0.055 (0.055) seconds
Test Suite 'AuthPayloadsTests' started at 2026-06-05 21:32:06.687.
Test Case '-[ChatAppTests.AuthPayloadsTests testChallengeRequestEncodesExactlyUsername]' started.
Test Case '-[ChatAppTests.AuthPayloadsTests testChallengeRequestEncodesExactlyUsername]' passed (0.000 seconds).
Test Case '-[ChatAppTests.AuthPayloadsTests testResponsesDecodeSnakeCaseFields]' started.
Test Case '-[ChatAppTests.AuthPayloadsTests testResponsesDecodeSnakeCaseFields]' passed (0.000 seconds).
Test Case '-[ChatAppTests.AuthPayloadsTests testVerifyRequestEncodesExactlyChallengeIdAndSignature]' started.
Test Case '-[ChatAppTests.AuthPayloadsTests testVerifyRequestEncodesExactlyChallengeIdAndSignature]' passed (0.000 seconds).
Test Suite 'AuthPayloadsTests' passed at 2026-06-05 21:32:06.687.
	 Executed 3 tests, with 0 failures (0 unexpected) in 0.001 (0.001) seconds
Test Suite 'ChatAppTests' started at 2026-06-05 21:32:06.687.
Test Case '-[ChatAppTests.ChatAppTests testPackageTestTargetBuilds]' started.
Test Case '-[ChatAppTests.ChatAppTests testPackageTestTargetBuilds]' passed (0.000 seconds).
Test Suite 'ChatAppTests' passed at 2026-06-05 21:32:06.688.
	 Executed 1 test, with 0 failures (0 unexpected) in 0.000 (0.000) seconds
Test Suite 'ComposerWiringTests' started at 2026-06-05 21:32:06.688.
Test Case '-[ChatAppTests.ComposerWiringTests testComposerDraftIsSentThenReset]' started.
Test Case '-[ChatAppTests.ComposerWiringTests testComposerDraftIsSentThenReset]' passed (0.000 seconds).
Test Case '-[ChatAppTests.ComposerWiringTests testEmojiPickerViewCanBeConstructedWithShippedModel]' started.
Test Case '-[ChatAppTests.ComposerWiringTests testEmojiPickerViewCanBeConstructedWithShippedModel]' passed (0.000 seconds).
Test Suite 'ComposerWiringTests' passed at 2026-06-05 21:32:06.688.
	 Executed 2 tests, with 0 failures (0 unexpected) in 0.000 (0.000) seconds
Test Suite 'ConversationListModelTests' started at 2026-06-05 21:32:06.688.
Test Case '-[ChatAppTests.ConversationListModelTests testConversationListContainsAndEmptyUpsertRoundTrip]' started.
Test Case '-[ChatAppTests.ConversationListModelTests testConversationListContainsAndEmptyUpsertRoundTrip]' passed (0.000 seconds).
Test Case '-[ChatAppTests.ConversationListModelTests testPeerIdReturnsOtherPartyForInboundAndOutboundRecords]' started.
Test Case '-[ChatAppTests.ConversationListModelTests testPeerIdReturnsOtherPartyForInboundAndOutboundRecords]' passed (0.000 seconds).
Test Case '-[ChatAppTests.ConversationListModelTests testSortedOrdersMostRecentFirstAndTiesByUsername]' started.
Test Case '-[ChatAppTests.ConversationListModelTests testSortedOrdersMostRecentFirstAndTiesByUsername]' passed (0.000 seconds).
Test Case '-[ChatAppTests.ConversationListModelTests testUpsertInsertsBumpsToNewerActivityAndNeverRegresses]' started.
Test Case '-[ChatAppTests.ConversationListModelTests testUpsertInsertsBumpsToNewerActivityAndNeverRegresses]' passed (0.000 seconds).
Test Suite 'ConversationListModelTests' passed at 2026-06-05 21:32:06.689.
	 Executed 4 tests, with 0 failures (0 unexpected) in 0.000 (0.001) seconds
Test Suite 'ConversationListStoreTests' started at 2026-06-05 21:32:06.689.
Test Case '-[ChatAppTests.ConversationListStoreTests testHandleLiveRecordForKnownPeerBumpsAndDoesNotFetchAgain]' started.
Test Case '-[ChatAppTests.ConversationListStoreTests testHandleLiveRecordForKnownPeerBumpsAndDoesNotFetchAgain]' passed (0.013 seconds).
Test Case '-[ChatAppTests.ConversationListStoreTests testHandleLiveRecordForUnknownPeerRefreshesOnce]' started.
Test Case '-[ChatAppTests.ConversationListStoreTests testHandleLiveRecordForUnknownPeerRefreshesOnce]' passed (0.014 seconds).
Test Case '-[ChatAppTests.ConversationListStoreTests testHandleLiveRecordUpdatesLastActivityAtOnKnownPeer]' started.
Test Case '-[ChatAppTests.ConversationListStoreTests testHandleLiveRecordUpdatesLastActivityAtOnKnownPeer]' passed (0.013 seconds).
Test Case '-[ChatAppTests.ConversationListStoreTests testRefreshIncludesInboundOnlyPeerReturnedByBackend]' started.
Test Case '-[ChatAppTests.ConversationListStoreTests testRefreshIncludesInboundOnlyPeerReturnedByBackend]' passed (0.013 seconds).
Test Case '-[ChatAppTests.ConversationListStoreTests testRefreshMapsRecordsAndSortsMostRecentFirst]' started.
Test Case '-[ChatAppTests.ConversationListStoreTests testRefreshMapsRecordsAndSortsMostRecentFirst]' passed (0.013 seconds).
Test Case '-[ChatAppTests.ConversationListStoreTests testSelectedPeerUsernameRoundTrips]' started.
Test Case '-[ChatAppTests.ConversationListStoreTests testSelectedPeerUsernameRoundTrips]' passed (0.012 seconds).
Test Case '-[ChatAppTests.ConversationListStoreTests testSubscribeConsumesInjectedLiveStream]' started.
Test Case '-[ChatAppTests.ConversationListStoreTests testSubscribeConsumesInjectedLiveStream]' passed (0.070 seconds).
Test Suite 'ConversationListStoreTests' passed at 2026-06-05 21:32:06.838.
	 Executed 7 tests, with 0 failures (0 unexpected) in 0.149 (0.149) seconds
Test Suite 'ConversationsViewWiringTests' started at 2026-06-05 21:32:06.838.
Test Case '-[ChatAppTests.ConversationsViewWiringTests testLiveRecordBumpsSidebarList]' started.
Test Case '-[ChatAppTests.ConversationsViewWiringTests testLiveRecordBumpsSidebarList]' passed (0.017 seconds).
Test Case '-[ChatAppTests.ConversationsViewWiringTests testSelectingConversationLoadsFullDecryptedHistory]' started.
Test Case '-[ChatAppTests.ConversationsViewWiringTests testSelectingConversationLoadsFullDecryptedHistory]' passed (0.037 seconds).
Test Case '-[ChatAppTests.ConversationsViewWiringTests testSidebarOrdersConversationsMostRecentFirst]' started.
Test Case '-[ChatAppTests.ConversationsViewWiringTests testSidebarOrdersConversationsMostRecentFirst]' passed (0.015 seconds).
Test Case '-[ChatAppTests.ConversationsViewWiringTests testTaskPublishesOwnPrekey]' started.
Test Case '-[ChatAppTests.ConversationsViewWiringTests testTaskPublishesOwnPrekey]' passed (0.025 seconds).
Test Suite 'ConversationsViewWiringTests' passed at 2026-06-05 21:32:06.932.
	 Executed 4 tests, with 0 failures (0 unexpected) in 0.094 (0.094) seconds
Test Suite 'CryptoIdentitySigningTests' started at 2026-06-05 21:32:06.932.
Test Case '-[ChatAppTests.CryptoIdentitySigningTests testSignProducesVerifiableSignatureAndRejectsTamperedMessage]' started.
Test Case '-[ChatAppTests.CryptoIdentitySigningTests testSignProducesVerifiableSignatureAndRejectsTamperedMessage]' passed (0.000 seconds).
Test Suite 'CryptoIdentitySigningTests' passed at 2026-06-05 21:32:06.933.
	 Executed 1 test, with 0 failures (0 unexpected) in 0.000 (0.000) seconds
Test Suite 'DMCoordinatorTests' started at 2026-06-05 21:32:06.933.
Test Case '-[ChatAppTests.DMCoordinatorTests testCancelLiveSubscriptionCancelsWithoutRemovingMessages]' started.
Test Case '-[ChatAppTests.DMCoordinatorTests testCancelLiveSubscriptionCancelsWithoutRemovingMessages]' passed (0.031 seconds).
Test Case '-[ChatAppTests.DMCoordinatorTests testLoadHistoryDecryptsInboundRecordIntoDisplayMessages]' started.
Test Case '-[ChatAppTests.DMCoordinatorTests testLoadHistoryDecryptsInboundRecordIntoDisplayMessages]' passed (0.048 seconds).
Test Case '-[ChatAppTests.DMCoordinatorTests testLoadHistoryDetectsAttachmentDescriptorAndDownloadReturnsOriginalBytes]' started.
Test Case '-[ChatAppTests.DMCoordinatorTests testLoadHistoryDetectsAttachmentDescriptorAndDownloadReturnsOriginalBytes]' passed (0.029 seconds).
Test Case '-[ChatAppTests.DMCoordinatorTests testSendAttachmentUploadsEncryptedBlobAndSendsEncryptedDescriptor]' started.
Test Case '-[ChatAppTests.DMCoordinatorTests testSendAttachmentUploadsEncryptedBlobAndSendsEncryptedDescriptor]' passed (0.026 seconds).
Test Case '-[ChatAppTests.DMCoordinatorTests testSendEncryptsCiphertextAndRecipientCanDecryptIt]' started.
Test Case '-[ChatAppTests.DMCoordinatorTests testSendEncryptsCiphertextAndRecipientCanDecryptIt]' passed (0.026 seconds).
Test Case '-[ChatAppTests.DMCoordinatorTests testStartConversationRejectsPeerWithInvalidPrekeySignature]' started.
Test Case '-[ChatAppTests.DMCoordinatorTests testStartConversationRejectsPeerWithInvalidPrekeySignature]' passed (0.012 seconds).
Test Case '-[ChatAppTests.DMCoordinatorTests testStartConversationShowsUserNotFoundForMissingPeer]' started.
Test Case '-[ChatAppTests.DMCoordinatorTests testStartConversationShowsUserNotFoundForMissingPeer]' passed (0.012 seconds).
Test Case '-[ChatAppTests.DMCoordinatorTests testSubscribeLiveCatchesUpOfflineHistoryInServerOrderAndDedupesSSE]' started.
Test Case '-[ChatAppTests.DMCoordinatorTests testSubscribeLiveCatchesUpOfflineHistoryInServerOrderAndDedupesSSE]' passed (0.039 seconds).
Test Case '-[ChatAppTests.DMCoordinatorTests testSubscribeLiveDecryptsInboundRecordAndDedupesExistingMessages]' started.
Test Case '-[ChatAppTests.DMCoordinatorTests testSubscribeLiveDecryptsInboundRecordAndDedupesExistingMessages]' passed (0.091 seconds).
Test Case '-[ChatAppTests.DMCoordinatorTests testSubscribeLiveDeliversAttachmentDisplayDedupesAndDownloadsOriginalBytes]' started.
Test Case '-[ChatAppTests.DMCoordinatorTests testSubscribeLiveDeliversAttachmentDisplayDedupesAndDownloadsOriginalBytes]' passed (0.203 seconds).
Test Suite 'DMCoordinatorTests' passed at 2026-06-05 21:32:07.452.
	 Executed 10 tests, with 0 failures (0 unexpected) in 0.519 (0.519) seconds
Test Suite 'DraftEditorTests' started at 2026-06-05 21:32:07.452.
Test Case '-[ChatAppTests.DraftEditorTests testCaretAboveLengthClampsToEnd]' started.
Test Case '-[ChatAppTests.DraftEditorTests testCaretAboveLengthClampsToEnd]' passed (0.000 seconds).
Test Case '-[ChatAppTests.DraftEditorTests testCaretBelowZeroClampsToStart]' started.
Test Case '-[ChatAppTests.DraftEditorTests testCaretBelowZeroClampsToStart]' passed (0.000 seconds).
Test Case '-[ChatAppTests.DraftEditorTests testInsertAtEndOfASCIIDraft]' started.
Test Case '-[ChatAppTests.DraftEditorTests testInsertAtEndOfASCIIDraft]' passed (0.000 seconds).
Test Case '-[ChatAppTests.DraftEditorTests testInsertAtMiddleOfASCIIDraft]' started.
Test Case '-[ChatAppTests.DraftEditorTests testInsertAtMiddleOfASCIIDraft]' passed (0.000 seconds).
Test Case '-[ChatAppTests.DraftEditorTests testInsertAtStartOfASCIIDraft]' started.
Test Case '-[ChatAppTests.DraftEditorTests testInsertAtStartOfASCIIDraft]' passed (0.000 seconds).
Test Case '-[ChatAppTests.DraftEditorTests testInsertIntoEmptyDraftYieldsEmojiAndCaretAfterIt]' started.
Test Case '-[ChatAppTests.DraftEditorTests testInsertIntoEmptyDraftYieldsEmojiAndCaretAfterIt]' passed (0.000 seconds).
Test Case '-[ChatAppTests.DraftEditorTests testInsertionInsideExistingEmojiSnapsDownAndDoesNotSplitIt]' started.
Test Case '-[ChatAppTests.DraftEditorTests testInsertionInsideExistingEmojiSnapsDownAndDoesNotSplitIt]' passed (0.000 seconds).
Test Case '-[ChatAppTests.DraftEditorTests testMultiScalarEmojiAreInsertedAsIntactGraphemes]' started.
Test Case '-[ChatAppTests.DraftEditorTests testMultiScalarEmojiAreInsertedAsIntactGraphemes]' passed (0.000 seconds).
Test Suite 'DraftEditorTests' passed at 2026-06-05 21:32:07.455.
	 Executed 8 tests, with 0 failures (0 unexpected) in 0.002 (0.003) seconds
Test Suite 'EmojiCatalogTests' started at 2026-06-05 21:32:07.455.
Test Case '-[ChatAppTests.EmojiCatalogTests testCatalogIncludesMultiScalarExamples]' started.
Test Case '-[ChatAppTests.EmojiCatalogTests testCatalogIncludesMultiScalarExamples]' passed (0.000 seconds).
Test Case '-[ChatAppTests.EmojiCatalogTests testCatalogIsNonEmptyAndEveryCategoryHasEntries]' started.
Test Case '-[ChatAppTests.EmojiCatalogTests testCatalogIsNonEmptyAndEveryCategoryHasEntries]' passed (0.000 seconds).
Test Case '-[ChatAppTests.EmojiCatalogTests testEmojiCharactersAreUnique]' started.
Test Case '-[ChatAppTests.EmojiCatalogTests testEmojiCharactersAreUnique]' passed (0.000 seconds).
Test Case '-[ChatAppTests.EmojiCatalogTests testEmptySearchReturnsAllEmojis]' started.
Test Case '-[ChatAppTests.EmojiCatalogTests testEmptySearchReturnsAllEmojis]' passed (0.000 seconds).
Test Case '-[ChatAppTests.EmojiCatalogTests testEveryEmojiHasMetadataAndIsFiledInItsCategory]' started.
Test Case '-[ChatAppTests.EmojiCatalogTests testEveryEmojiHasMetadataAndIsFiledInItsCategory]' passed (0.001 seconds).
Test Case '-[ChatAppTests.EmojiCatalogTests testNonsenseSearchReturnsNoEmojis]' started.
Test Case '-[ChatAppTests.EmojiCatalogTests testNonsenseSearchReturnsNoEmojis]' passed (0.000 seconds).
Test Case '-[ChatAppTests.EmojiCatalogTests testSearchIsCaseInsensitive]' started.
Test Case '-[ChatAppTests.EmojiCatalogTests testSearchIsCaseInsensitive]' passed (0.000 seconds).
Test Case '-[ChatAppTests.EmojiCatalogTests testSearchMatchesHeartByNameOrKeyword]' started.
Test Case '-[ChatAppTests.EmojiCatalogTests testSearchMatchesHeartByNameOrKeyword]' passed (0.000 seconds).
Test Case '-[ChatAppTests.EmojiCatalogTests testSearchMatchesKeywordThatIsNotPartOfName]' started.
Test Case '-[ChatAppTests.EmojiCatalogTests testSearchMatchesKeywordThatIsNotPartOfName]' passed (0.000 seconds).
Test Suite 'EmojiCatalogTests' passed at 2026-06-05 21:32:07.458.
	 Executed 9 tests, with 0 failures (0 unexpected) in 0.003 (0.003) seconds
Test Suite 'FileCryptoTests' started at 2026-06-05 21:32:07.458.
Test Case '-[ChatAppTests.FileCryptoTests testEncryptDecryptRoundTripReturnsExactBytesForBinaryPayload]' started.
Test Case '-[ChatAppTests.FileCryptoTests testEncryptDecryptRoundTripReturnsExactBytesForBinaryPayload]' passed (0.000 seconds).
Test Case '-[ChatAppTests.FileCryptoTests testEncryptDecryptRoundTripReturnsExactBytesForSmallPayload]' started.
Test Case '-[ChatAppTests.FileCryptoTests testEncryptDecryptRoundTripReturnsExactBytesForSmallPayload]' passed (0.000 seconds).
Test Case '-[ChatAppTests.FileCryptoTests testEncryptedBlobDoesNotContainPlaintextBytes]' started.
Test Case '-[ChatAppTests.FileCryptoTests testEncryptedBlobDoesNotContainPlaintextBytes]' passed (0.000 seconds).
Test Case '-[ChatAppTests.FileCryptoTests testNearTenMegabyteFileRoundTrips]' started.
Test Case '-[ChatAppTests.FileCryptoTests testNearTenMegabyteFileRoundTrips]' passed (0.023 seconds).
Test Case '-[ChatAppTests.FileCryptoTests testTamperedBlobThrows]' started.
Test Case '-[ChatAppTests.FileCryptoTests testTamperedBlobThrows]' passed (0.000 seconds).
Test Case '-[ChatAppTests.FileCryptoTests testWrongKeyFailsToDecrypt]' started.
Test Case '-[ChatAppTests.FileCryptoTests testWrongKeyFailsToDecrypt]' passed (0.000 seconds).
Test Suite 'FileCryptoTests' passed at 2026-06-05 21:32:07.482.
	 Executed 6 tests, with 0 failures (0 unexpected) in 0.024 (0.024) seconds
Test Suite 'GroupCoordinatorTests' started at 2026-06-05 21:32:07.482.
Test Case '-[ChatAppTests.GroupCoordinatorTests testAddMemberRekeyPreservesExistingLiveDeliveryAndBlocksPriorEpochForNewMember]' started.
Test Case '-[ChatAppTests.GroupCoordinatorTests testAddMemberRekeyPreservesExistingLiveDeliveryAndBlocksPriorEpochForNewMember]' passed (0.319 seconds).
Test Case '-[ChatAppTests.GroupCoordinatorTests testCreateGroupRejectsMemberWithInvalidPrekeySignature]' started.
Test Case '-[ChatAppTests.GroupCoordinatorTests testCreateGroupRejectsMemberWithInvalidPrekeySignature]' passed (0.030 seconds).
Test Case '-[ChatAppTests.GroupCoordinatorTests testCreateGroupSubscribesLiveSoCreatorReceivesInboundMessages]' started.
Test Case '-[ChatAppTests.GroupCoordinatorTests testCreateGroupSubscribesLiveSoCreatorReceivesInboundMessages]' passed (0.149 seconds).
Test Case '-[ChatAppTests.GroupCoordinatorTests testCreateGroupWrapsEpochZeroKeyToEveryMember]' started.
Test Case '-[ChatAppTests.GroupCoordinatorTests testCreateGroupWrapsEpochZeroKeyToEveryMember]' passed (0.040 seconds).
Test Case '-[ChatAppTests.GroupCoordinatorTests testEpochEventRefreshesKeysGroupDetailAndGroupListBeforeNextMessage]' started.
Test Case '-[ChatAppTests.GroupCoordinatorTests testEpochEventRefreshesKeysGroupDetailAndGroupListBeforeNextMessage]' passed (0.156 seconds).
Test Case '-[ChatAppTests.GroupCoordinatorTests testExistingMemberReceivesLiveAttachmentAfterRekeyAndLateJoinerCannotDecryptPriorEpochAttachment]' started.
Test Case '-[ChatAppTests.GroupCoordinatorTests testExistingMemberReceivesLiveAttachmentAfterRekeyAndLateJoinerCannotDecryptPriorEpochAttachment]' passed (0.416 seconds).
Test Case '-[ChatAppTests.GroupCoordinatorTests testExistingMemberReceivesLiveMessageAfterRekeyViaKeyRefetch]' started.
Test Case '-[ChatAppTests.GroupCoordinatorTests testExistingMemberReceivesLiveMessageAfterRekeyViaKeyRefetch]' passed (0.089 seconds).
Test Case '-[ChatAppTests.GroupCoordinatorTests testLateAddedMemberCannotDecryptPriorEpochMessage]' started.
Test Case '-[ChatAppTests.GroupCoordinatorTests testLateAddedMemberCannotDecryptPriorEpochMessage]' passed (0.037 seconds).
Test Case '-[ChatAppTests.GroupCoordinatorTests testOpenGroupDecryptsHistoryAndSkipsUndecryptable]' started.
Test Case '-[ChatAppTests.GroupCoordinatorTests testOpenGroupDecryptsHistoryAndSkipsUndecryptable]' passed (0.032 seconds).
Test Case '-[ChatAppTests.GroupCoordinatorTests testOpenGroupDetectsAttachmentDescriptorAndDownloadReturnsOriginalBytes]' started.
Test Case '-[ChatAppTests.GroupCoordinatorTests testOpenGroupDetectsAttachmentDescriptorAndDownloadReturnsOriginalBytes]' passed (0.053 seconds).
Test Case '-[ChatAppTests.GroupCoordinatorTests testOpenGroupKeepsServerHistoryOrderAndDecryptsEveryMessage]' started.
Test Case '-[ChatAppTests.GroupCoordinatorTests testOpenGroupKeepsServerHistoryOrderAndDecryptsEveryMessage]' passed (0.041 seconds).
Test Case '-[ChatAppTests.GroupCoordinatorTests testReconnectCatchesUpOfflineGroupMessagesInOrderAndDedupsLiveDuplicates]' started.
Test Case '-[ChatAppTests.GroupCoordinatorTests testReconnectCatchesUpOfflineGroupMessagesInOrderAndDedupsLiveDuplicates]' passed (0.091 seconds).
Test Case '-[ChatAppTests.GroupCoordinatorTests testRefreshGroupsPublishesAllListedGroupsOnLaunch]' started.
Test Case '-[ChatAppTests.GroupCoordinatorTests testRefreshGroupsPublishesAllListedGroupsOnLaunch]' passed (0.033 seconds).
Test Case '-[ChatAppTests.GroupCoordinatorTests testSendAfterRekeyEncryptsUnderLatestEpoch]' started.
Test Case '-[ChatAppTests.GroupCoordinatorTests testSendAfterRekeyEncryptsUnderLatestEpoch]' passed (0.040 seconds).
Test Case '-[ChatAppTests.GroupCoordinatorTests testSendAttachmentUploadsEncryptedBlobAndSendsGroupEncryptedDescriptor]' started.
Test Case '-[ChatAppTests.GroupCoordinatorTests testSendAttachmentUploadsEncryptedBlobAndSendsGroupEncryptedDescriptor]' passed (0.037 seconds).
Test Case '-[ChatAppTests.GroupCoordinatorTests testSendEncryptsUnderCurrentEpochKey]' started.
Test Case '-[ChatAppTests.GroupCoordinatorTests testSendEncryptsUnderCurrentEpochKey]' passed (0.032 seconds).
Test Case '-[ChatAppTests.GroupCoordinatorTests testSenderAttributionResolvesUsernameAndYouForLocalAccount]' started.
Test Case '-[ChatAppTests.GroupCoordinatorTests testSenderAttributionResolvesUsernameAndYouForLocalAccount]' passed (0.031 seconds).
Test Case '-[ChatAppTests.GroupCoordinatorTests testSubscribeLiveDecryptsInboundGroupRecord]' started.
Test Case '-[ChatAppTests.GroupCoordinatorTests testSubscribeLiveDecryptsInboundGroupRecord]' passed (0.083 seconds).
Test Case '-[ChatAppTests.GroupCoordinatorTests testSubscribeLiveRendersInboundAttachmentAndDownloadsOriginalBytes]' started.
Test Case '-[ChatAppTests.GroupCoordinatorTests testSubscribeLiveRendersInboundAttachmentAndDownloadsOriginalBytes]' passed (0.135 seconds).
Test Case '-[ChatAppTests.GroupCoordinatorTests testThreeMemberCoordinatorsAllSendAndDecryptLiveMessages]' started.
Test Case '-[ChatAppTests.GroupCoordinatorTests testThreeMemberCoordinatorsAllSendAndDecryptLiveMessages]' passed (0.298 seconds).
Test Suite 'GroupCoordinatorTests' passed at 2026-06-05 21:32:09.624.
	 Executed 20 tests, with 0 failures (0 unexpected) in 2.140 (2.141) seconds
Test Suite 'GroupCryptoTests' started at 2026-06-05 21:32:09.624.
Test Case '-[ChatAppTests.GroupCryptoTests testEncryptDecryptGroupMessageRoundTripsToExactPlaintext]' started.
Test Case '-[ChatAppTests.GroupCryptoTests testEncryptDecryptGroupMessageRoundTripsToExactPlaintext]' passed (0.000 seconds).
Test Case '-[ChatAppTests.GroupCryptoTests testInvalidGroupEnvelopeErrorsAreStable]' started.
Test Case '-[ChatAppTests.GroupCryptoTests testInvalidGroupEnvelopeErrorsAreStable]' passed (0.000 seconds).
Test Case '-[ChatAppTests.GroupCryptoTests testMessageEnvelopeDoesNotContainPlaintextBytes]' started.
Test Case '-[ChatAppTests.GroupCryptoTests testMessageEnvelopeDoesNotContainPlaintextBytes]' passed (0.000 seconds).
Test Case '-[ChatAppTests.GroupCryptoTests testMessageEpochRecoversEmbeddedBigEndianEpoch]' started.
Test Case '-[ChatAppTests.GroupCryptoTests testMessageEpochRecoversEmbeddedBigEndianEpoch]' passed (0.000 seconds).
Test Case '-[ChatAppTests.GroupCryptoTests testNewGroupKeyIsThirtyTwoBytes]' started.
Test Case '-[ChatAppTests.GroupCryptoTests testNewGroupKeyIsThirtyTwoBytes]' passed (0.000 seconds).
Test Case '-[ChatAppTests.GroupCryptoTests testSamePlaintextEncryptedTwiceProducesDifferentEnvelopes]' started.
Test Case '-[ChatAppTests.GroupCryptoTests testSamePlaintextEncryptedTwiceProducesDifferentEnvelopes]' passed (0.000 seconds).
Test Case '-[ChatAppTests.GroupCryptoTests testThirdPartyCannotUnwrapGroupKey]' started.
Test Case '-[ChatAppTests.GroupCryptoTests testThirdPartyCannotUnwrapGroupKey]' passed (0.000 seconds).
Test Case '-[ChatAppTests.GroupCryptoTests testWrapAndUnwrapGroupKeyRoundTripsToExactBytes]' started.
Test Case '-[ChatAppTests.GroupCryptoTests testWrapAndUnwrapGroupKeyRoundTripsToExactBytes]' passed (0.000 seconds).
Test Case '-[ChatAppTests.GroupCryptoTests testWrongGroupKeyFailsToDecryptGroupMessage]' started.
Test Case '-[ChatAppTests.GroupCryptoTests testWrongGroupKeyFailsToDecryptGroupMessage]' passed (0.000 seconds).
Test Suite 'GroupCryptoTests' passed at 2026-06-05 21:32:09.625.
	 Executed 9 tests, with 0 failures (0 unexpected) in 0.001 (0.001) seconds
Test Suite 'GroupEnvelopeTests' started at 2026-06-05 21:32:09.625.
Test Case '-[ChatAppTests.GroupEnvelopeTests testAddMemberRequestAndResponseUseSnakeCaseKeys]' started.
Test Case '-[ChatAppTests.GroupEnvelopeTests testAddMemberRequestAndResponseUseSnakeCaseKeys]' passed (0.000 seconds).
Test Case '-[ChatAppTests.GroupEnvelopeTests testCreateGroupRequestEncodesSnakeCaseKeys]' started.
Test Case '-[ChatAppTests.GroupEnvelopeTests testCreateGroupRequestEncodesSnakeCaseKeys]' passed (0.000 seconds).
Test Case '-[ChatAppTests.GroupEnvelopeTests testCreateGroupResponseDecodesSnakeCaseFields]' started.
Test Case '-[ChatAppTests.GroupEnvelopeTests testCreateGroupResponseDecodesSnakeCaseFields]' passed (0.000 seconds).
Test Case '-[ChatAppTests.GroupEnvelopeTests testEncodedPayloadsContainNoPlaintextBodyOrTextKeys]' started.
Test Case '-[ChatAppTests.GroupEnvelopeTests testEncodedPayloadsContainNoPlaintextBodyOrTextKeys]' passed (0.000 seconds).
Test Case '-[ChatAppTests.GroupEnvelopeTests testGroupSummaryAndDetailDecodeSnakeCaseFields]' started.
Test Case '-[ChatAppTests.GroupEnvelopeTests testGroupSummaryAndDetailDecodeSnakeCaseFields]' passed (0.000 seconds).
Test Case '-[ChatAppTests.GroupEnvelopeTests testKeyRecordAndMessageResponsesDecodeSnakeCaseFields]' started.
Test Case '-[ChatAppTests.GroupEnvelopeTests testKeyRecordAndMessageResponsesDecodeSnakeCaseFields]' passed (0.000 seconds).
Test Case '-[ChatAppTests.GroupEnvelopeTests testSendGroupMessageRequestEncodesExactlyEpochAndCiphertext]' started.
Test Case '-[ChatAppTests.GroupEnvelopeTests testSendGroupMessageRequestEncodesExactlyEpochAndCiphertext]' passed (0.000 seconds).
Test Suite 'GroupEnvelopeTests' passed at 2026-06-05 21:32:09.626.
	 Executed 7 tests, with 0 failures (0 unexpected) in 0.001 (0.001) seconds
Test Suite 'HTTPAttachmentServiceTests' started at 2026-06-05 21:32:09.626.
Test Case '-[ChatAppTests.HTTPAttachmentServiceTests testDownloadGetsAttachmentWithBearerTokenAndReturnsRawBytesOn200]' started.
Test Case '-[ChatAppTests.HTTPAttachmentServiceTests testDownloadGetsAttachmentWithBearerTokenAndReturnsRawBytesOn200]' passed (0.004 seconds).
Test Case '-[ChatAppTests.HTTPAttachmentServiceTests testDownloadReturnsNilFor404AndOtherErrors]' started.
Test Case '-[ChatAppTests.HTTPAttachmentServiceTests testDownloadReturnsNilFor404AndOtherErrors]' passed (0.001 seconds).
Test Case '-[ChatAppTests.HTTPAttachmentServiceTests testUploadPostsOctetStreamBlobWithBearerTokenAndParsesAttachmentId]' started.
Test Case '-[ChatAppTests.HTTPAttachmentServiceTests testUploadPostsOctetStreamBlobWithBearerTokenAndParsesAttachmentId]' passed (0.000 seconds).
Test Case '-[ChatAppTests.HTTPAttachmentServiceTests testUploadReturnsNilForNonSuccessStatusAndMalformedResponse]' started.
Test Case '-[ChatAppTests.HTTPAttachmentServiceTests testUploadReturnsNilForNonSuccessStatusAndMalformedResponse]' passed (0.000 seconds).
Test Suite 'HTTPAttachmentServiceTests' passed at 2026-06-05 21:32:09.632.
	 Executed 4 tests, with 0 failures (0 unexpected) in 0.005 (0.005) seconds
Test Suite 'HTTPAuthClientCaptureTests' started at 2026-06-05 21:32:09.632.
Test Case '-[ChatAppTests.HTTPAuthClientCaptureTests testRequestChallengeMapsUnknownAccount]' started.
Test Case '-[ChatAppTests.HTTPAuthClientCaptureTests testRequestChallengeMapsUnknownAccount]' passed (0.000 seconds).
Test Case '-[ChatAppTests.HTTPAuthClientCaptureTests testRequestChallengeTransmitsExactlyUsernameAndMapsCreated]' started.
Test Case '-[ChatAppTests.HTTPAuthClientCaptureTests testRequestChallengeTransmitsExactlyUsernameAndMapsCreated]' passed (0.000 seconds).
Test Case '-[ChatAppTests.HTTPAuthClientCaptureTests testValidateSessionSendsBearerTokenAndMapsStatus]' started.
Test Case '-[ChatAppTests.HTTPAuthClientCaptureTests testValidateSessionSendsBearerTokenAndMapsStatus]' passed (0.000 seconds).
Test Case '-[ChatAppTests.HTTPAuthClientCaptureTests testVerifyMapsUnauthorizedToRejected]' started.
Test Case '-[ChatAppTests.HTTPAuthClientCaptureTests testVerifyMapsUnauthorizedToRejected]' passed (0.000 seconds).
Test Case '-[ChatAppTests.HTTPAuthClientCaptureTests testVerifyTransmitsExactlyChallengeIdAndSignatureAndMapsSuccess]' started.
Test Case '-[ChatAppTests.HTTPAuthClientCaptureTests testVerifyTransmitsExactlyChallengeIdAndSignatureAndMapsSuccess]' passed (0.000 seconds).
Test Suite 'HTTPAuthClientCaptureTests' passed at 2026-06-05 21:32:09.633.
	 Executed 5 tests, with 0 failures (0 unexpected) in 0.001 (0.001) seconds
Test Suite 'HTTPConversationsServiceTests' started at 2026-06-05 21:32:09.633.
Test Case '-[ChatAppTests.HTTPConversationsServiceTests testConversationsDecodesBackendConversationRecordShape]' started.
Test Case '-[ChatAppTests.HTTPConversationsServiceTests testConversationsDecodesBackendConversationRecordShape]' passed (0.000 seconds).
Test Case '-[ChatAppTests.HTTPConversationsServiceTests testConversationsGetsBearerTokenAndDecodesResponse]' started.
Test Case '-[ChatAppTests.HTTPConversationsServiceTests testConversationsGetsBearerTokenAndDecodesResponse]' passed (0.000 seconds).
Test Case '-[ChatAppTests.HTTPConversationsServiceTests testConversationsGetsBearerTokenAndDecodesSummaries]' started.
Test Case '-[ChatAppTests.HTTPConversationsServiceTests testConversationsGetsBearerTokenAndDecodesSummaries]' passed (0.000 seconds).
Test Case '-[ChatAppTests.HTTPConversationsServiceTests testConversationsMapsNon200ToEmptyArray]' started.
Test Case '-[ChatAppTests.HTTPConversationsServiceTests testConversationsMapsNon200ToEmptyArray]' passed (0.000 seconds).
Test Suite 'HTTPConversationsServiceTests' passed at 2026-06-05 21:32:09.634.
	 Executed 4 tests, with 0 failures (0 unexpected) in 0.001 (0.001) seconds
Test Suite 'HTTPGroupServiceTests' started at 2026-06-05 21:32:09.634.
Test Case '-[ChatAppTests.HTTPGroupServiceTests testAddMemberPostsEpochKeysAndDecodesResponse]' started.
Test Case '-[ChatAppTests.HTTPGroupServiceTests testAddMemberPostsEpochKeysAndDecodesResponse]' passed (0.000 seconds).
Test Case '-[ChatAppTests.HTTPGroupServiceTests testCreateGroupPostsMembersWithBearerTokenAndDecodesResponse]' started.
Test Case '-[ChatAppTests.HTTPGroupServiceTests testCreateGroupPostsMembersWithBearerTokenAndDecodesResponse]' passed (0.000 seconds).
Test Case '-[ChatAppTests.HTTPGroupServiceTests testGetEndpointsDecodeGroupPayloads]' started.
Test Case '-[ChatAppTests.HTTPGroupServiceTests testGetEndpointsDecodeGroupPayloads]' passed (0.001 seconds).
Test Case '-[ChatAppTests.HTTPGroupServiceTests testLiveGroupMessagesSurfacesEpochEventsThroughHookWithoutYieldingRecord]' started.
Test Case '-[ChatAppTests.HTTPGroupServiceTests testLiveGroupMessagesSurfacesEpochEventsThroughHookWithoutYieldingRecord]' passed (0.000 seconds).
Test Case '-[ChatAppTests.HTTPGroupServiceTests testLiveGroupMessagesYieldsSSERecordsAndCompletes]' started.
Test Case '-[ChatAppTests.HTTPGroupServiceTests testLiveGroupMessagesYieldsSSERecordsAndCompletes]' passed (0.000 seconds).
Test Case '-[ChatAppTests.HTTPGroupServiceTests testParseGroupSSEEventDecodesDataLineAndIgnoresOtherLines]' started.
Test Case '-[ChatAppTests.HTTPGroupServiceTests testParseGroupSSEEventDecodesDataLineAndIgnoresOtherLines]' passed (0.000 seconds).
Test Case '-[ChatAppTests.HTTPGroupServiceTests testSendGroupMessagePostsCiphertextOnlyAndMapsStatuses]' started.
Test Case '-[ChatAppTests.HTTPGroupServiceTests testSendGroupMessagePostsCiphertextOnlyAndMapsStatuses]' passed (0.000 seconds).
Test Suite 'HTTPGroupServiceTests' passed at 2026-06-05 21:32:09.637.
	 Executed 7 tests, with 0 failures (0 unexpected) in 0.002 (0.003) seconds
Test Suite 'HTTPMessageServiceTests' started at 2026-06-05 21:32:09.637.
Test Case '-[ChatAppTests.HTTPMessageServiceTests testFetchPrekeyDecodesResponseAndMaps404ToNil]' started.
Test Case '-[ChatAppTests.HTTPMessageServiceTests testFetchPrekeyDecodesResponseAndMaps404ToNil]' passed (0.000 seconds).
Test Case '-[ChatAppTests.HTTPMessageServiceTests testHistoryDecodesBackendObjectResponse]' started.
Test Case '-[ChatAppTests.HTTPMessageServiceTests testHistoryDecodesBackendObjectResponse]' passed (0.000 seconds).
Test Case '-[ChatAppTests.HTTPMessageServiceTests testHistoryDecodesMessageRecords]' started.
Test Case '-[ChatAppTests.HTTPMessageServiceTests testHistoryDecodesMessageRecords]' passed (0.000 seconds).
Test Case '-[ChatAppTests.HTTPMessageServiceTests testInboxGetsSinceCursorWithBearerTokenAndDecodesPage]' started.
Test Case '-[ChatAppTests.HTTPMessageServiceTests testInboxGetsSinceCursorWithBearerTokenAndDecodesPage]' passed (0.000 seconds).
Test Case '-[ChatAppTests.HTTPMessageServiceTests testLiveMessagesYieldsSSERecordsAndCompletes]' started.
Test Case '-[ChatAppTests.HTTPMessageServiceTests testLiveMessagesYieldsSSERecordsAndCompletes]' passed (0.000 seconds).
Test Case '-[ChatAppTests.HTTPMessageServiceTests testParseSSEEventDecodesDataLineAndIgnoresOtherLines]' started.
Test Case '-[ChatAppTests.HTTPMessageServiceTests testParseSSEEventDecodesDataLineAndIgnoresOtherLines]' passed (0.000 seconds).
Test Case '-[ChatAppTests.HTTPMessageServiceTests testPublishPrekeyPutsSignedPrekeyWithBearerToken]' started.
Test Case '-[ChatAppTests.HTTPMessageServiceTests testPublishPrekeyPutsSignedPrekeyWithBearerToken]' passed (0.000 seconds).
Test Case '-[ChatAppTests.HTTPMessageServiceTests testSendMapsRecipientNotFoundAndFailure]' started.
Test Case '-[ChatAppTests.HTTPMessageServiceTests testSendMapsRecipientNotFoundAndFailure]' passed (0.000 seconds).
Test Case '-[ChatAppTests.HTTPMessageServiceTests testSendPostsCiphertextOnlyWithBearerToken]' started.
Test Case '-[ChatAppTests.HTTPMessageServiceTests testSendPostsCiphertextOnlyWithBearerToken]' passed (0.000 seconds).
Test Suite 'HTTPMessageServiceTests' passed at 2026-06-05 21:32:09.639.
	 Executed 9 tests, with 0 failures (0 unexpected) in 0.002 (0.002) seconds
Test Suite 'IdentityKeychainTests' started at 2026-06-05 21:32:09.639.
Test Case '-[ChatAppTests.IdentityKeychainTests testDeletingKeychainItemMakesIdentityUnrecoverable]' started.
Test Case '-[ChatAppTests.IdentityKeychainTests testDeletingKeychainItemMakesIdentityUnrecoverable]' passed (0.022 seconds).
Test Case '-[ChatAppTests.IdentityKeychainTests testIdentityExposesNoRawPrivateBytes]' started.
Test Case '-[ChatAppTests.IdentityKeychainTests testIdentityExposesNoRawPrivateBytes]' passed (0.001 seconds).
Test Case '-[ChatAppTests.IdentityKeychainTests testIdentityRoundTripsThroughKeychainWithStablePublicKey]' started.
Test Case '-[ChatAppTests.IdentityKeychainTests testIdentityRoundTripsThroughKeychainWithStablePublicKey]' passed (0.013 seconds).
Test Case '-[ChatAppTests.IdentityKeychainTests testPrivateKeyIsReachableViaKeychainAPI]' started.
Test Case '-[ChatAppTests.IdentityKeychainTests testPrivateKeyIsReachableViaKeychainAPI]' passed (0.013 seconds).
Test Suite 'IdentityKeychainTests' passed at 2026-06-05 21:32:09.689.
	 Executed 4 tests, with 0 failures (0 unexpected) in 0.050 (0.050) seconds
Test Suite 'LiveAttachmentE2ETests' started at 2026-06-05 21:32:09.689.
Test Case '-[ChatAppTests.LiveAttachmentE2ETests testAlreadySubscribedRecipientReceivesLiveAttachmentsAndWritesByteIdenticalDownloads]' started.
/Users/ngthluu/choscor/test-chat-app/.agentloop/worktrees/task-fix-task8-verify-b3/mac-app/Tests/ChatAppTests/LiveAttachmentE2ETests.swift:128: -[ChatAppTests.LiveAttachmentE2ETests testAlreadySubscribedRecipientReceivesLiveAttachmentsAndWritesByteIdenticalDownloads] : Test skipped - CHATAPP_LIVE_BACKEND_URL is not set
Test Case '-[ChatAppTests.LiveAttachmentE2ETests testAlreadySubscribedRecipientReceivesLiveAttachmentsAndWritesByteIdenticalDownloads]' skipped (0.000 seconds).
Test Case '-[ChatAppTests.LiveAttachmentE2ETests testLiveAttachmentDMAndGroupRoundTripStoresOnlyCiphertext]' started.
/Users/ngthluu/choscor/test-chat-app/.agentloop/worktrees/task-fix-task8-verify-b3/mac-app/Tests/ChatAppTests/LiveAttachmentE2ETests.swift:23: -[ChatAppTests.LiveAttachmentE2ETests testLiveAttachmentDMAndGroupRoundTripStoresOnlyCiphertext] : Test skipped - CHATAPP_LIVE_BACKEND_URL is not set
Test Case '-[ChatAppTests.LiveAttachmentE2ETests testLiveAttachmentDMAndGroupRoundTripStoresOnlyCiphertext]' skipped (0.000 seconds).
Test Suite 'LiveAttachmentE2ETests' passed at 2026-06-05 21:32:09.690.
	 Executed 2 tests, with 2 tests skipped and 0 failures (0 unexpected) in 0.001 (0.001) seconds
Test Suite 'LiveAuthE2ETests' started at 2026-06-05 21:32:09.690.
Test Case '-[ChatAppTests.LiveAuthE2ETests testLivePasswordFreeAuthRoundTripAndRejectsCorruptedSignature]' started.
/Users/ngthluu/choscor/test-chat-app/.agentloop/worktrees/task-fix-task8-verify-b3/mac-app/Tests/ChatAppTests/LiveAuthE2ETests.swift:9: -[ChatAppTests.LiveAuthE2ETests testLivePasswordFreeAuthRoundTripAndRejectsCorruptedSignature] : Test skipped - CHATAPP_LIVE_BACKEND_URL is not set
Test Case '-[ChatAppTests.LiveAuthE2ETests testLivePasswordFreeAuthRoundTripAndRejectsCorruptedSignature]' skipped (0.000 seconds).
Test Suite 'LiveAuthE2ETests' passed at 2026-06-05 21:32:09.690.
	 Executed 1 test, with 1 test skipped and 0 failures (0 unexpected) in 0.000 (0.000) seconds
Test Suite 'LiveConversationsE2ETests' started at 2026-06-05 21:32:09.690.
Test Case '-[ChatAppTests.LiveConversationsE2ETests testLiveConversationListOrderingAndHistory]' started.
/Users/ngthluu/choscor/test-chat-app/.agentloop/worktrees/task-fix-task8-verify-b3/mac-app/Tests/ChatAppTests/LiveConversationsE2ETests.swift:9: -[ChatAppTests.LiveConversationsE2ETests testLiveConversationListOrderingAndHistory] : Test skipped - CHATAPP_LIVE_BACKEND_URL is not set
Test Case '-[ChatAppTests.LiveConversationsE2ETests testLiveConversationListOrderingAndHistory]' skipped (0.000 seconds).
Test Suite 'LiveConversationsE2ETests' passed at 2026-06-05 21:32:09.690.
	 Executed 1 test, with 1 test skipped and 0 failures (0 unexpected) in 0.000 (0.000) seconds
Test Suite 'LiveDME2ETests' started at 2026-06-05 21:32:09.690.
Test Case '-[ChatAppTests.LiveDME2ETests testLiveEncryptedDirectMessageRoundTripStoresOnlyCiphertext]' started.
/Users/ngthluu/choscor/test-chat-app/.agentloop/worktrees/task-fix-task8-verify-b3/mac-app/Tests/ChatAppTests/LiveDME2ETests.swift:9: -[ChatAppTests.LiveDME2ETests testLiveEncryptedDirectMessageRoundTripStoresOnlyCiphertext] : Test skipped - CHATAPP_LIVE_BACKEND_URL is not set
Test Case '-[ChatAppTests.LiveDME2ETests testLiveEncryptedDirectMessageRoundTripStoresOnlyCiphertext]' skipped (0.000 seconds).
Test Suite 'LiveDME2ETests' passed at 2026-06-05 21:32:09.690.
	 Executed 1 test, with 1 test skipped and 0 failures (0 unexpected) in 0.000 (0.000) seconds
Test Suite 'LiveEmojiDME2ETests' started at 2026-06-05 21:32:09.690.
Test Case '-[ChatAppTests.LiveEmojiDME2ETests testLiveEmojiOnlyDirectMessageRoundTripRendersForRecipient]' started.
/Users/ngthluu/choscor/test-chat-app/.agentloop/worktrees/task-fix-task8-verify-b3/mac-app/Tests/ChatAppTests/LiveEmojiDME2ETests.swift:9: -[ChatAppTests.LiveEmojiDME2ETests testLiveEmojiOnlyDirectMessageRoundTripRendersForRecipient] : Test skipped - CHATAPP_LIVE_BACKEND_URL is not set
Test Case '-[ChatAppTests.LiveEmojiDME2ETests testLiveEmojiOnlyDirectMessageRoundTripRendersForRecipient]' skipped (0.000 seconds).
Test Suite 'LiveEmojiDME2ETests' passed at 2026-06-05 21:32:09.691.
	 Executed 1 test, with 1 test skipped and 0 failures (0 unexpected) in 0.000 (0.000) seconds
Test Suite 'LiveGroupE2ETests' started at 2026-06-05 21:32:09.691.
Test Case '-[ChatAppTests.LiveGroupE2ETests testLiveCoordinatorCreatesGroupAndPeerReceivesDecryptedMessage]' started.
/Users/ngthluu/choscor/test-chat-app/.agentloop/worktrees/task-fix-task8-verify-b3/mac-app/Tests/ChatAppTests/LiveGroupE2ETests.swift:18: -[ChatAppTests.LiveGroupE2ETests testLiveCoordinatorCreatesGroupAndPeerReceivesDecryptedMessage] : Test skipped - CHATAPP_LIVE_BACKEND_URL is not set
Test Case '-[ChatAppTests.LiveGroupE2ETests testLiveCoordinatorCreatesGroupAndPeerReceivesDecryptedMessage]' skipped (0.000 seconds).
Test Case '-[ChatAppTests.LiveGroupE2ETests testLiveEncryptedGroupMessageRoundTripAndLateMemberCannotReadPriorMessages]' started.
/Users/ngthluu/choscor/test-chat-app/.agentloop/worktrees/task-fix-task8-verify-b3/mac-app/Tests/ChatAppTests/LiveGroupE2ETests.swift:235: -[ChatAppTests.LiveGroupE2ETests testLiveEncryptedGroupMessageRoundTripAndLateMemberCannotReadPriorMessages] : Test skipped - CHATAPP_LIVE_BACKEND_URL is not set
Test Case '-[ChatAppTests.LiveGroupE2ETests testLiveEncryptedGroupMessageRoundTripAndLateMemberCannotReadPriorMessages]' skipped (0.000 seconds).
Test Case '-[ChatAppTests.LiveGroupE2ETests testLiveGroupAllThreeMembersSendAndReceiveThroughCoordinators]' started.
/Users/ngthluu/choscor/test-chat-app/.agentloop/worktrees/task-fix-task8-verify-b3/mac-app/Tests/ChatAppTests/LiveGroupE2ETests.swift:68: -[ChatAppTests.LiveGroupE2ETests testLiveGroupAllThreeMembersSendAndReceiveThroughCoordinators] : Test skipped - CHATAPP_LIVE_BACKEND_URL is not set
Test Case '-[ChatAppTests.LiveGroupE2ETests testLiveGroupAllThreeMembersSendAndReceiveThroughCoordinators]' skipped (0.000 seconds).
Test Case '-[ChatAppTests.LiveGroupE2ETests testLiveGroupExistingMembersKeepReceivingAfterAddWhileNewMemberExcluded]' started.
/Users/ngthluu/choscor/test-chat-app/.agentloop/worktrees/task-fix-task8-verify-b3/mac-app/Tests/ChatAppTests/LiveGroupE2ETests.swift:135: -[ChatAppTests.LiveGroupE2ETests testLiveGroupExistingMembersKeepReceivingAfterAddWhileNewMemberExcluded] : Test skipped - CHATAPP_LIVE_BACKEND_URL is not set
Test Case '-[ChatAppTests.LiveGroupE2ETests testLiveGroupExistingMembersKeepReceivingAfterAddWhileNewMemberExcluded]' skipped (0.000 seconds).
Test Suite 'LiveGroupE2ETests' passed at 2026-06-05 21:32:09.691.
	 Executed 4 tests, with 4 tests skipped and 0 failures (0 unexpected) in 0.001 (0.001) seconds
Test Suite 'LiveOfflineDeliveryE2ETests' started at 2026-06-05 21:32:09.691.
Test Case '-[ChatAppTests.LiveOfflineDeliveryE2ETests testOfflineRecipientReceivesQueuedMessagesInOrderAndRestartReloadsHistory]' started.
/Users/ngthluu/choscor/test-chat-app/.agentloop/worktrees/task-fix-task8-verify-b3/mac-app/Tests/ChatAppTests/LiveOfflineDeliveryE2ETests.swift:23: -[ChatAppTests.LiveOfflineDeliveryE2ETests testOfflineRecipientReceivesQueuedMessagesInOrderAndRestartReloadsHistory] : Test skipped - CHATAPP_LIVE_BACKEND_URL is not set
Test Case '-[ChatAppTests.LiveOfflineDeliveryE2ETests testOfflineRecipientReceivesQueuedMessagesInOrderAndRestartReloadsHistory]' skipped (0.000 seconds).
Test Suite 'LiveOfflineDeliveryE2ETests' passed at 2026-06-05 21:32:09.692.
	 Executed 1 test, with 1 test skipped and 0 failures (0 unexpected) in 0.000 (0.000) seconds
Test Suite 'LiveRegistrationE2ETests' started at 2026-06-05 21:32:09.692.
Test Case '-[ChatAppTests.LiveRegistrationE2ETests testLiveRegistrationPersistsAccountAndDuplicateShowsTakenError]' started.
/Users/ngthluu/choscor/test-chat-app/.agentloop/worktrees/task-fix-task8-verify-b3/mac-app/Tests/ChatAppTests/LiveRegistrationE2ETests.swift:9: -[ChatAppTests.LiveRegistrationE2ETests testLiveRegistrationPersistsAccountAndDuplicateShowsTakenError] : Test skipped - CHATAPP_LIVE_BACKEND_URL is not set
Test Case '-[ChatAppTests.LiveRegistrationE2ETests testLiveRegistrationPersistsAccountAndDuplicateShowsTakenError]' skipped (0.000 seconds).
Test Suite 'LiveRegistrationE2ETests' passed at 2026-06-05 21:32:09.692.
	 Executed 1 test, with 1 test skipped and 0 failures (0 unexpected) in 0.000 (0.000) seconds
Test Suite 'LocalAccountStoreTests' started at 2026-06-05 21:32:09.692.
Test Case '-[ChatAppTests.LocalAccountStoreTests testAccountFileContainsOnlyPublicAccountMaterial]' started.
Test Case '-[ChatAppTests.LocalAccountStoreTests testAccountFileContainsOnlyPublicAccountMaterial]' passed (0.001 seconds).
Test Case '-[ChatAppTests.LocalAccountStoreTests testClearRemovesPersistedAccount]' started.
Test Case '-[ChatAppTests.LocalAccountStoreTests testClearRemovesPersistedAccount]' passed (0.000 seconds).
Test Case '-[ChatAppTests.LocalAccountStoreTests testFreshStoreInSameDirectoryLoadsPersistedAccount]' started.
Test Case '-[ChatAppTests.LocalAccountStoreTests testFreshStoreInSameDirectoryLoadsPersistedAccount]' passed (0.000 seconds).
Test Case '-[ChatAppTests.LocalAccountStoreTests testSaveRoundTripsCurrentAccountAndHasAccount]' started.
Test Case '-[ChatAppTests.LocalAccountStoreTests testSaveRoundTripsCurrentAccountAndHasAccount]' passed (0.000 seconds).
Test Suite 'LocalAccountStoreTests' passed at 2026-06-05 21:32:09.694.
	 Executed 4 tests, with 0 failures (0 unexpected) in 0.002 (0.002) seconds
Test Suite 'MessageComposerModelTests' started at 2026-06-05 21:32:09.694.
Test Case '-[ChatAppTests.MessageComposerModelTests testCanSendUsesTrimmedDraftRule]' started.
Test Case '-[ChatAppTests.MessageComposerModelTests testCanSendUsesTrimmedDraftRule]' passed (0.000 seconds).
Test Case '-[ChatAppTests.MessageComposerModelTests testFilteredEmojisUsesSearchWhenQueryIsNonEmpty]' started.
Test Case '-[ChatAppTests.MessageComposerModelTests testFilteredEmojisUsesSearchWhenQueryIsNonEmpty]' passed (0.000 seconds).
Test Case '-[ChatAppTests.MessageComposerModelTests testFilteredEmojisUsesSelectedCategoryWhenQueryIsEmpty]' started.
Test Case '-[ChatAppTests.MessageComposerModelTests testFilteredEmojisUsesSelectedCategoryWhenQueryIsEmpty]' passed (0.000 seconds).
Test Case '-[ChatAppTests.MessageComposerModelTests testInsertEmojiAtCaretAdvancesCaretAndDismissesPicker]' started.
Test Case '-[ChatAppTests.MessageComposerModelTests testInsertEmojiAtCaretAdvancesCaretAndDismissesPicker]' passed (0.000 seconds).
Test Case '-[ChatAppTests.MessageComposerModelTests testPickerPresentationMethodsUpdateState]' started.
Test Case '-[ChatAppTests.MessageComposerModelTests testPickerPresentationMethodsUpdateState]' passed (0.000 seconds).
Test Case '-[ChatAppTests.MessageComposerModelTests testResetClearsDraftAndCaret]' started.
Test Case '-[ChatAppTests.MessageComposerModelTests testResetClearsDraftAndCaret]' passed (0.000 seconds).
Test Case '-[ChatAppTests.MessageComposerModelTests testSequentialInsertsPreserveOrder]' started.
Test Case '-[ChatAppTests.MessageComposerModelTests testSequentialInsertsPreserveOrder]' passed (0.000 seconds).
Test Suite 'MessageComposerModelTests' passed at 2026-06-05 21:32:09.695.
	 Executed 7 tests, with 0 failures (0 unexpected) in 0.001 (0.001) seconds
Test Suite 'MessageCryptoTests' started at 2026-06-05 21:32:09.695.
Test Case '-[ChatAppTests.MessageCryptoTests testEncryptDecryptRoundTripsToExactPlaintext]' started.
Test Case '-[ChatAppTests.MessageCryptoTests testEncryptDecryptRoundTripsToExactPlaintext]' passed (0.000 seconds).
Test Case '-[ChatAppTests.MessageCryptoTests testEnvelopeBytesDoNotContainPlaintext]' started.
Test Case '-[ChatAppTests.MessageCryptoTests testEnvelopeBytesDoNotContainPlaintext]' passed (0.000 seconds).
Test Case '-[ChatAppTests.MessageCryptoTests testPrekeySignatureVerifiesAndRejectsTampering]' started.
Test Case '-[ChatAppTests.MessageCryptoTests testPrekeySignatureVerifiesAndRejectsTampering]' passed (0.000 seconds).
Test Case '-[ChatAppTests.MessageCryptoTests testSamePlaintextEncryptsToDifferentEnvelopes]' started.
Test Case '-[ChatAppTests.MessageCryptoTests testSamePlaintextEncryptsToDifferentEnvelopes]' passed (0.000 seconds).
Test Case '-[ChatAppTests.MessageCryptoTests testTamperedEnvelopeThrows]' started.
Test Case '-[ChatAppTests.MessageCryptoTests testTamperedEnvelopeThrows]' passed (0.000 seconds).
Test Case '-[ChatAppTests.MessageCryptoTests testThirdPartyCannotDecrypt]' started.
Test Case '-[ChatAppTests.MessageCryptoTests testThirdPartyCannotDecrypt]' passed (0.000 seconds).
Test Suite 'MessageCryptoTests' passed at 2026-06-05 21:32:09.696.
	 Executed 6 tests, with 0 failures (0 unexpected) in 0.001 (0.001) seconds
Test Suite 'MessageEnvelopeTests' started at 2026-06-05 21:32:09.696.
Test Case '-[ChatAppTests.MessageEnvelopeTests testEncodedPayloadsContainNoPlaintextBodyOrTextFields]' started.
Test Case '-[ChatAppTests.MessageEnvelopeTests testEncodedPayloadsContainNoPlaintextBodyOrTextFields]' passed (0.000 seconds).
Test Case '-[ChatAppTests.MessageEnvelopeTests testMessageRecordDecodesSnakeCaseFields]' started.
Test Case '-[ChatAppTests.MessageEnvelopeTests testMessageRecordDecodesSnakeCaseFields]' passed (0.000 seconds).
Test Case '-[ChatAppTests.MessageEnvelopeTests testPrekeyResponseDecodesSnakeCaseFields]' started.
Test Case '-[ChatAppTests.MessageEnvelopeTests testPrekeyResponseDecodesSnakeCaseFields]' passed (0.000 seconds).
Test Case '-[ChatAppTests.MessageEnvelopeTests testPublishPrekeyRequestEncodesExactSnakeCaseKeys]' started.
Test Case '-[ChatAppTests.MessageEnvelopeTests testPublishPrekeyRequestEncodesExactSnakeCaseKeys]' passed (0.000 seconds).
Test Case '-[ChatAppTests.MessageEnvelopeTests testSendMessageRequestEncodesExactCiphertextKeys]' started.
Test Case '-[ChatAppTests.MessageEnvelopeTests testSendMessageRequestEncodesExactCiphertextKeys]' passed (0.000 seconds).
Test Case '-[ChatAppTests.MessageEnvelopeTests testSendMessageResponseDecodesSnakeCaseFields]' started.
Test Case '-[ChatAppTests.MessageEnvelopeTests testSendMessageResponseDecodesSnakeCaseFields]' passed (0.000 seconds).
Test Suite 'MessageEnvelopeTests' passed at 2026-06-05 21:32:09.697.
	 Executed 6 tests, with 0 failures (0 unexpected) in 0.000 (0.001) seconds
Test Suite 'RegisterPayloadTests' started at 2026-06-05 21:32:09.697.
Test Case '-[ChatAppTests.RegisterPayloadTests testEncodesExactlyUsernameAndIdentityPublicKey]' started.
Test Case '-[ChatAppTests.RegisterPayloadTests testEncodesExactlyUsernameAndIdentityPublicKey]' passed (0.000 seconds).
Test Suite 'RegisterPayloadTests' passed at 2026-06-05 21:32:09.697.
	 Executed 1 test, with 0 failures (0 unexpected) in 0.000 (0.000) seconds
Test Suite 'RegistrationCoordinatorTests' started at 2026-06-05 21:32:09.697.
Test Case '-[ChatAppTests.RegistrationCoordinatorTests testExistingAccountMarksCoordinatorRegisteredAtInit]' started.
Test Case '-[ChatAppTests.RegistrationCoordinatorTests testExistingAccountMarksCoordinatorRegisteredAtInit]' passed (0.000 seconds).
Test Case '-[ChatAppTests.RegistrationCoordinatorTests testSuccessfulRegistrationPersistsAccountAndMarksRegistered]' started.
Test Case '-[ChatAppTests.RegistrationCoordinatorTests testSuccessfulRegistrationPersistsAccountAndMarksRegistered]' passed (0.001 seconds).
Test Case '-[ChatAppTests.RegistrationCoordinatorTests testUsernameTakenShowsClearErrorAndDoesNotPersistAccount]' started.
Test Case '-[ChatAppTests.RegistrationCoordinatorTests testUsernameTakenShowsClearErrorAndDoesNotPersistAccount]' passed (0.000 seconds).
Test Suite 'RegistrationCoordinatorTests' passed at 2026-06-05 21:32:09.699.
	 Executed 3 tests, with 0 failures (0 unexpected) in 0.001 (0.001) seconds
Test Suite 'RegistrationServiceCaptureTests' started at 2026-06-05 21:32:09.699.
Test Case '-[ChatAppTests.RegistrationServiceCaptureTests testHTTPClientMapsBadRequestToInvalid]' started.
Test Case '-[ChatAppTests.RegistrationServiceCaptureTests testHTTPClientMapsBadRequestToInvalid]' passed (0.000 seconds).
Test Case '-[ChatAppTests.RegistrationServiceCaptureTests testHTTPClientMapsConflictToUsernameTaken]' started.
Test Case '-[ChatAppTests.RegistrationServiceCaptureTests testHTTPClientMapsConflictToUsernameTaken]' passed (0.000 seconds).
Test Case '-[ChatAppTests.RegistrationServiceCaptureTests testHTTPClientTransmitsExactlyTwoFieldRegisterPayload]' started.
Test Case '-[ChatAppTests.RegistrationServiceCaptureTests testHTTPClientTransmitsExactlyTwoFieldRegisterPayload]' passed (0.000 seconds).
Test Suite 'RegistrationServiceCaptureTests' passed at 2026-06-05 21:32:09.699.
	 Executed 3 tests, with 0 failures (0 unexpected) in 0.001 (0.001) seconds
Test Suite 'RootViewTests' started at 2026-06-05 21:32:09.699.
Test Case '-[ChatAppTests.RootViewTests testResolvedScreenIsMainWhenAccountExists]' started.
Test Case '-[ChatAppTests.RootViewTests testResolvedScreenIsMainWhenAccountExists]' passed (0.000 seconds).
Test Case '-[ChatAppTests.RootViewTests testResolvedScreenIsRegistrationWhenNoAccountExists]' started.
Test Case '-[ChatAppTests.RootViewTests testResolvedScreenIsRegistrationWhenNoAccountExists]' passed (0.000 seconds).
Test Suite 'RootViewTests' passed at 2026-06-05 21:32:09.700.
	 Executed 2 tests, with 0 failures (0 unexpected) in 0.000 (0.000) seconds
Test Suite 'SessionStoreTests' started at 2026-06-05 21:32:09.700.
Test Case '-[ChatAppTests.SessionStoreTests testClearRemovesTokenForFreshSessionStore]' started.
Test Case '-[ChatAppTests.SessionStoreTests testClearRemovesTokenForFreshSessionStore]' passed (0.011 seconds).
Test Case '-[ChatAppTests.SessionStoreTests testFreshSessionStoreLoadsPersistedTokenFromSameKeychainAccount]' started.
Test Case '-[ChatAppTests.SessionStoreTests testFreshSessionStoreLoadsPersistedTokenFromSameKeychainAccount]' passed (0.011 seconds).
Test Case '-[ChatAppTests.SessionStoreTests testSessionTokenRoundTripsThroughKeychainAndCanBeCleared]' started.
Test Case '-[ChatAppTests.SessionStoreTests testSessionTokenRoundTripsThroughKeychainAndCanBeCleared]' passed (0.014 seconds).
Test Suite 'SessionStoreTests' passed at 2026-06-05 21:32:09.736.
	 Executed 3 tests, with 0 failures (0 unexpected) in 0.036 (0.036) seconds
Test Suite 'SyncCursorStoreTests' started at 2026-06-05 21:32:09.736.
Test Case '-[ChatAppTests.SyncCursorStoreTests testRoundTripsLastInboxSeqPerUserId]' started.
Test Case '-[ChatAppTests.SyncCursorStoreTests testRoundTripsLastInboxSeqPerUserId]' passed (0.001 seconds).
Test Case '-[ChatAppTests.SyncCursorStoreTests testUnknownUserDefaultsToZero]' started.
Test Case '-[ChatAppTests.SyncCursorStoreTests testUnknownUserDefaultsToZero]' passed (0.000 seconds).
Test Suite 'SyncCursorStoreTests' passed at 2026-06-05 21:32:09.737.
	 Executed 2 tests, with 0 failures (0 unexpected) in 0.001 (0.001) seconds
Test Suite 'X25519KeyManagerTests' started at 2026-06-05 21:32:09.737.
Test Case '-[ChatAppTests.X25519KeyManagerTests testLoadReturnsNilBeforeCreate]' started.
Test Case '-[ChatAppTests.X25519KeyManagerTests testLoadReturnsNilBeforeCreate]' passed (0.000 seconds).
Test Case '-[ChatAppTests.X25519KeyManagerTests testX25519KeyRoundTripsThroughDistinctKeychainAccount]' started.
Test Case '-[ChatAppTests.X25519KeyManagerTests testX25519KeyRoundTripsThroughDistinctKeychainAccount]' passed (0.013 seconds).
Test Suite 'X25519KeyManagerTests' passed at 2026-06-05 21:32:09.751.
	 Executed 2 tests, with 0 failures (0 unexpected) in 0.014 (0.014) seconds
Test Suite 'ChatAppPackageTests.xctest' passed at 2026-06-05 21:32:09.751.
	 Executed 185 tests, with 12 tests skipped and 0 failures (0 unexpected) in 3.111 (3.122) seconds
Test Suite 'All tests' passed at 2026-06-05 21:32:09.751.
	 Executed 185 tests, with 12 tests skipped and 0 failures (0 unexpected) in 3.111 (3.123) seconds
􀟈  Test run started.
􀄵  Testing Library Version: 1902
􀄵  Target Platform: arm64e-apple-macos14.0
􁁛  Test run with 0 tests in 0 suites passed after 0.001 seconds.
task-1a verify: running non-fatal launch smoke check
launch_smoke: starting ChatApp
launch_smoke: PASS - ChatApp started at registration entry point (default no-account route)
task-1a verify: launch smoke completed
task-1a verify: PASS
verify: RUN (task-1b)
task-1b verify: building ChatApp
[0/1] Planning build
Building for debugging...
[0/3] Write swift-version--58304C5D6DBC2206.txt
Build complete! (0.12s)
task-1b verify: running identity tests
[0/1] Planning build
Building for debugging...
[0/4] Write swift-version--58304C5D6DBC2206.txt
Build complete! (0.12s)
Test Suite 'All tests' started at 2026-06-05 21:32:14.393.
Test Suite 'ChatAppPackageTests.xctest' started at 2026-06-05 21:32:14.394.
Test Suite 'AppRouterTests' started at 2026-06-05 21:32:14.394.
Test Case '-[ChatAppTests.AppRouterTests testResolveReturnsMainWhenAccountExists]' started.
Test Case '-[ChatAppTests.AppRouterTests testResolveReturnsMainWhenAccountExists]' passed (0.000 seconds).
Test Case '-[ChatAppTests.AppRouterTests testResolveReturnsRegistrationWhenNoAccountExists]' started.
Test Case '-[ChatAppTests.AppRouterTests testResolveReturnsRegistrationWhenNoAccountExists]' passed (0.000 seconds).
Test Suite 'AppRouterTests' passed at 2026-06-05 21:32:14.394.
	 Executed 2 tests, with 0 failures (0 unexpected) in 0.000 (0.001) seconds
Test Suite 'AttachmentDescriptorTests' started at 2026-06-05 21:32:14.394.
Test Case '-[ChatAppTests.AttachmentDescriptorTests testDescriptorRoundTripsAndUsesSnakeCaseKeys]' started.
Test Case '-[ChatAppTests.AttachmentDescriptorTests testDescriptorRoundTripsAndUsesSnakeCaseKeys]' passed (0.000 seconds).
Test Case '-[ChatAppTests.AttachmentDescriptorTests testJSONWithoutAttachmentMarkerIsNotMisdetected]' started.
Test Case '-[ChatAppTests.AttachmentDescriptorTests testJSONWithoutAttachmentMarkerIsNotMisdetected]' passed (0.000 seconds).
Test Case '-[ChatAppTests.AttachmentDescriptorTests testJSONWithWrongMarkerIsNotMisdetected]' started.
Test Case '-[ChatAppTests.AttachmentDescriptorTests testJSONWithWrongMarkerIsNotMisdetected]' passed (0.000 seconds).
Test Case '-[ChatAppTests.AttachmentDescriptorTests testPlainTextIsNotMisdetected]' started.
Test Case '-[ChatAppTests.AttachmentDescriptorTests testPlainTextIsNotMisdetected]' passed (0.000 seconds).
Test Suite 'AttachmentDescriptorTests' passed at 2026-06-05 21:32:14.395.
	 Executed 4 tests, with 0 failures (0 unexpected) in 0.001 (0.001) seconds
Test Suite 'AuthCoordinatorTests' started at 2026-06-05 21:32:14.395.
Test Case '-[ChatAppTests.AuthCoordinatorTests testExistingSessionTokenMarksAuthenticatedAtInit]' started.
Test Case '-[ChatAppTests.AuthCoordinatorTests testExistingSessionTokenMarksAuthenticatedAtInit]' passed (0.019 seconds).
Test Case '-[ChatAppTests.AuthCoordinatorTests testRejectedProofLeavesUnauthenticatedShowsStatusAndStoresNoToken]' started.
Test Case '-[ChatAppTests.AuthCoordinatorTests testRejectedProofLeavesUnauthenticatedShowsStatusAndStoresNoToken]' passed (0.002 seconds).
Test Case '-[ChatAppTests.AuthCoordinatorTests testSignOutClearsSessionTokenAndMarksUnauthenticated]' started.
Test Case '-[ChatAppTests.AuthCoordinatorTests testSignOutClearsSessionTokenAndMarksUnauthenticated]' passed (0.013 seconds).
Test Case '-[ChatAppTests.AuthCoordinatorTests testSuccessfulSignInSignsChallengePersistsTokenAndMarksAuthenticated]' started.
Test Case '-[ChatAppTests.AuthCoordinatorTests testSuccessfulSignInSignsChallengePersistsTokenAndMarksAuthenticated]' passed (0.012 seconds).
Test Suite 'AuthCoordinatorTests' passed at 2026-06-05 21:32:14.441.
	 Executed 4 tests, with 0 failures (0 unexpected) in 0.046 (0.046) seconds
Test Suite 'AuthPayloadsTests' started at 2026-06-05 21:32:14.441.
Test Case '-[ChatAppTests.AuthPayloadsTests testChallengeRequestEncodesExactlyUsername]' started.
Test Case '-[ChatAppTests.AuthPayloadsTests testChallengeRequestEncodesExactlyUsername]' passed (0.000 seconds).
Test Case '-[ChatAppTests.AuthPayloadsTests testResponsesDecodeSnakeCaseFields]' started.
Test Case '-[ChatAppTests.AuthPayloadsTests testResponsesDecodeSnakeCaseFields]' passed (0.000 seconds).
Test Case '-[ChatAppTests.AuthPayloadsTests testVerifyRequestEncodesExactlyChallengeIdAndSignature]' started.
Test Case '-[ChatAppTests.AuthPayloadsTests testVerifyRequestEncodesExactlyChallengeIdAndSignature]' passed (0.000 seconds).
Test Suite 'AuthPayloadsTests' passed at 2026-06-05 21:32:14.442.
	 Executed 3 tests, with 0 failures (0 unexpected) in 0.001 (0.001) seconds
Test Suite 'ChatAppTests' started at 2026-06-05 21:32:14.442.
Test Case '-[ChatAppTests.ChatAppTests testPackageTestTargetBuilds]' started.
Test Case '-[ChatAppTests.ChatAppTests testPackageTestTargetBuilds]' passed (0.000 seconds).
Test Suite 'ChatAppTests' passed at 2026-06-05 21:32:14.442.
	 Executed 1 test, with 0 failures (0 unexpected) in 0.000 (0.000) seconds
Test Suite 'ComposerWiringTests' started at 2026-06-05 21:32:14.442.
Test Case '-[ChatAppTests.ComposerWiringTests testComposerDraftIsSentThenReset]' started.
Test Case '-[ChatAppTests.ComposerWiringTests testComposerDraftIsSentThenReset]' passed (0.000 seconds).
Test Case '-[ChatAppTests.ComposerWiringTests testEmojiPickerViewCanBeConstructedWithShippedModel]' started.
Test Case '-[ChatAppTests.ComposerWiringTests testEmojiPickerViewCanBeConstructedWithShippedModel]' passed (0.000 seconds).
Test Suite 'ComposerWiringTests' passed at 2026-06-05 21:32:14.442.
	 Executed 2 tests, with 0 failures (0 unexpected) in 0.000 (0.000) seconds
Test Suite 'ConversationListModelTests' started at 2026-06-05 21:32:14.442.
Test Case '-[ChatAppTests.ConversationListModelTests testConversationListContainsAndEmptyUpsertRoundTrip]' started.
Test Case '-[ChatAppTests.ConversationListModelTests testConversationListContainsAndEmptyUpsertRoundTrip]' passed (0.000 seconds).
Test Case '-[ChatAppTests.ConversationListModelTests testPeerIdReturnsOtherPartyForInboundAndOutboundRecords]' started.
Test Case '-[ChatAppTests.ConversationListModelTests testPeerIdReturnsOtherPartyForInboundAndOutboundRecords]' passed (0.000 seconds).
Test Case '-[ChatAppTests.ConversationListModelTests testSortedOrdersMostRecentFirstAndTiesByUsername]' started.
Test Case '-[ChatAppTests.ConversationListModelTests testSortedOrdersMostRecentFirstAndTiesByUsername]' passed (0.000 seconds).
Test Case '-[ChatAppTests.ConversationListModelTests testUpsertInsertsBumpsToNewerActivityAndNeverRegresses]' started.
Test Case '-[ChatAppTests.ConversationListModelTests testUpsertInsertsBumpsToNewerActivityAndNeverRegresses]' passed (0.000 seconds).
Test Suite 'ConversationListModelTests' passed at 2026-06-05 21:32:14.443.
	 Executed 4 tests, with 0 failures (0 unexpected) in 0.000 (0.000) seconds
Test Suite 'ConversationListStoreTests' started at 2026-06-05 21:32:14.443.
Test Case '-[ChatAppTests.ConversationListStoreTests testHandleLiveRecordForKnownPeerBumpsAndDoesNotFetchAgain]' started.
Test Case '-[ChatAppTests.ConversationListStoreTests testHandleLiveRecordForKnownPeerBumpsAndDoesNotFetchAgain]' passed (0.012 seconds).
Test Case '-[ChatAppTests.ConversationListStoreTests testHandleLiveRecordForUnknownPeerRefreshesOnce]' started.
Test Case '-[ChatAppTests.ConversationListStoreTests testHandleLiveRecordForUnknownPeerRefreshesOnce]' passed (0.013 seconds).
Test Case '-[ChatAppTests.ConversationListStoreTests testHandleLiveRecordUpdatesLastActivityAtOnKnownPeer]' started.
Test Case '-[ChatAppTests.ConversationListStoreTests testHandleLiveRecordUpdatesLastActivityAtOnKnownPeer]' passed (0.012 seconds).
Test Case '-[ChatAppTests.ConversationListStoreTests testRefreshIncludesInboundOnlyPeerReturnedByBackend]' started.
Test Case '-[ChatAppTests.ConversationListStoreTests testRefreshIncludesInboundOnlyPeerReturnedByBackend]' passed (0.013 seconds).
Test Case '-[ChatAppTests.ConversationListStoreTests testRefreshMapsRecordsAndSortsMostRecentFirst]' started.
Test Case '-[ChatAppTests.ConversationListStoreTests testRefreshMapsRecordsAndSortsMostRecentFirst]' passed (0.012 seconds).
Test Case '-[ChatAppTests.ConversationListStoreTests testSelectedPeerUsernameRoundTrips]' started.
Test Case '-[ChatAppTests.ConversationListStoreTests testSelectedPeerUsernameRoundTrips]' passed (0.011 seconds).
Test Case '-[ChatAppTests.ConversationListStoreTests testSubscribeConsumesInjectedLiveStream]' started.
Test Case '-[ChatAppTests.ConversationListStoreTests testSubscribeConsumesInjectedLiveStream]' passed (0.072 seconds).
Test Suite 'ConversationListStoreTests' passed at 2026-06-05 21:32:14.588.
	 Executed 7 tests, with 0 failures (0 unexpected) in 0.145 (0.145) seconds
Test Suite 'ConversationsViewWiringTests' started at 2026-06-05 21:32:14.588.
Test Case '-[ChatAppTests.ConversationsViewWiringTests testLiveRecordBumpsSidebarList]' started.
Test Case '-[ChatAppTests.ConversationsViewWiringTests testLiveRecordBumpsSidebarList]' passed (0.014 seconds).
Test Case '-[ChatAppTests.ConversationsViewWiringTests testSelectingConversationLoadsFullDecryptedHistory]' started.
Test Case '-[ChatAppTests.ConversationsViewWiringTests testSelectingConversationLoadsFullDecryptedHistory]' passed (0.032 seconds).
Test Case '-[ChatAppTests.ConversationsViewWiringTests testSidebarOrdersConversationsMostRecentFirst]' started.
Test Case '-[ChatAppTests.ConversationsViewWiringTests testSidebarOrdersConversationsMostRecentFirst]' passed (0.013 seconds).
Test Case '-[ChatAppTests.ConversationsViewWiringTests testTaskPublishesOwnPrekey]' started.
Test Case '-[ChatAppTests.ConversationsViewWiringTests testTaskPublishesOwnPrekey]' passed (0.027 seconds).
Test Suite 'ConversationsViewWiringTests' passed at 2026-06-05 21:32:14.674.
	 Executed 4 tests, with 0 failures (0 unexpected) in 0.086 (0.087) seconds
Test Suite 'CryptoIdentitySigningTests' started at 2026-06-05 21:32:14.674.
Test Case '-[ChatAppTests.CryptoIdentitySigningTests testSignProducesVerifiableSignatureAndRejectsTamperedMessage]' started.
Test Case '-[ChatAppTests.CryptoIdentitySigningTests testSignProducesVerifiableSignatureAndRejectsTamperedMessage]' passed (0.001 seconds).
Test Suite 'CryptoIdentitySigningTests' passed at 2026-06-05 21:32:14.675.
	 Executed 1 test, with 0 failures (0 unexpected) in 0.001 (0.001) seconds
Test Suite 'DMCoordinatorTests' started at 2026-06-05 21:32:14.675.
Test Case '-[ChatAppTests.DMCoordinatorTests testCancelLiveSubscriptionCancelsWithoutRemovingMessages]' started.
Test Case '-[ChatAppTests.DMCoordinatorTests testCancelLiveSubscriptionCancelsWithoutRemovingMessages]' passed (0.059 seconds).
Test Case '-[ChatAppTests.DMCoordinatorTests testLoadHistoryDecryptsInboundRecordIntoDisplayMessages]' started.
Test Case '-[ChatAppTests.DMCoordinatorTests testLoadHistoryDecryptsInboundRecordIntoDisplayMessages]' passed (0.051 seconds).
Test Case '-[ChatAppTests.DMCoordinatorTests testLoadHistoryDetectsAttachmentDescriptorAndDownloadReturnsOriginalBytes]' started.
Test Case '-[ChatAppTests.DMCoordinatorTests testLoadHistoryDetectsAttachmentDescriptorAndDownloadReturnsOriginalBytes]' passed (0.068 seconds).
Test Case '-[ChatAppTests.DMCoordinatorTests testSendAttachmentUploadsEncryptedBlobAndSendsEncryptedDescriptor]' started.
Test Case '-[ChatAppTests.DMCoordinatorTests testSendAttachmentUploadsEncryptedBlobAndSendsEncryptedDescriptor]' passed (0.064 seconds).
Test Case '-[ChatAppTests.DMCoordinatorTests testSendEncryptsCiphertextAndRecipientCanDecryptIt]' started.
Test Case '-[ChatAppTests.DMCoordinatorTests testSendEncryptsCiphertextAndRecipientCanDecryptIt]' passed (0.054 seconds).
Test Case '-[ChatAppTests.DMCoordinatorTests testStartConversationRejectsPeerWithInvalidPrekeySignature]' started.
Test Case '-[ChatAppTests.DMCoordinatorTests testStartConversationRejectsPeerWithInvalidPrekeySignature]' passed (0.061 seconds).
Test Case '-[ChatAppTests.DMCoordinatorTests testStartConversationShowsUserNotFoundForMissingPeer]' started.
Test Case '-[ChatAppTests.DMCoordinatorTests testStartConversationShowsUserNotFoundForMissingPeer]' passed (0.060 seconds).
Test Case '-[ChatAppTests.DMCoordinatorTests testSubscribeLiveCatchesUpOfflineHistoryInServerOrderAndDedupesSSE]' started.
Test Case '-[ChatAppTests.DMCoordinatorTests testSubscribeLiveCatchesUpOfflineHistoryInServerOrderAndDedupesSSE]' passed (0.067 seconds).
Test Case '-[ChatAppTests.DMCoordinatorTests testSubscribeLiveDecryptsInboundRecordAndDedupesExistingMessages]' started.
Test Case '-[ChatAppTests.DMCoordinatorTests testSubscribeLiveDecryptsInboundRecordAndDedupesExistingMessages]' passed (0.113 seconds).
Test Case '-[ChatAppTests.DMCoordinatorTests testSubscribeLiveDeliversAttachmentDisplayDedupesAndDownloadsOriginalBytes]' started.
Test Case '-[ChatAppTests.DMCoordinatorTests testSubscribeLiveDeliversAttachmentDisplayDedupesAndDownloadsOriginalBytes]' passed (0.236 seconds).
Test Suite 'DMCoordinatorTests' passed at 2026-06-05 21:32:15.508.
	 Executed 10 tests, with 0 failures (0 unexpected) in 0.831 (0.833) seconds
Test Suite 'DraftEditorTests' started at 2026-06-05 21:32:15.508.
Test Case '-[ChatAppTests.DraftEditorTests testCaretAboveLengthClampsToEnd]' started.
Test Case '-[ChatAppTests.DraftEditorTests testCaretAboveLengthClampsToEnd]' passed (0.000 seconds).
Test Case '-[ChatAppTests.DraftEditorTests testCaretBelowZeroClampsToStart]' started.
Test Case '-[ChatAppTests.DraftEditorTests testCaretBelowZeroClampsToStart]' passed (0.000 seconds).
Test Case '-[ChatAppTests.DraftEditorTests testInsertAtEndOfASCIIDraft]' started.
Test Case '-[ChatAppTests.DraftEditorTests testInsertAtEndOfASCIIDraft]' passed (0.000 seconds).
Test Case '-[ChatAppTests.DraftEditorTests testInsertAtMiddleOfASCIIDraft]' started.
Test Case '-[ChatAppTests.DraftEditorTests testInsertAtMiddleOfASCIIDraft]' passed (0.000 seconds).
Test Case '-[ChatAppTests.DraftEditorTests testInsertAtStartOfASCIIDraft]' started.
Test Case '-[ChatAppTests.DraftEditorTests testInsertAtStartOfASCIIDraft]' passed (0.000 seconds).
Test Case '-[ChatAppTests.DraftEditorTests testInsertIntoEmptyDraftYieldsEmojiAndCaretAfterIt]' started.
Test Case '-[ChatAppTests.DraftEditorTests testInsertIntoEmptyDraftYieldsEmojiAndCaretAfterIt]' passed (0.000 seconds).
Test Case '-[ChatAppTests.DraftEditorTests testInsertionInsideExistingEmojiSnapsDownAndDoesNotSplitIt]' started.
Test Case '-[ChatAppTests.DraftEditorTests testInsertionInsideExistingEmojiSnapsDownAndDoesNotSplitIt]' passed (0.000 seconds).
Test Case '-[ChatAppTests.DraftEditorTests testMultiScalarEmojiAreInsertedAsIntactGraphemes]' started.
Test Case '-[ChatAppTests.DraftEditorTests testMultiScalarEmojiAreInsertedAsIntactGraphemes]' passed (0.000 seconds).
Test Suite 'DraftEditorTests' passed at 2026-06-05 21:32:15.509.
	 Executed 8 tests, with 0 failures (0 unexpected) in 0.001 (0.001) seconds
Test Suite 'EmojiCatalogTests' started at 2026-06-05 21:32:15.509.
Test Case '-[ChatAppTests.EmojiCatalogTests testCatalogIncludesMultiScalarExamples]' started.
Test Case '-[ChatAppTests.EmojiCatalogTests testCatalogIncludesMultiScalarExamples]' passed (0.000 seconds).
Test Case '-[ChatAppTests.EmojiCatalogTests testCatalogIsNonEmptyAndEveryCategoryHasEntries]' started.
Test Case '-[ChatAppTests.EmojiCatalogTests testCatalogIsNonEmptyAndEveryCategoryHasEntries]' passed (0.000 seconds).
Test Case '-[ChatAppTests.EmojiCatalogTests testEmojiCharactersAreUnique]' started.
Test Case '-[ChatAppTests.EmojiCatalogTests testEmojiCharactersAreUnique]' passed (0.000 seconds).
Test Case '-[ChatAppTests.EmojiCatalogTests testEmptySearchReturnsAllEmojis]' started.
Test Case '-[ChatAppTests.EmojiCatalogTests testEmptySearchReturnsAllEmojis]' passed (0.000 seconds).
Test Case '-[ChatAppTests.EmojiCatalogTests testEveryEmojiHasMetadataAndIsFiledInItsCategory]' started.
Test Case '-[ChatAppTests.EmojiCatalogTests testEveryEmojiHasMetadataAndIsFiledInItsCategory]' passed (0.000 seconds).
Test Case '-[ChatAppTests.EmojiCatalogTests testNonsenseSearchReturnsNoEmojis]' started.
Test Case '-[ChatAppTests.EmojiCatalogTests testNonsenseSearchReturnsNoEmojis]' passed (0.000 seconds).
Test Case '-[ChatAppTests.EmojiCatalogTests testSearchIsCaseInsensitive]' started.
Test Case '-[ChatAppTests.EmojiCatalogTests testSearchIsCaseInsensitive]' passed (0.000 seconds).
Test Case '-[ChatAppTests.EmojiCatalogTests testSearchMatchesHeartByNameOrKeyword]' started.
Test Case '-[ChatAppTests.EmojiCatalogTests testSearchMatchesHeartByNameOrKeyword]' passed (0.000 seconds).
Test Case '-[ChatAppTests.EmojiCatalogTests testSearchMatchesKeywordThatIsNotPartOfName]' started.
Test Case '-[ChatAppTests.EmojiCatalogTests testSearchMatchesKeywordThatIsNotPartOfName]' passed (0.000 seconds).
Test Suite 'EmojiCatalogTests' passed at 2026-06-05 21:32:15.511.
	 Executed 9 tests, with 0 failures (0 unexpected) in 0.002 (0.002) seconds
Test Suite 'FileCryptoTests' started at 2026-06-05 21:32:15.511.
Test Case '-[ChatAppTests.FileCryptoTests testEncryptDecryptRoundTripReturnsExactBytesForBinaryPayload]' started.
Test Case '-[ChatAppTests.FileCryptoTests testEncryptDecryptRoundTripReturnsExactBytesForBinaryPayload]' passed (0.000 seconds).
Test Case '-[ChatAppTests.FileCryptoTests testEncryptDecryptRoundTripReturnsExactBytesForSmallPayload]' started.
Test Case '-[ChatAppTests.FileCryptoTests testEncryptDecryptRoundTripReturnsExactBytesForSmallPayload]' passed (0.000 seconds).
Test Case '-[ChatAppTests.FileCryptoTests testEncryptedBlobDoesNotContainPlaintextBytes]' started.
Test Case '-[ChatAppTests.FileCryptoTests testEncryptedBlobDoesNotContainPlaintextBytes]' passed (0.000 seconds).
Test Case '-[ChatAppTests.FileCryptoTests testNearTenMegabyteFileRoundTrips]' started.
Test Case '-[ChatAppTests.FileCryptoTests testNearTenMegabyteFileRoundTrips]' passed (0.024 seconds).
Test Case '-[ChatAppTests.FileCryptoTests testTamperedBlobThrows]' started.
Test Case '-[ChatAppTests.FileCryptoTests testTamperedBlobThrows]' passed (0.000 seconds).
Test Case '-[ChatAppTests.FileCryptoTests testWrongKeyFailsToDecrypt]' started.
Test Case '-[ChatAppTests.FileCryptoTests testWrongKeyFailsToDecrypt]' passed (0.000 seconds).
Test Suite 'FileCryptoTests' passed at 2026-06-05 21:32:15.536.
	 Executed 6 tests, with 0 failures (0 unexpected) in 0.025 (0.025) seconds
Test Suite 'GroupCoordinatorTests' started at 2026-06-05 21:32:15.536.
Test Case '-[ChatAppTests.GroupCoordinatorTests testAddMemberRekeyPreservesExistingLiveDeliveryAndBlocksPriorEpochForNewMember]' started.
Test Case '-[ChatAppTests.GroupCoordinatorTests testAddMemberRekeyPreservesExistingLiveDeliveryAndBlocksPriorEpochForNewMember]' passed (0.542 seconds).
Test Case '-[ChatAppTests.GroupCoordinatorTests testCreateGroupRejectsMemberWithInvalidPrekeySignature]' started.
Test Case '-[ChatAppTests.GroupCoordinatorTests testCreateGroupRejectsMemberWithInvalidPrekeySignature]' passed (0.040 seconds).
Test Case '-[ChatAppTests.GroupCoordinatorTests testCreateGroupSubscribesLiveSoCreatorReceivesInboundMessages]' started.
Test Case '-[ChatAppTests.GroupCoordinatorTests testCreateGroupSubscribesLiveSoCreatorReceivesInboundMessages]' passed (0.162 seconds).
Test Case '-[ChatAppTests.GroupCoordinatorTests testCreateGroupWrapsEpochZeroKeyToEveryMember]' started.
Test Case '-[ChatAppTests.GroupCoordinatorTests testCreateGroupWrapsEpochZeroKeyToEveryMember]' passed (0.073 seconds).
Test Case '-[ChatAppTests.GroupCoordinatorTests testEpochEventRefreshesKeysGroupDetailAndGroupListBeforeNextMessage]' started.
Test Case '-[ChatAppTests.GroupCoordinatorTests testEpochEventRefreshesKeysGroupDetailAndGroupListBeforeNextMessage]' passed (0.200 seconds).
Test Case '-[ChatAppTests.GroupCoordinatorTests testExistingMemberReceivesLiveAttachmentAfterRekeyAndLateJoinerCannotDecryptPriorEpochAttachment]' started.
Test Case '-[ChatAppTests.GroupCoordinatorTests testExistingMemberReceivesLiveAttachmentAfterRekeyAndLateJoinerCannotDecryptPriorEpochAttachment]' passed (0.399 seconds).
Test Case '-[ChatAppTests.GroupCoordinatorTests testExistingMemberReceivesLiveMessageAfterRekeyViaKeyRefetch]' started.
Test Case '-[ChatAppTests.GroupCoordinatorTests testExistingMemberReceivesLiveMessageAfterRekeyViaKeyRefetch]' passed (0.093 seconds).
Test Case '-[ChatAppTests.GroupCoordinatorTests testLateAddedMemberCannotDecryptPriorEpochMessage]' started.
Test Case '-[ChatAppTests.GroupCoordinatorTests testLateAddedMemberCannotDecryptPriorEpochMessage]' passed (0.045 seconds).
Test Case '-[ChatAppTests.GroupCoordinatorTests testOpenGroupDecryptsHistoryAndSkipsUndecryptable]' started.
Test Case '-[ChatAppTests.GroupCoordinatorTests testOpenGroupDecryptsHistoryAndSkipsUndecryptable]' passed (0.040 seconds).
Test Case '-[ChatAppTests.GroupCoordinatorTests testOpenGroupDetectsAttachmentDescriptorAndDownloadReturnsOriginalBytes]' started.
Test Case '-[ChatAppTests.GroupCoordinatorTests testOpenGroupDetectsAttachmentDescriptorAndDownloadReturnsOriginalBytes]' passed (0.038 seconds).
Test Case '-[ChatAppTests.GroupCoordinatorTests testOpenGroupKeepsServerHistoryOrderAndDecryptsEveryMessage]' started.
Test Case '-[ChatAppTests.GroupCoordinatorTests testOpenGroupKeepsServerHistoryOrderAndDecryptsEveryMessage]' passed (0.037 seconds).
Test Case '-[ChatAppTests.GroupCoordinatorTests testReconnectCatchesUpOfflineGroupMessagesInOrderAndDedupsLiveDuplicates]' started.
Test Case '-[ChatAppTests.GroupCoordinatorTests testReconnectCatchesUpOfflineGroupMessagesInOrderAndDedupsLiveDuplicates]' passed (0.094 seconds).
Test Case '-[ChatAppTests.GroupCoordinatorTests testRefreshGroupsPublishesAllListedGroupsOnLaunch]' started.
Test Case '-[ChatAppTests.GroupCoordinatorTests testRefreshGroupsPublishesAllListedGroupsOnLaunch]' passed (0.035 seconds).
Test Case '-[ChatAppTests.GroupCoordinatorTests testSendAfterRekeyEncryptsUnderLatestEpoch]' started.
Test Case '-[ChatAppTests.GroupCoordinatorTests testSendAfterRekeyEncryptsUnderLatestEpoch]' passed (0.041 seconds).
Test Case '-[ChatAppTests.GroupCoordinatorTests testSendAttachmentUploadsEncryptedBlobAndSendsGroupEncryptedDescriptor]' started.
Test Case '-[ChatAppTests.GroupCoordinatorTests testSendAttachmentUploadsEncryptedBlobAndSendsGroupEncryptedDescriptor]' passed (0.045 seconds).
Test Case '-[ChatAppTests.GroupCoordinatorTests testSendEncryptsUnderCurrentEpochKey]' started.
Test Case '-[ChatAppTests.GroupCoordinatorTests testSendEncryptsUnderCurrentEpochKey]' passed (0.033 seconds).
Test Case '-[ChatAppTests.GroupCoordinatorTests testSenderAttributionResolvesUsernameAndYouForLocalAccount]' started.
Test Case '-[ChatAppTests.GroupCoordinatorTests testSenderAttributionResolvesUsernameAndYouForLocalAccount]' passed (0.027 seconds).
Test Case '-[ChatAppTests.GroupCoordinatorTests testSubscribeLiveDecryptsInboundGroupRecord]' started.
Test Case '-[ChatAppTests.GroupCoordinatorTests testSubscribeLiveDecryptsInboundGroupRecord]' passed (0.082 seconds).
Test Case '-[ChatAppTests.GroupCoordinatorTests testSubscribeLiveRendersInboundAttachmentAndDownloadsOriginalBytes]' started.
Test Case '-[ChatAppTests.GroupCoordinatorTests testSubscribeLiveRendersInboundAttachmentAndDownloadsOriginalBytes]' passed (0.136 seconds).
Test Case '-[ChatAppTests.GroupCoordinatorTests testThreeMemberCoordinatorsAllSendAndDecryptLiveMessages]' started.
Test Case '-[ChatAppTests.GroupCoordinatorTests testThreeMemberCoordinatorsAllSendAndDecryptLiveMessages]' passed (0.310 seconds).
Test Suite 'GroupCoordinatorTests' passed at 2026-06-05 21:32:18.011.
	 Executed 20 tests, with 0 failures (0 unexpected) in 2.473 (2.475) seconds
Test Suite 'GroupCryptoTests' started at 2026-06-05 21:32:18.011.
Test Case '-[ChatAppTests.GroupCryptoTests testEncryptDecryptGroupMessageRoundTripsToExactPlaintext]' started.
Test Case '-[ChatAppTests.GroupCryptoTests testEncryptDecryptGroupMessageRoundTripsToExactPlaintext]' passed (0.000 seconds).
Test Case '-[ChatAppTests.GroupCryptoTests testInvalidGroupEnvelopeErrorsAreStable]' started.
Test Case '-[ChatAppTests.GroupCryptoTests testInvalidGroupEnvelopeErrorsAreStable]' passed (0.000 seconds).
Test Case '-[ChatAppTests.GroupCryptoTests testMessageEnvelopeDoesNotContainPlaintextBytes]' started.
Test Case '-[ChatAppTests.GroupCryptoTests testMessageEnvelopeDoesNotContainPlaintextBytes]' passed (0.000 seconds).
Test Case '-[ChatAppTests.GroupCryptoTests testMessageEpochRecoversEmbeddedBigEndianEpoch]' started.
Test Case '-[ChatAppTests.GroupCryptoTests testMessageEpochRecoversEmbeddedBigEndianEpoch]' passed (0.000 seconds).
Test Case '-[ChatAppTests.GroupCryptoTests testNewGroupKeyIsThirtyTwoBytes]' started.
Test Case '-[ChatAppTests.GroupCryptoTests testNewGroupKeyIsThirtyTwoBytes]' passed (0.000 seconds).
Test Case '-[ChatAppTests.GroupCryptoTests testSamePlaintextEncryptedTwiceProducesDifferentEnvelopes]' started.
Test Case '-[ChatAppTests.GroupCryptoTests testSamePlaintextEncryptedTwiceProducesDifferentEnvelopes]' passed (0.000 seconds).
Test Case '-[ChatAppTests.GroupCryptoTests testThirdPartyCannotUnwrapGroupKey]' started.
Test Case '-[ChatAppTests.GroupCryptoTests testThirdPartyCannotUnwrapGroupKey]' passed (0.000 seconds).
Test Case '-[ChatAppTests.GroupCryptoTests testWrapAndUnwrapGroupKeyRoundTripsToExactBytes]' started.
Test Case '-[ChatAppTests.GroupCryptoTests testWrapAndUnwrapGroupKeyRoundTripsToExactBytes]' passed (0.000 seconds).
Test Case '-[ChatAppTests.GroupCryptoTests testWrongGroupKeyFailsToDecryptGroupMessage]' started.
Test Case '-[ChatAppTests.GroupCryptoTests testWrongGroupKeyFailsToDecryptGroupMessage]' passed (0.000 seconds).
Test Suite 'GroupCryptoTests' passed at 2026-06-05 21:32:18.013.
	 Executed 9 tests, with 0 failures (0 unexpected) in 0.001 (0.001) seconds
Test Suite 'GroupEnvelopeTests' started at 2026-06-05 21:32:18.013.
Test Case '-[ChatAppTests.GroupEnvelopeTests testAddMemberRequestAndResponseUseSnakeCaseKeys]' started.
Test Case '-[ChatAppTests.GroupEnvelopeTests testAddMemberRequestAndResponseUseSnakeCaseKeys]' passed (0.000 seconds).
Test Case '-[ChatAppTests.GroupEnvelopeTests testCreateGroupRequestEncodesSnakeCaseKeys]' started.
Test Case '-[ChatAppTests.GroupEnvelopeTests testCreateGroupRequestEncodesSnakeCaseKeys]' passed (0.000 seconds).
Test Case '-[ChatAppTests.GroupEnvelopeTests testCreateGroupResponseDecodesSnakeCaseFields]' started.
Test Case '-[ChatAppTests.GroupEnvelopeTests testCreateGroupResponseDecodesSnakeCaseFields]' passed (0.000 seconds).
Test Case '-[ChatAppTests.GroupEnvelopeTests testEncodedPayloadsContainNoPlaintextBodyOrTextKeys]' started.
Test Case '-[ChatAppTests.GroupEnvelopeTests testEncodedPayloadsContainNoPlaintextBodyOrTextKeys]' passed (0.000 seconds).
Test Case '-[ChatAppTests.GroupEnvelopeTests testGroupSummaryAndDetailDecodeSnakeCaseFields]' started.
Test Case '-[ChatAppTests.GroupEnvelopeTests testGroupSummaryAndDetailDecodeSnakeCaseFields]' passed (0.000 seconds).
Test Case '-[ChatAppTests.GroupEnvelopeTests testKeyRecordAndMessageResponsesDecodeSnakeCaseFields]' started.
Test Case '-[ChatAppTests.GroupEnvelopeTests testKeyRecordAndMessageResponsesDecodeSnakeCaseFields]' passed (0.000 seconds).
Test Case '-[ChatAppTests.GroupEnvelopeTests testSendGroupMessageRequestEncodesExactlyEpochAndCiphertext]' started.
Test Case '-[ChatAppTests.GroupEnvelopeTests testSendGroupMessageRequestEncodesExactlyEpochAndCiphertext]' passed (0.000 seconds).
Test Suite 'GroupEnvelopeTests' passed at 2026-06-05 21:32:18.014.
	 Executed 7 tests, with 0 failures (0 unexpected) in 0.001 (0.001) seconds
Test Suite 'HTTPAttachmentServiceTests' started at 2026-06-05 21:32:18.014.
Test Case '-[ChatAppTests.HTTPAttachmentServiceTests testDownloadGetsAttachmentWithBearerTokenAndReturnsRawBytesOn200]' started.
Test Case '-[ChatAppTests.HTTPAttachmentServiceTests testDownloadGetsAttachmentWithBearerTokenAndReturnsRawBytesOn200]' passed (0.004 seconds).
Test Case '-[ChatAppTests.HTTPAttachmentServiceTests testDownloadReturnsNilFor404AndOtherErrors]' started.
Test Case '-[ChatAppTests.HTTPAttachmentServiceTests testDownloadReturnsNilFor404AndOtherErrors]' passed (0.001 seconds).
Test Case '-[ChatAppTests.HTTPAttachmentServiceTests testUploadPostsOctetStreamBlobWithBearerTokenAndParsesAttachmentId]' started.
Test Case '-[ChatAppTests.HTTPAttachmentServiceTests testUploadPostsOctetStreamBlobWithBearerTokenAndParsesAttachmentId]' passed (0.000 seconds).
Test Case '-[ChatAppTests.HTTPAttachmentServiceTests testUploadReturnsNilForNonSuccessStatusAndMalformedResponse]' started.
Test Case '-[ChatAppTests.HTTPAttachmentServiceTests testUploadReturnsNilForNonSuccessStatusAndMalformedResponse]' passed (0.000 seconds).
Test Suite 'HTTPAttachmentServiceTests' passed at 2026-06-05 21:32:18.019.
	 Executed 4 tests, with 0 failures (0 unexpected) in 0.005 (0.005) seconds
Test Suite 'HTTPAuthClientCaptureTests' started at 2026-06-05 21:32:18.019.
Test Case '-[ChatAppTests.HTTPAuthClientCaptureTests testRequestChallengeMapsUnknownAccount]' started.
Test Case '-[ChatAppTests.HTTPAuthClientCaptureTests testRequestChallengeMapsUnknownAccount]' passed (0.000 seconds).
Test Case '-[ChatAppTests.HTTPAuthClientCaptureTests testRequestChallengeTransmitsExactlyUsernameAndMapsCreated]' started.
Test Case '-[ChatAppTests.HTTPAuthClientCaptureTests testRequestChallengeTransmitsExactlyUsernameAndMapsCreated]' passed (0.000 seconds).
Test Case '-[ChatAppTests.HTTPAuthClientCaptureTests testValidateSessionSendsBearerTokenAndMapsStatus]' started.
Test Case '-[ChatAppTests.HTTPAuthClientCaptureTests testValidateSessionSendsBearerTokenAndMapsStatus]' passed (0.000 seconds).
Test Case '-[ChatAppTests.HTTPAuthClientCaptureTests testVerifyMapsUnauthorizedToRejected]' started.
Test Case '-[ChatAppTests.HTTPAuthClientCaptureTests testVerifyMapsUnauthorizedToRejected]' passed (0.000 seconds).
Test Case '-[ChatAppTests.HTTPAuthClientCaptureTests testVerifyTransmitsExactlyChallengeIdAndSignatureAndMapsSuccess]' started.
Test Case '-[ChatAppTests.HTTPAuthClientCaptureTests testVerifyTransmitsExactlyChallengeIdAndSignatureAndMapsSuccess]' passed (0.000 seconds).
Test Suite 'HTTPAuthClientCaptureTests' passed at 2026-06-05 21:32:18.021.
	 Executed 5 tests, with 0 failures (0 unexpected) in 0.001 (0.001) seconds
Test Suite 'HTTPConversationsServiceTests' started at 2026-06-05 21:32:18.021.
Test Case '-[ChatAppTests.HTTPConversationsServiceTests testConversationsDecodesBackendConversationRecordShape]' started.
Test Case '-[ChatAppTests.HTTPConversationsServiceTests testConversationsDecodesBackendConversationRecordShape]' passed (0.000 seconds).
Test Case '-[ChatAppTests.HTTPConversationsServiceTests testConversationsGetsBearerTokenAndDecodesResponse]' started.
Test Case '-[ChatAppTests.HTTPConversationsServiceTests testConversationsGetsBearerTokenAndDecodesResponse]' passed (0.000 seconds).
Test Case '-[ChatAppTests.HTTPConversationsServiceTests testConversationsGetsBearerTokenAndDecodesSummaries]' started.
Test Case '-[ChatAppTests.HTTPConversationsServiceTests testConversationsGetsBearerTokenAndDecodesSummaries]' passed (0.000 seconds).
Test Case '-[ChatAppTests.HTTPConversationsServiceTests testConversationsMapsNon200ToEmptyArray]' started.
Test Case '-[ChatAppTests.HTTPConversationsServiceTests testConversationsMapsNon200ToEmptyArray]' passed (0.000 seconds).
Test Suite 'HTTPConversationsServiceTests' passed at 2026-06-05 21:32:18.022.
	 Executed 4 tests, with 0 failures (0 unexpected) in 0.001 (0.001) seconds
Test Suite 'HTTPGroupServiceTests' started at 2026-06-05 21:32:18.022.
Test Case '-[ChatAppTests.HTTPGroupServiceTests testAddMemberPostsEpochKeysAndDecodesResponse]' started.
Test Case '-[ChatAppTests.HTTPGroupServiceTests testAddMemberPostsEpochKeysAndDecodesResponse]' passed (0.000 seconds).
Test Case '-[ChatAppTests.HTTPGroupServiceTests testCreateGroupPostsMembersWithBearerTokenAndDecodesResponse]' started.
Test Case '-[ChatAppTests.HTTPGroupServiceTests testCreateGroupPostsMembersWithBearerTokenAndDecodesResponse]' passed (0.000 seconds).
Test Case '-[ChatAppTests.HTTPGroupServiceTests testGetEndpointsDecodeGroupPayloads]' started.
Test Case '-[ChatAppTests.HTTPGroupServiceTests testGetEndpointsDecodeGroupPayloads]' passed (0.001 seconds).
Test Case '-[ChatAppTests.HTTPGroupServiceTests testLiveGroupMessagesSurfacesEpochEventsThroughHookWithoutYieldingRecord]' started.
Test Case '-[ChatAppTests.HTTPGroupServiceTests testLiveGroupMessagesSurfacesEpochEventsThroughHookWithoutYieldingRecord]' passed (0.000 seconds).
Test Case '-[ChatAppTests.HTTPGroupServiceTests testLiveGroupMessagesYieldsSSERecordsAndCompletes]' started.
Test Case '-[ChatAppTests.HTTPGroupServiceTests testLiveGroupMessagesYieldsSSERecordsAndCompletes]' passed (0.000 seconds).
Test Case '-[ChatAppTests.HTTPGroupServiceTests testParseGroupSSEEventDecodesDataLineAndIgnoresOtherLines]' started.
Test Case '-[ChatAppTests.HTTPGroupServiceTests testParseGroupSSEEventDecodesDataLineAndIgnoresOtherLines]' passed (0.000 seconds).
Test Case '-[ChatAppTests.HTTPGroupServiceTests testSendGroupMessagePostsCiphertextOnlyAndMapsStatuses]' started.
Test Case '-[ChatAppTests.HTTPGroupServiceTests testSendGroupMessagePostsCiphertextOnlyAndMapsStatuses]' passed (0.001 seconds).
Test Suite 'HTTPGroupServiceTests' passed at 2026-06-05 21:32:18.024.
	 Executed 7 tests, with 0 failures (0 unexpected) in 0.002 (0.003) seconds
Test Suite 'HTTPMessageServiceTests' started at 2026-06-05 21:32:18.024.
Test Case '-[ChatAppTests.HTTPMessageServiceTests testFetchPrekeyDecodesResponseAndMaps404ToNil]' started.
Test Case '-[ChatAppTests.HTTPMessageServiceTests testFetchPrekeyDecodesResponseAndMaps404ToNil]' passed (0.000 seconds).
Test Case '-[ChatAppTests.HTTPMessageServiceTests testHistoryDecodesBackendObjectResponse]' started.
Test Case '-[ChatAppTests.HTTPMessageServiceTests testHistoryDecodesBackendObjectResponse]' passed (0.000 seconds).
Test Case '-[ChatAppTests.HTTPMessageServiceTests testHistoryDecodesMessageRecords]' started.
Test Case '-[ChatAppTests.HTTPMessageServiceTests testHistoryDecodesMessageRecords]' passed (0.000 seconds).
Test Case '-[ChatAppTests.HTTPMessageServiceTests testInboxGetsSinceCursorWithBearerTokenAndDecodesPage]' started.
Test Case '-[ChatAppTests.HTTPMessageServiceTests testInboxGetsSinceCursorWithBearerTokenAndDecodesPage]' passed (0.000 seconds).
Test Case '-[ChatAppTests.HTTPMessageServiceTests testLiveMessagesYieldsSSERecordsAndCompletes]' started.
Test Case '-[ChatAppTests.HTTPMessageServiceTests testLiveMessagesYieldsSSERecordsAndCompletes]' passed (0.000 seconds).
Test Case '-[ChatAppTests.HTTPMessageServiceTests testParseSSEEventDecodesDataLineAndIgnoresOtherLines]' started.
Test Case '-[ChatAppTests.HTTPMessageServiceTests testParseSSEEventDecodesDataLineAndIgnoresOtherLines]' passed (0.000 seconds).
Test Case '-[ChatAppTests.HTTPMessageServiceTests testPublishPrekeyPutsSignedPrekeyWithBearerToken]' started.
Test Case '-[ChatAppTests.HTTPMessageServiceTests testPublishPrekeyPutsSignedPrekeyWithBearerToken]' passed (0.000 seconds).
Test Case '-[ChatAppTests.HTTPMessageServiceTests testSendMapsRecipientNotFoundAndFailure]' started.
Test Case '-[ChatAppTests.HTTPMessageServiceTests testSendMapsRecipientNotFoundAndFailure]' passed (0.000 seconds).
Test Case '-[ChatAppTests.HTTPMessageServiceTests testSendPostsCiphertextOnlyWithBearerToken]' started.
Test Case '-[ChatAppTests.HTTPMessageServiceTests testSendPostsCiphertextOnlyWithBearerToken]' passed (0.000 seconds).
Test Suite 'HTTPMessageServiceTests' passed at 2026-06-05 21:32:18.027.
	 Executed 9 tests, with 0 failures (0 unexpected) in 0.002 (0.003) seconds
Test Suite 'IdentityKeychainTests' started at 2026-06-05 21:32:18.027.
Test Case '-[ChatAppTests.IdentityKeychainTests testDeletingKeychainItemMakesIdentityUnrecoverable]' started.
Test Case '-[ChatAppTests.IdentityKeychainTests testDeletingKeychainItemMakesIdentityUnrecoverable]' passed (0.022 seconds).
Test Case '-[ChatAppTests.IdentityKeychainTests testIdentityExposesNoRawPrivateBytes]' started.
Test Case '-[ChatAppTests.IdentityKeychainTests testIdentityExposesNoRawPrivateBytes]' passed (0.001 seconds).
Test Case '-[ChatAppTests.IdentityKeychainTests testIdentityRoundTripsThroughKeychainWithStablePublicKey]' started.
Test Case '-[ChatAppTests.IdentityKeychainTests testIdentityRoundTripsThroughKeychainWithStablePublicKey]' passed (0.012 seconds).
Test Case '-[ChatAppTests.IdentityKeychainTests testPrivateKeyIsReachableViaKeychainAPI]' started.
Test Case '-[ChatAppTests.IdentityKeychainTests testPrivateKeyIsReachableViaKeychainAPI]' passed (0.013 seconds).
Test Suite 'IdentityKeychainTests' passed at 2026-06-05 21:32:18.074.
	 Executed 4 tests, with 0 failures (0 unexpected) in 0.047 (0.047) seconds
Test Suite 'LiveAttachmentE2ETests' started at 2026-06-05 21:32:18.074.
Test Case '-[ChatAppTests.LiveAttachmentE2ETests testAlreadySubscribedRecipientReceivesLiveAttachmentsAndWritesByteIdenticalDownloads]' started.
/Users/ngthluu/choscor/test-chat-app/.agentloop/worktrees/task-fix-task8-verify-b3/mac-app/Tests/ChatAppTests/LiveAttachmentE2ETests.swift:128: -[ChatAppTests.LiveAttachmentE2ETests testAlreadySubscribedRecipientReceivesLiveAttachmentsAndWritesByteIdenticalDownloads] : Test skipped - CHATAPP_LIVE_BACKEND_URL is not set
Test Case '-[ChatAppTests.LiveAttachmentE2ETests testAlreadySubscribedRecipientReceivesLiveAttachmentsAndWritesByteIdenticalDownloads]' skipped (0.000 seconds).
Test Case '-[ChatAppTests.LiveAttachmentE2ETests testLiveAttachmentDMAndGroupRoundTripStoresOnlyCiphertext]' started.
/Users/ngthluu/choscor/test-chat-app/.agentloop/worktrees/task-fix-task8-verify-b3/mac-app/Tests/ChatAppTests/LiveAttachmentE2ETests.swift:23: -[ChatAppTests.LiveAttachmentE2ETests testLiveAttachmentDMAndGroupRoundTripStoresOnlyCiphertext] : Test skipped - CHATAPP_LIVE_BACKEND_URL is not set
Test Case '-[ChatAppTests.LiveAttachmentE2ETests testLiveAttachmentDMAndGroupRoundTripStoresOnlyCiphertext]' skipped (0.000 seconds).
Test Suite 'LiveAttachmentE2ETests' passed at 2026-06-05 21:32:18.075.
	 Executed 2 tests, with 2 tests skipped and 0 failures (0 unexpected) in 0.001 (0.001) seconds
Test Suite 'LiveAuthE2ETests' started at 2026-06-05 21:32:18.075.
Test Case '-[ChatAppTests.LiveAuthE2ETests testLivePasswordFreeAuthRoundTripAndRejectsCorruptedSignature]' started.
/Users/ngthluu/choscor/test-chat-app/.agentloop/worktrees/task-fix-task8-verify-b3/mac-app/Tests/ChatAppTests/LiveAuthE2ETests.swift:9: -[ChatAppTests.LiveAuthE2ETests testLivePasswordFreeAuthRoundTripAndRejectsCorruptedSignature] : Test skipped - CHATAPP_LIVE_BACKEND_URL is not set
Test Case '-[ChatAppTests.LiveAuthE2ETests testLivePasswordFreeAuthRoundTripAndRejectsCorruptedSignature]' skipped (0.000 seconds).
Test Suite 'LiveAuthE2ETests' passed at 2026-06-05 21:32:18.075.
	 Executed 1 test, with 1 test skipped and 0 failures (0 unexpected) in 0.000 (0.000) seconds
Test Suite 'LiveConversationsE2ETests' started at 2026-06-05 21:32:18.075.
Test Case '-[ChatAppTests.LiveConversationsE2ETests testLiveConversationListOrderingAndHistory]' started.
/Users/ngthluu/choscor/test-chat-app/.agentloop/worktrees/task-fix-task8-verify-b3/mac-app/Tests/ChatAppTests/LiveConversationsE2ETests.swift:9: -[ChatAppTests.LiveConversationsE2ETests testLiveConversationListOrderingAndHistory] : Test skipped - CHATAPP_LIVE_BACKEND_URL is not set
Test Case '-[ChatAppTests.LiveConversationsE2ETests testLiveConversationListOrderingAndHistory]' skipped (0.000 seconds).
Test Suite 'LiveConversationsE2ETests' passed at 2026-06-05 21:32:18.075.
	 Executed 1 test, with 1 test skipped and 0 failures (0 unexpected) in 0.000 (0.000) seconds
Test Suite 'LiveDME2ETests' started at 2026-06-05 21:32:18.075.
Test Case '-[ChatAppTests.LiveDME2ETests testLiveEncryptedDirectMessageRoundTripStoresOnlyCiphertext]' started.
/Users/ngthluu/choscor/test-chat-app/.agentloop/worktrees/task-fix-task8-verify-b3/mac-app/Tests/ChatAppTests/LiveDME2ETests.swift:9: -[ChatAppTests.LiveDME2ETests testLiveEncryptedDirectMessageRoundTripStoresOnlyCiphertext] : Test skipped - CHATAPP_LIVE_BACKEND_URL is not set
Test Case '-[ChatAppTests.LiveDME2ETests testLiveEncryptedDirectMessageRoundTripStoresOnlyCiphertext]' skipped (0.000 seconds).
Test Suite 'LiveDME2ETests' passed at 2026-06-05 21:32:18.075.
	 Executed 1 test, with 1 test skipped and 0 failures (0 unexpected) in 0.000 (0.000) seconds
Test Suite 'LiveEmojiDME2ETests' started at 2026-06-05 21:32:18.075.
Test Case '-[ChatAppTests.LiveEmojiDME2ETests testLiveEmojiOnlyDirectMessageRoundTripRendersForRecipient]' started.
/Users/ngthluu/choscor/test-chat-app/.agentloop/worktrees/task-fix-task8-verify-b3/mac-app/Tests/ChatAppTests/LiveEmojiDME2ETests.swift:9: -[ChatAppTests.LiveEmojiDME2ETests testLiveEmojiOnlyDirectMessageRoundTripRendersForRecipient] : Test skipped - CHATAPP_LIVE_BACKEND_URL is not set
Test Case '-[ChatAppTests.LiveEmojiDME2ETests testLiveEmojiOnlyDirectMessageRoundTripRendersForRecipient]' skipped (0.000 seconds).
Test Suite 'LiveEmojiDME2ETests' passed at 2026-06-05 21:32:18.076.
	 Executed 1 test, with 1 test skipped and 0 failures (0 unexpected) in 0.000 (0.000) seconds
Test Suite 'LiveGroupE2ETests' started at 2026-06-05 21:32:18.076.
Test Case '-[ChatAppTests.LiveGroupE2ETests testLiveCoordinatorCreatesGroupAndPeerReceivesDecryptedMessage]' started.
/Users/ngthluu/choscor/test-chat-app/.agentloop/worktrees/task-fix-task8-verify-b3/mac-app/Tests/ChatAppTests/LiveGroupE2ETests.swift:18: -[ChatAppTests.LiveGroupE2ETests testLiveCoordinatorCreatesGroupAndPeerReceivesDecryptedMessage] : Test skipped - CHATAPP_LIVE_BACKEND_URL is not set
Test Case '-[ChatAppTests.LiveGroupE2ETests testLiveCoordinatorCreatesGroupAndPeerReceivesDecryptedMessage]' skipped (0.000 seconds).
Test Case '-[ChatAppTests.LiveGroupE2ETests testLiveEncryptedGroupMessageRoundTripAndLateMemberCannotReadPriorMessages]' started.
/Users/ngthluu/choscor/test-chat-app/.agentloop/worktrees/task-fix-task8-verify-b3/mac-app/Tests/ChatAppTests/LiveGroupE2ETests.swift:235: -[ChatAppTests.LiveGroupE2ETests testLiveEncryptedGroupMessageRoundTripAndLateMemberCannotReadPriorMessages] : Test skipped - CHATAPP_LIVE_BACKEND_URL is not set
Test Case '-[ChatAppTests.LiveGroupE2ETests testLiveEncryptedGroupMessageRoundTripAndLateMemberCannotReadPriorMessages]' skipped (0.000 seconds).
Test Case '-[ChatAppTests.LiveGroupE2ETests testLiveGroupAllThreeMembersSendAndReceiveThroughCoordinators]' started.
/Users/ngthluu/choscor/test-chat-app/.agentloop/worktrees/task-fix-task8-verify-b3/mac-app/Tests/ChatAppTests/LiveGroupE2ETests.swift:68: -[ChatAppTests.LiveGroupE2ETests testLiveGroupAllThreeMembersSendAndReceiveThroughCoordinators] : Test skipped - CHATAPP_LIVE_BACKEND_URL is not set
Test Case '-[ChatAppTests.LiveGroupE2ETests testLiveGroupAllThreeMembersSendAndReceiveThroughCoordinators]' skipped (0.000 seconds).
Test Case '-[ChatAppTests.LiveGroupE2ETests testLiveGroupExistingMembersKeepReceivingAfterAddWhileNewMemberExcluded]' started.
/Users/ngthluu/choscor/test-chat-app/.agentloop/worktrees/task-fix-task8-verify-b3/mac-app/Tests/ChatAppTests/LiveGroupE2ETests.swift:135: -[ChatAppTests.LiveGroupE2ETests testLiveGroupExistingMembersKeepReceivingAfterAddWhileNewMemberExcluded] : Test skipped - CHATAPP_LIVE_BACKEND_URL is not set
Test Case '-[ChatAppTests.LiveGroupE2ETests testLiveGroupExistingMembersKeepReceivingAfterAddWhileNewMemberExcluded]' skipped (0.000 seconds).
Test Suite 'LiveGroupE2ETests' passed at 2026-06-05 21:32:18.076.
	 Executed 4 tests, with 4 tests skipped and 0 failures (0 unexpected) in 0.001 (0.001) seconds
Test Suite 'LiveOfflineDeliveryE2ETests' started at 2026-06-05 21:32:18.076.
Test Case '-[ChatAppTests.LiveOfflineDeliveryE2ETests testOfflineRecipientReceivesQueuedMessagesInOrderAndRestartReloadsHistory]' started.
/Users/ngthluu/choscor/test-chat-app/.agentloop/worktrees/task-fix-task8-verify-b3/mac-app/Tests/ChatAppTests/LiveOfflineDeliveryE2ETests.swift:23: -[ChatAppTests.LiveOfflineDeliveryE2ETests testOfflineRecipientReceivesQueuedMessagesInOrderAndRestartReloadsHistory] : Test skipped - CHATAPP_LIVE_BACKEND_URL is not set
Test Case '-[ChatAppTests.LiveOfflineDeliveryE2ETests testOfflineRecipientReceivesQueuedMessagesInOrderAndRestartReloadsHistory]' skipped (0.000 seconds).
Test Suite 'LiveOfflineDeliveryE2ETests' passed at 2026-06-05 21:32:18.077.
	 Executed 1 test, with 1 test skipped and 0 failures (0 unexpected) in 0.000 (0.000) seconds
Test Suite 'LiveRegistrationE2ETests' started at 2026-06-05 21:32:18.077.
Test Case '-[ChatAppTests.LiveRegistrationE2ETests testLiveRegistrationPersistsAccountAndDuplicateShowsTakenError]' started.
/Users/ngthluu/choscor/test-chat-app/.agentloop/worktrees/task-fix-task8-verify-b3/mac-app/Tests/ChatAppTests/LiveRegistrationE2ETests.swift:9: -[ChatAppTests.LiveRegistrationE2ETests testLiveRegistrationPersistsAccountAndDuplicateShowsTakenError] : Test skipped - CHATAPP_LIVE_BACKEND_URL is not set
Test Case '-[ChatAppTests.LiveRegistrationE2ETests testLiveRegistrationPersistsAccountAndDuplicateShowsTakenError]' skipped (0.000 seconds).
Test Suite 'LiveRegistrationE2ETests' passed at 2026-06-05 21:32:18.077.
	 Executed 1 test, with 1 test skipped and 0 failures (0 unexpected) in 0.000 (0.000) seconds
Test Suite 'LocalAccountStoreTests' started at 2026-06-05 21:32:18.077.
Test Case '-[ChatAppTests.LocalAccountStoreTests testAccountFileContainsOnlyPublicAccountMaterial]' started.
Test Case '-[ChatAppTests.LocalAccountStoreTests testAccountFileContainsOnlyPublicAccountMaterial]' passed (0.001 seconds).
Test Case '-[ChatAppTests.LocalAccountStoreTests testClearRemovesPersistedAccount]' started.
Test Case '-[ChatAppTests.LocalAccountStoreTests testClearRemovesPersistedAccount]' passed (0.000 seconds).
Test Case '-[ChatAppTests.LocalAccountStoreTests testFreshStoreInSameDirectoryLoadsPersistedAccount]' started.
Test Case '-[ChatAppTests.LocalAccountStoreTests testFreshStoreInSameDirectoryLoadsPersistedAccount]' passed (0.000 seconds).
Test Case '-[ChatAppTests.LocalAccountStoreTests testSaveRoundTripsCurrentAccountAndHasAccount]' started.
Test Case '-[ChatAppTests.LocalAccountStoreTests testSaveRoundTripsCurrentAccountAndHasAccount]' passed (0.000 seconds).
Test Suite 'LocalAccountStoreTests' passed at 2026-06-05 21:32:18.079.
	 Executed 4 tests, with 0 failures (0 unexpected) in 0.002 (0.002) seconds
Test Suite 'MessageComposerModelTests' started at 2026-06-05 21:32:18.079.
Test Case '-[ChatAppTests.MessageComposerModelTests testCanSendUsesTrimmedDraftRule]' started.
Test Case '-[ChatAppTests.MessageComposerModelTests testCanSendUsesTrimmedDraftRule]' passed (0.000 seconds).
Test Case '-[ChatAppTests.MessageComposerModelTests testFilteredEmojisUsesSearchWhenQueryIsNonEmpty]' started.
Test Case '-[ChatAppTests.MessageComposerModelTests testFilteredEmojisUsesSearchWhenQueryIsNonEmpty]' passed (0.000 seconds).
Test Case '-[ChatAppTests.MessageComposerModelTests testFilteredEmojisUsesSelectedCategoryWhenQueryIsEmpty]' started.
Test Case '-[ChatAppTests.MessageComposerModelTests testFilteredEmojisUsesSelectedCategoryWhenQueryIsEmpty]' passed (0.000 seconds).
Test Case '-[ChatAppTests.MessageComposerModelTests testInsertEmojiAtCaretAdvancesCaretAndDismissesPicker]' started.
Test Case '-[ChatAppTests.MessageComposerModelTests testInsertEmojiAtCaretAdvancesCaretAndDismissesPicker]' passed (0.000 seconds).
Test Case '-[ChatAppTests.MessageComposerModelTests testPickerPresentationMethodsUpdateState]' started.
Test Case '-[ChatAppTests.MessageComposerModelTests testPickerPresentationMethodsUpdateState]' passed (0.000 seconds).
Test Case '-[ChatAppTests.MessageComposerModelTests testResetClearsDraftAndCaret]' started.
Test Case '-[ChatAppTests.MessageComposerModelTests testResetClearsDraftAndCaret]' passed (0.000 seconds).
Test Case '-[ChatAppTests.MessageComposerModelTests testSequentialInsertsPreserveOrder]' started.
Test Case '-[ChatAppTests.MessageComposerModelTests testSequentialInsertsPreserveOrder]' passed (0.000 seconds).
Test Suite 'MessageComposerModelTests' passed at 2026-06-05 21:32:18.080.
	 Executed 7 tests, with 0 failures (0 unexpected) in 0.001 (0.001) seconds
Test Suite 'MessageCryptoTests' started at 2026-06-05 21:32:18.080.
Test Case '-[ChatAppTests.MessageCryptoTests testEncryptDecryptRoundTripsToExactPlaintext]' started.
Test Case '-[ChatAppTests.MessageCryptoTests testEncryptDecryptRoundTripsToExactPlaintext]' passed (0.000 seconds).
Test Case '-[ChatAppTests.MessageCryptoTests testEnvelopeBytesDoNotContainPlaintext]' started.
Test Case '-[ChatAppTests.MessageCryptoTests testEnvelopeBytesDoNotContainPlaintext]' passed (0.000 seconds).
Test Case '-[ChatAppTests.MessageCryptoTests testPrekeySignatureVerifiesAndRejectsTampering]' started.
Test Case '-[ChatAppTests.MessageCryptoTests testPrekeySignatureVerifiesAndRejectsTampering]' passed (0.000 seconds).
Test Case '-[ChatAppTests.MessageCryptoTests testSamePlaintextEncryptsToDifferentEnvelopes]' started.
Test Case '-[ChatAppTests.MessageCryptoTests testSamePlaintextEncryptsToDifferentEnvelopes]' passed (0.000 seconds).
Test Case '-[ChatAppTests.MessageCryptoTests testTamperedEnvelopeThrows]' started.
Test Case '-[ChatAppTests.MessageCryptoTests testTamperedEnvelopeThrows]' passed (0.000 seconds).
Test Case '-[ChatAppTests.MessageCryptoTests testThirdPartyCannotDecrypt]' started.
Test Case '-[ChatAppTests.MessageCryptoTests testThirdPartyCannotDecrypt]' passed (0.000 seconds).
Test Suite 'MessageCryptoTests' passed at 2026-06-05 21:32:18.082.
	 Executed 6 tests, with 0 failures (0 unexpected) in 0.001 (0.001) seconds
Test Suite 'MessageEnvelopeTests' started at 2026-06-05 21:32:18.082.
Test Case '-[ChatAppTests.MessageEnvelopeTests testEncodedPayloadsContainNoPlaintextBodyOrTextFields]' started.
Test Case '-[ChatAppTests.MessageEnvelopeTests testEncodedPayloadsContainNoPlaintextBodyOrTextFields]' passed (0.000 seconds).
Test Case '-[ChatAppTests.MessageEnvelopeTests testMessageRecordDecodesSnakeCaseFields]' started.
Test Case '-[ChatAppTests.MessageEnvelopeTests testMessageRecordDecodesSnakeCaseFields]' passed (0.000 seconds).
Test Case '-[ChatAppTests.MessageEnvelopeTests testPrekeyResponseDecodesSnakeCaseFields]' started.
Test Case '-[ChatAppTests.MessageEnvelopeTests testPrekeyResponseDecodesSnakeCaseFields]' passed (0.000 seconds).
Test Case '-[ChatAppTests.MessageEnvelopeTests testPublishPrekeyRequestEncodesExactSnakeCaseKeys]' started.
Test Case '-[ChatAppTests.MessageEnvelopeTests testPublishPrekeyRequestEncodesExactSnakeCaseKeys]' passed (0.000 seconds).
Test Case '-[ChatAppTests.MessageEnvelopeTests testSendMessageRequestEncodesExactCiphertextKeys]' started.
Test Case '-[ChatAppTests.MessageEnvelopeTests testSendMessageRequestEncodesExactCiphertextKeys]' passed (0.000 seconds).
Test Case '-[ChatAppTests.MessageEnvelopeTests testSendMessageResponseDecodesSnakeCaseFields]' started.
Test Case '-[ChatAppTests.MessageEnvelopeTests testSendMessageResponseDecodesSnakeCaseFields]' passed (0.000 seconds).
Test Suite 'MessageEnvelopeTests' passed at 2026-06-05 21:32:18.082.
	 Executed 6 tests, with 0 failures (0 unexpected) in 0.000 (0.001) seconds
Test Suite 'RegisterPayloadTests' started at 2026-06-05 21:32:18.082.
Test Case '-[ChatAppTests.RegisterPayloadTests testEncodesExactlyUsernameAndIdentityPublicKey]' started.
Test Case '-[ChatAppTests.RegisterPayloadTests testEncodesExactlyUsernameAndIdentityPublicKey]' passed (0.000 seconds).
Test Suite 'RegisterPayloadTests' passed at 2026-06-05 21:32:18.083.
	 Executed 1 test, with 0 failures (0 unexpected) in 0.000 (0.000) seconds
Test Suite 'RegistrationCoordinatorTests' started at 2026-06-05 21:32:18.083.
Test Case '-[ChatAppTests.RegistrationCoordinatorTests testExistingAccountMarksCoordinatorRegisteredAtInit]' started.
Test Case '-[ChatAppTests.RegistrationCoordinatorTests testExistingAccountMarksCoordinatorRegisteredAtInit]' passed (0.000 seconds).
Test Case '-[ChatAppTests.RegistrationCoordinatorTests testSuccessfulRegistrationPersistsAccountAndMarksRegistered]' started.
Test Case '-[ChatAppTests.RegistrationCoordinatorTests testSuccessfulRegistrationPersistsAccountAndMarksRegistered]' passed (0.001 seconds).
Test Case '-[ChatAppTests.RegistrationCoordinatorTests testUsernameTakenShowsClearErrorAndDoesNotPersistAccount]' started.
Test Case '-[ChatAppTests.RegistrationCoordinatorTests testUsernameTakenShowsClearErrorAndDoesNotPersistAccount]' passed (0.000 seconds).
Test Suite 'RegistrationCoordinatorTests' passed at 2026-06-05 21:32:18.084.
	 Executed 3 tests, with 0 failures (0 unexpected) in 0.001 (0.001) seconds
Test Suite 'RegistrationServiceCaptureTests' started at 2026-06-05 21:32:18.084.
Test Case '-[ChatAppTests.RegistrationServiceCaptureTests testHTTPClientMapsBadRequestToInvalid]' started.
Test Case '-[ChatAppTests.RegistrationServiceCaptureTests testHTTPClientMapsBadRequestToInvalid]' passed (0.000 seconds).
Test Case '-[ChatAppTests.RegistrationServiceCaptureTests testHTTPClientMapsConflictToUsernameTaken]' started.
Test Case '-[ChatAppTests.RegistrationServiceCaptureTests testHTTPClientMapsConflictToUsernameTaken]' passed (0.000 seconds).
Test Case '-[ChatAppTests.RegistrationServiceCaptureTests testHTTPClientTransmitsExactlyTwoFieldRegisterPayload]' started.
Test Case '-[ChatAppTests.RegistrationServiceCaptureTests testHTTPClientTransmitsExactlyTwoFieldRegisterPayload]' passed (0.000 seconds).
Test Suite 'RegistrationServiceCaptureTests' passed at 2026-06-05 21:32:18.085.
	 Executed 3 tests, with 0 failures (0 unexpected) in 0.001 (0.001) seconds
Test Suite 'RootViewTests' started at 2026-06-05 21:32:18.085.
Test Case '-[ChatAppTests.RootViewTests testResolvedScreenIsMainWhenAccountExists]' started.
Test Case '-[ChatAppTests.RootViewTests testResolvedScreenIsMainWhenAccountExists]' passed (0.000 seconds).
Test Case '-[ChatAppTests.RootViewTests testResolvedScreenIsRegistrationWhenNoAccountExists]' started.
Test Case '-[ChatAppTests.RootViewTests testResolvedScreenIsRegistrationWhenNoAccountExists]' passed (0.000 seconds).
Test Suite 'RootViewTests' passed at 2026-06-05 21:32:18.085.
	 Executed 2 tests, with 0 failures (0 unexpected) in 0.000 (0.000) seconds
Test Suite 'SessionStoreTests' started at 2026-06-05 21:32:18.085.
Test Case '-[ChatAppTests.SessionStoreTests testClearRemovesTokenForFreshSessionStore]' started.
Test Case '-[ChatAppTests.SessionStoreTests testClearRemovesTokenForFreshSessionStore]' passed (0.011 seconds).
Test Case '-[ChatAppTests.SessionStoreTests testFreshSessionStoreLoadsPersistedTokenFromSameKeychainAccount]' started.
Test Case '-[ChatAppTests.SessionStoreTests testFreshSessionStoreLoadsPersistedTokenFromSameKeychainAccount]' passed (0.013 seconds).
Test Case '-[ChatAppTests.SessionStoreTests testSessionTokenRoundTripsThroughKeychainAndCanBeCleared]' started.
Test Case '-[ChatAppTests.SessionStoreTests testSessionTokenRoundTripsThroughKeychainAndCanBeCleared]' passed (0.013 seconds).
Test Suite 'SessionStoreTests' passed at 2026-06-05 21:32:18.122.
	 Executed 3 tests, with 0 failures (0 unexpected) in 0.037 (0.037) seconds
Test Suite 'SyncCursorStoreTests' started at 2026-06-05 21:32:18.122.
Test Case '-[ChatAppTests.SyncCursorStoreTests testRoundTripsLastInboxSeqPerUserId]' started.
Test Case '-[ChatAppTests.SyncCursorStoreTests testRoundTripsLastInboxSeqPerUserId]' passed (0.001 seconds).
Test Case '-[ChatAppTests.SyncCursorStoreTests testUnknownUserDefaultsToZero]' started.
Test Case '-[ChatAppTests.SyncCursorStoreTests testUnknownUserDefaultsToZero]' passed (0.000 seconds).
Test Suite 'SyncCursorStoreTests' passed at 2026-06-05 21:32:18.124.
	 Executed 2 tests, with 0 failures (0 unexpected) in 0.001 (0.001) seconds
Test Suite 'X25519KeyManagerTests' started at 2026-06-05 21:32:18.124.
Test Case '-[ChatAppTests.X25519KeyManagerTests testLoadReturnsNilBeforeCreate]' started.
Test Case '-[ChatAppTests.X25519KeyManagerTests testLoadReturnsNilBeforeCreate]' passed (0.000 seconds).
Test Case '-[ChatAppTests.X25519KeyManagerTests testX25519KeyRoundTripsThroughDistinctKeychainAccount]' started.
Test Case '-[ChatAppTests.X25519KeyManagerTests testX25519KeyRoundTripsThroughDistinctKeychainAccount]' passed (0.030 seconds).
Test Suite 'X25519KeyManagerTests' passed at 2026-06-05 21:32:18.154.
	 Executed 2 tests, with 0 failures (0 unexpected) in 0.030 (0.030) seconds
Test Suite 'ChatAppPackageTests.xctest' passed at 2026-06-05 21:32:18.154.
	 Executed 185 tests, with 12 tests skipped and 0 failures (0 unexpected) in 3.750 (3.761) seconds
Test Suite 'All tests' passed at 2026-06-05 21:32:18.154.
	 Executed 185 tests, with 12 tests skipped and 0 failures (0 unexpected) in 3.750 (3.761) seconds
􀟈  Test run started.
􀄵  Testing Library Version: 1902
􀄵  Target Platform: arm64e-apple-macos14.0
􁁛  Test run with 0 tests in 0 suites passed after 0.001 seconds.
task-1b verify: PASS
verify: RUN (task-1c)
task-1c verify: running cargo build
   Compiling proc-macro2 v1.0.106
   Compiling unicode-ident v1.0.24
   Compiling quote v1.0.45
   Compiling libc v0.2.186
   Compiling cfg-if v1.0.4
   Compiling futures-core v0.3.32
   Compiling pin-project-lite v0.2.17
   Compiling stable_deref_trait v1.2.1
   Compiling scopeguard v1.2.0
   Compiling parking_lot_core v0.9.12
   Compiling lock_api v0.4.14
   Compiling bytes v1.11.1
   Compiling litemap v0.8.2
   Compiling writeable v0.6.3
   Compiling version_check v0.9.5
   Compiling utf8_iter v1.0.4
   Compiling icu_normalizer_data v2.2.0
   Compiling smallvec v1.15.1
   Compiling serde_core v1.0.228
   Compiling generic-array v0.14.7
   Compiling memchr v2.8.1
   Compiling icu_properties_data v2.2.0
   Compiling itoa v1.0.18
   Compiling typenum v1.20.1
   Compiling futures-sink v0.3.32
   Compiling slab v0.4.12
   Compiling futures-task v0.3.32
   Compiling futures-io v0.3.32
   Compiling serde v1.0.228
   Compiling crossbeam-utils v0.8.21
   Compiling percent-encoding v2.3.2
   Compiling once_cell v1.21.4
   Compiling tracing-core v0.1.36
   Compiling form_urlencoded v1.2.2
   Compiling log v0.4.31
   Compiling equivalent v1.0.2
   Compiling find-msvc-tools v0.1.9
   Compiling syn v2.0.117
   Compiling foldhash v0.1.5
   Compiling socket2 v0.6.4
   Compiling mio v1.2.1
   Compiling errno v0.3.14
   Compiling signal-hook-registry v1.4.8
   Compiling parking_lot v0.12.5
   Compiling cpufeatures v0.2.17
   Compiling autocfg v1.5.1
   Compiling shlex v2.0.1
   Compiling thiserror v2.0.18
   Compiling allocator-api2 v0.2.21
   Compiling block-buffer v0.10.4
   Compiling crypto-common v0.1.7
   Compiling digest v0.10.7
   Compiling cc v1.2.63
   Compiling crc-catalog v2.5.0
   Compiling num-traits v0.2.19
   Compiling pkg-config v0.3.33
   Compiling zmij v1.0.21
   Compiling hashbrown v0.15.5
   Compiling parking v2.2.1
   Compiling vcpkg v0.2.15
   Compiling hashbrown v0.17.1
   Compiling concurrent-queue v2.5.0
   Compiling crossbeam-queue v0.3.12
   Compiling event-listener v5.4.1
   Compiling hashlink v0.10.0
   Compiling crc v3.4.0
   Compiling indexmap v2.14.0
   Compiling futures-util v0.3.32
   Compiling spin v0.9.8
   Compiling ryu v1.0.23
   Compiling tokio v1.52.3
   Compiling http v1.4.1
   Compiling libsqlite3-sys v0.30.1
   Compiling futures-intrusive v0.5.0
   Compiling sha2 v0.10.9
   Compiling futures-channel v0.3.32
   Compiling atoi v2.0.0
   Compiling serde_json v1.0.150
   Compiling httparse v1.10.1
   Compiling semver v1.0.28
   Compiling base64 v0.22.1
   Compiling http-body v1.0.1
   Compiling rustc_version v0.4.1
   Compiling flume v0.11.1
   Compiling rustversion v1.0.22
   Compiling tower-service v0.3.3
   Compiling curve25519-dalek v4.1.3
   Compiling hex v0.4.3
   Compiling tower-layer v0.3.3
   Compiling synstructure v0.13.2
   Compiling dotenvy v0.15.7
   Compiling heck v0.5.0
   Compiling sync_wrapper v1.0.2
   Compiling getrandom v0.4.2
   Compiling httpdate v1.0.3
   Compiling atomic-waker v1.1.2
   Compiling http-body-util v0.1.3
   Compiling futures-executor v0.3.32
   Compiling zeroize v1.8.2
   Compiling subtle v2.6.1
   Compiling mime v0.3.17
   Compiling signature v2.2.0
   Compiling ed25519 v2.2.3
   Compiling serde_path_to_error v0.1.20
   Compiling matchit v0.7.3
   Compiling uuid v1.23.2
   Compiling getrandom v0.2.17
   Compiling zerofrom-derive v0.1.7
   Compiling yoke-derive v0.8.2
   Compiling zerovec-derive v0.11.3
   Compiling displaydoc v0.2.6
   Compiling serde_derive v1.0.228
   Compiling tracing-attributes v0.1.31
   Compiling tokio-macros v2.7.0
   Compiling thiserror-impl v2.0.18
   Compiling async-trait v0.1.89
   Compiling ed25519-dalek v2.2.0
   Compiling zerofrom v0.1.8
   Compiling tracing v0.1.44
   Compiling yoke v0.8.2
   Compiling tokio-stream v0.1.18
   Compiling axum-core v0.4.5
   Compiling zerovec v0.11.6
   Compiling zerotrie v0.2.4
   Compiling tokio-util v0.7.18
   Compiling hyper v1.10.1
   Compiling tower v0.5.3
   Compiling either v1.16.0
   Compiling serde_urlencoded v0.7.1
   Compiling hyper-util v0.1.20
   Compiling tinystr v0.8.3
   Compiling potential_utf v0.1.5
   Compiling icu_collections v2.2.0
   Compiling icu_locale_core v2.2.0
   Compiling icu_provider v2.2.0
   Compiling icu_properties v2.2.0
   Compiling icu_normalizer v2.2.0
   Compiling axum v0.7.9
   Compiling idna_adapter v1.2.2
   Compiling idna v1.1.0
   Compiling url v2.5.8
   Compiling sqlx-core v0.8.6
   Compiling sqlx-sqlite v0.8.6
   Compiling sqlx-macros-core v0.8.6
   Compiling sqlx-macros v0.8.6
   Compiling sqlx v0.8.6
   Compiling test-chat-backend v0.1.0 (/Users/ngthluu/choscor/test-chat-app/.agentloop/worktrees/task-fix-task8-verify-b3/backend)
    Finished `dev` profile [unoptimized + debuginfo] target(s) in 19.70s
task-1c verify: running cargo test
   Compiling test-chat-backend v0.1.0 (/Users/ngthluu/choscor/test-chat-app/.agentloop/worktrees/task-fix-task8-verify-b3/backend)
    Finished `test` profile [unoptimized + debuginfo] target(s) in 3.39s
     Running unittests src/lib.rs (target/debug/deps/test_chat_backend-acfff881fbeff8b8)

running 0 tests

test result: ok. 0 passed; 0 failed; 0 ignored; 0 measured; 0 filtered out; finished in 0.00s

     Running unittests src/main.rs (target/debug/deps/test_chat_backend-9d5476f2c3843da5)

running 0 tests

test result: ok. 0 passed; 0 failed; 0 ignored; 0 measured; 0 filtered out; finished in 0.00s

     Running tests/attachments.rs (target/debug/deps/attachments-14ccd7d85cb70557)

running 5 tests
test attachments_table_stores_no_plaintext_columns ... ok
test attachment_requires_bearer_token ... ok
test attachment_download_unknown_id_is_404 ... ok
test attachment_upload_then_download_round_trips_exact_bytes ... ok
test attachment_upload_rejects_oversize_payload_with_413 ... ok

test result: ok. 5 passed; 0 failed; 0 ignored; 0 measured; 0 filtered out; finished in 0.02s

     Running tests/auth.rs (target/debug/deps/auth-8604fa95047f6e2f)

running 8 tests
test auth_tables_store_no_private_material ... ok
test auth_session_rejects_unknown_token ... ok
test auth_challenge_rejects_unknown_user ... ok
test auth_malformed_json_returns_bad_request ... ok
test auth_challenge_returns_nonce_for_known_user ... ok
test auth_verify_with_bad_signature_is_rejected ... ok
test auth_verify_with_valid_signature_issues_session_token ... ok
test auth_verify_rejects_unknown_or_reused_challenge ... ok

test result: ok. 8 passed; 0 failed; 0 ignored; 0 measured; 0 filtered out; finished in 0.02s

     Running tests/conversations.rs (target/debug/deps/conversations-a7ed8ac73ee40eae)

running 7 tests
test conversations_requires_bearer_token ... ok
test conversations_return_ciphertext_and_metadata_without_plaintext ... ok
test conversations_include_inbound_only_peer_started_while_viewer_was_offline ... ok
test conversations_empty_for_user_with_no_messages ... ok
test conversations_use_rowid_tiebreaks_instead_of_random_uuid_order ... ok
test conversations_lists_distinct_peers_ordered_by_recent_activity ... ok
test conversations_scope_excludes_unrelated_pairs_and_names_the_peer ... ok

test result: ok. 7 passed; 0 failed; 0 ignored; 0 measured; 0 filtered out; finished in 0.03s

     Running tests/groups.rs (target/debug/deps/groups-dd51c3ddb97e60c4)

running 12 tests
test group_stream_requires_bearer_token ... ok
test group_create_requires_bearer_token ... ok
test group_tables_store_no_plaintext_columns ... ok
test group_list_returns_all_member_groups_in_rowid_order ... ok
test group_message_post_stores_exactly_the_ciphertext_blob ... ok
test group_message_history_returns_same_second_messages_in_send_order ... ok
test group_message_history_returns_only_ciphertext_for_members ... ok
test group_stream_with_member_returns_sse_headers ... ok
test group_create_persists_name_membership_and_epoch_zero_keys ... ok
test group_add_member_broadcasts_epoch_event_to_members ... ok
test group_endpoints_reject_non_members_with_403 ... ok
test group_add_member_bumps_epoch_and_blocks_prior_epoch_keys ... ok

test result: ok. 12 passed; 0 failed; 0 ignored; 0 measured; 0 filtered out; finished in 0.05s

     Running tests/messages.rs (target/debug/deps/messages-a293061aac4fd650)

running 14 tests
test messages_inbox_requires_bearer_token ... ok
test messages_post_requires_bearer_token ... ok
test messages_inbox_empty_for_caller_with_no_inbound_messages ... ok
test keys_publish_requires_valid_identity_signature ... ok
test messages_history_returns_same_second_messages_in_send_order ... ok
test messages_stream_requires_bearer_token ... ok
test keys_fetch_returns_published_prekey_for_username ... ok
test messages_inbox_delivers_same_second_messages_in_send_order ... ok
test messages_inbox_since_cursor_returns_only_later_rows_and_advances ... ok
test messages_inbox_is_scoped_to_recipient_inbound_messages_only ... ok
test messages_table_stores_no_plaintext_columns ... ok
test messages_history_returns_only_ciphertext_and_is_scoped_to_the_pair ... ok
test messages_post_stores_exactly_the_ciphertext_blob ... ok
test messages_stream_with_valid_token_returns_sse_headers ... ok

test result: ok. 14 passed; 0 failed; 0 ignored; 0 measured; 0 filtered out; finished in 0.04s

     Running tests/register.rs (target/debug/deps/register-6f9d859b8574001d)

running 3 tests
test register_stores_only_public_account_fields ... ok
test register_rejects_duplicate_username_without_second_row ... ok
test register_rejects_malformed_input ... ok

test result: ok. 3 passed; 0 failed; 0 ignored; 0 measured; 0 filtered out; finished in 0.01s

     Running tests/schema.rs (target/debug/deps/schema-b038f68994545c75)

running 2 tests
test migration_creates_users_table_with_only_public_account_columns ... ok
test schema_dump_prints_schema_sample_row_and_rejects_private_material ... ok

test result: ok. 2 passed; 0 failed; 0 ignored; 0 measured; 0 filtered out; finished in 0.05s

     Running tests/zk_relay_audit.rs (target/debug/deps/zk_relay_audit-bd3d74422e342891)

running 4 tests
test zk_relay_audit_fails_when_attachments_shape_drifts ... ok
test zk_relay_audit_fails_when_plaintext_column_exists ... ok
test zk_relay_audit_fails_when_private_key_column_exists ... ok
test zk_relay_audit_passes_for_ciphertext_only_schema ... ok

test result: ok. 4 passed; 0 failed; 0 ignored; 0 measured; 0 filtered out; finished in 0.46s

     Running tests/zk_sentinel.rs (target/debug/deps/zk_sentinel-1d21ce2d7220d674)

running 1 test
test zk_sentinel_roundtrip_stores_only_ciphertext_in_raw_db ... ok

test result: ok. 1 passed; 0 failed; 0 ignored; 0 measured; 0 filtered out; finished in 0.03s

   Doc-tests test_chat_backend

running 0 tests

test result: ok. 0 passed; 0 failed; 0 ignored; 0 measured; 0 filtered out; finished in 0.00s
task-1c verify: running live registration + schema/row dump
task-1c live-register-dump: starting backend on http://127.0.0.1:44794
task-1c live-register-dump: backend health check returned 200
task-1c live-register-dump: registration returned 201 with user_id 5e1372c6-8d3f-4015-92d3-087dc447314c
task-1c live-register-dump: duplicate username returned 409
task-1c live-register-dump: malformed input returned 400
task-1c live-register-dump: running schema/row dump
PRAGMA table_info(users)
cid  name                 type  notnull  dflt_value  pk
---  -------------------  ----  -------  ----------  --
0    id                   TEXT  0                    1 
1    username             TEXT  1                    0 
2    identity_public_key  TEXT  1                    0 
3    created_at           TEXT  1                    0 

sample stored user row
id                                    username      identity_public_key   created_at          
------------------------------------  ------------  --------------------  --------------------
5e1372c6-8d3f-4015-92d3-087dc447314c  task_1c_live  cHVibGljLWtleS0xMjM0  2026-06-05T14:32:49Z

confirmed no private/secret columns or private material in users schema or sample row
task-1c live-register-dump: PASS
task-1c verify: PASS
verify: RUN (task-1d)
task-1d verify: starting backend on http://127.0.0.1:45915
task-1d verify: backend health check returned 200
task-1d verify: building ChatApp
[0/1] Planning build
Building for debugging...
[0/3] Write swift-version--58304C5D6DBC2206.txt
Build complete! (0.13s)
task-1d verify: running scoped Swift account-flow tests (no live group E2E)
[0/1] Planning build
Test Suite 'Selected tests' started at 2026-06-05 21:32:51.283.
Test Suite 'ChatAppPackageTests.xctest' started at 2026-06-05 21:32:51.284.
Test Suite 'AppRouterTests' started at 2026-06-05 21:32:51.284.
Test Case '-[ChatAppTests.AppRouterTests testResolveReturnsMainWhenAccountExists]' started.
Test Case '-[ChatAppTests.AppRouterTests testResolveReturnsMainWhenAccountExists]' passed (0.000 seconds).
Test Case '-[ChatAppTests.AppRouterTests testResolveReturnsRegistrationWhenNoAccountExists]' started.
Test Case '-[ChatAppTests.AppRouterTests testResolveReturnsRegistrationWhenNoAccountExists]' passed (0.000 seconds).
Test Suite 'AppRouterTests' passed at 2026-06-05 21:32:51.284.
	 Executed 2 tests, with 0 failures (0 unexpected) in 0.000 (0.001) seconds
Test Suite 'LiveRegistrationE2ETests' started at 2026-06-05 21:32:51.284.
Test Case '-[ChatAppTests.LiveRegistrationE2ETests testLiveRegistrationPersistsAccountAndDuplicateShowsTakenError]' started.
Test Case '-[ChatAppTests.LiveRegistrationE2ETests testLiveRegistrationPersistsAccountAndDuplicateShowsTakenError]' passed (0.012 seconds).
Test Suite 'LiveRegistrationE2ETests' passed at 2026-06-05 21:32:51.297.
	 Executed 1 test, with 0 failures (0 unexpected) in 0.012 (0.013) seconds
Test Suite 'LocalAccountStoreTests' started at 2026-06-05 21:32:51.297.
Test Case '-[ChatAppTests.LocalAccountStoreTests testAccountFileContainsOnlyPublicAccountMaterial]' started.
Test Case '-[ChatAppTests.LocalAccountStoreTests testAccountFileContainsOnlyPublicAccountMaterial]' passed (0.001 seconds).
Test Case '-[ChatAppTests.LocalAccountStoreTests testClearRemovesPersistedAccount]' started.
Test Case '-[ChatAppTests.LocalAccountStoreTests testClearRemovesPersistedAccount]' passed (0.000 seconds).
Test Case '-[ChatAppTests.LocalAccountStoreTests testFreshStoreInSameDirectoryLoadsPersistedAccount]' started.
Test Case '-[ChatAppTests.LocalAccountStoreTests testFreshStoreInSameDirectoryLoadsPersistedAccount]' passed (0.001 seconds).
Test Case '-[ChatAppTests.LocalAccountStoreTests testSaveRoundTripsCurrentAccountAndHasAccount]' started.
Test Case '-[ChatAppTests.LocalAccountStoreTests testSaveRoundTripsCurrentAccountAndHasAccount]' passed (0.000 seconds).
Test Suite 'LocalAccountStoreTests' passed at 2026-06-05 21:32:51.299.
	 Executed 4 tests, with 0 failures (0 unexpected) in 0.002 (0.002) seconds
Test Suite 'RegisterPayloadTests' started at 2026-06-05 21:32:51.299.
Test Case '-[ChatAppTests.RegisterPayloadTests testEncodesExactlyUsernameAndIdentityPublicKey]' started.
Test Case '-[ChatAppTests.RegisterPayloadTests testEncodesExactlyUsernameAndIdentityPublicKey]' passed (0.000 seconds).
Test Suite 'RegisterPayloadTests' passed at 2026-06-05 21:32:51.299.
	 Executed 1 test, with 0 failures (0 unexpected) in 0.000 (0.000) seconds
Test Suite 'RegistrationCoordinatorTests' started at 2026-06-05 21:32:51.299.
Test Case '-[ChatAppTests.RegistrationCoordinatorTests testExistingAccountMarksCoordinatorRegisteredAtInit]' started.
Test Case '-[ChatAppTests.RegistrationCoordinatorTests testExistingAccountMarksCoordinatorRegisteredAtInit]' passed (0.000 seconds).
Test Case '-[ChatAppTests.RegistrationCoordinatorTests testSuccessfulRegistrationPersistsAccountAndMarksRegistered]' started.
Test Case '-[ChatAppTests.RegistrationCoordinatorTests testSuccessfulRegistrationPersistsAccountAndMarksRegistered]' passed (0.001 seconds).
Test Case '-[ChatAppTests.RegistrationCoordinatorTests testUsernameTakenShowsClearErrorAndDoesNotPersistAccount]' started.
Test Case '-[ChatAppTests.RegistrationCoordinatorTests testUsernameTakenShowsClearErrorAndDoesNotPersistAccount]' passed (0.000 seconds).
Test Suite 'RegistrationCoordinatorTests' passed at 2026-06-05 21:32:51.301.
	 Executed 3 tests, with 0 failures (0 unexpected) in 0.001 (0.001) seconds
Test Suite 'RegistrationServiceCaptureTests' started at 2026-06-05 21:32:51.301.
Test Case '-[ChatAppTests.RegistrationServiceCaptureTests testHTTPClientMapsBadRequestToInvalid]' started.
Test Case '-[ChatAppTests.RegistrationServiceCaptureTests testHTTPClientMapsBadRequestToInvalid]' passed (0.000 seconds).
Test Case '-[ChatAppTests.RegistrationServiceCaptureTests testHTTPClientMapsConflictToUsernameTaken]' started.
Test Case '-[ChatAppTests.RegistrationServiceCaptureTests testHTTPClientMapsConflictToUsernameTaken]' passed (0.000 seconds).
Test Case '-[ChatAppTests.RegistrationServiceCaptureTests testHTTPClientTransmitsExactlyTwoFieldRegisterPayload]' started.
Test Case '-[ChatAppTests.RegistrationServiceCaptureTests testHTTPClientTransmitsExactlyTwoFieldRegisterPayload]' passed (0.000 seconds).
Test Suite 'RegistrationServiceCaptureTests' passed at 2026-06-05 21:32:51.302.
	 Executed 3 tests, with 0 failures (0 unexpected) in 0.001 (0.001) seconds
Test Suite 'ChatAppPackageTests.xctest' passed at 2026-06-05 21:32:51.302.
	 Executed 14 tests, with 0 failures (0 unexpected) in 0.017 (0.018) seconds
Test Suite 'Selected tests' passed at 2026-06-05 21:32:51.302.
	 Executed 14 tests, with 0 failures (0 unexpected) in 0.017 (0.019) seconds
􀟈  Test run started.
􀄵  Testing Library Version: 1902
􀄵  Target Platform: arm64e-apple-macos14.0
􁁛  Test run with 0 tests in 0 suites passed after 0.001 seconds.
task-1d verify: running schema/row dump
PRAGMA table_info(users)
cid  name                 type  notnull  dflt_value  pk
---  -------------------  ----  -------  ----------  --
0    id                   TEXT  0                    1 
1    username             TEXT  1                    0 
2    identity_public_key  TEXT  1                    0 
3    created_at           TEXT  1                    0 

sample stored user row
id                                    username                   identity_public_key                           created_at          
------------------------------------  -------------------------  --------------------------------------------  --------------------
eb43edc6-640d-4fd3-8693-070dcd75d6f5  live_D0CF119883B24255A8BA  0XnvfWpEOWmaZ9HpRAoULhm4LYjCpElpWaUr/24WyAk=  2026-06-05T14:32:51Z

confirmed no private/secret columns or private material in users schema or sample row
task-1d verify: PASS
/Users/ngthluu/choscor/test-chat-app/.agentloop/worktrees/task-fix-task8-verify-b3/.agentloop/state/tasks/task-1d/verify.sh: line 22: 72922 Terminated: 15          ( cd "${BACKEND_DIR}"; cargo run -- --db-path "${DB_PATH}" --port "${PORT}" ) > "${SERVER_LOG}" 2>&1
verify: RUN (task-3)
task-3 verify: building and testing backend
    Finished `dev` profile [unoptimized + debuginfo] target(s) in 0.07s
    Finished `test` profile [unoptimized + debuginfo] target(s) in 0.06s
     Running unittests src/lib.rs (target/debug/deps/test_chat_backend-acfff881fbeff8b8)

running 0 tests

test result: ok. 0 passed; 0 failed; 0 ignored; 0 measured; 0 filtered out; finished in 0.00s

     Running unittests src/main.rs (target/debug/deps/test_chat_backend-9d5476f2c3843da5)

running 0 tests

test result: ok. 0 passed; 0 failed; 0 ignored; 0 measured; 0 filtered out; finished in 0.00s

     Running tests/attachments.rs (target/debug/deps/attachments-14ccd7d85cb70557)

running 5 tests
test attachments_table_stores_no_plaintext_columns ... ok
test attachment_requires_bearer_token ... ok
test attachment_download_unknown_id_is_404 ... ok
test attachment_upload_then_download_round_trips_exact_bytes ... ok
test attachment_upload_rejects_oversize_payload_with_413 ... ok

test result: ok. 5 passed; 0 failed; 0 ignored; 0 measured; 0 filtered out; finished in 0.01s

     Running tests/auth.rs (target/debug/deps/auth-8604fa95047f6e2f)

running 8 tests
test auth_tables_store_no_private_material ... ok
test auth_challenge_rejects_unknown_user ... ok
test auth_session_rejects_unknown_token ... ok
test auth_malformed_json_returns_bad_request ... ok
test auth_challenge_returns_nonce_for_known_user ... ok
test auth_verify_with_valid_signature_issues_session_token ... ok
test auth_verify_with_bad_signature_is_rejected ... ok
test auth_verify_rejects_unknown_or_reused_challenge ... ok

test result: ok. 8 passed; 0 failed; 0 ignored; 0 measured; 0 filtered out; finished in 0.02s

     Running tests/conversations.rs (target/debug/deps/conversations-a7ed8ac73ee40eae)

running 7 tests
test conversations_requires_bearer_token ... ok
test conversations_include_inbound_only_peer_started_while_viewer_was_offline ... ok
test conversations_return_ciphertext_and_metadata_without_plaintext ... ok
test conversations_lists_distinct_peers_ordered_by_recent_activity ... ok
test conversations_use_rowid_tiebreaks_instead_of_random_uuid_order ... ok
test conversations_empty_for_user_with_no_messages ... ok
test conversations_scope_excludes_unrelated_pairs_and_names_the_peer ... ok

test result: ok. 7 passed; 0 failed; 0 ignored; 0 measured; 0 filtered out; finished in 0.02s

     Running tests/groups.rs (target/debug/deps/groups-dd51c3ddb97e60c4)

running 12 tests
test group_create_requires_bearer_token ... ok
test group_stream_requires_bearer_token ... ok
test group_tables_store_no_plaintext_columns ... ok
test group_list_returns_all_member_groups_in_rowid_order ... ok
test group_message_history_returns_only_ciphertext_for_members ... ok
test group_message_post_stores_exactly_the_ciphertext_blob ... ok
test group_message_history_returns_same_second_messages_in_send_order ... ok
test group_stream_with_member_returns_sse_headers ... ok
test group_add_member_broadcasts_epoch_event_to_members ... ok
test group_create_persists_name_membership_and_epoch_zero_keys ... ok
test group_endpoints_reject_non_members_with_403 ... ok
test group_add_member_bumps_epoch_and_blocks_prior_epoch_keys ... ok

test result: ok. 12 passed; 0 failed; 0 ignored; 0 measured; 0 filtered out; finished in 0.04s

     Running tests/messages.rs (target/debug/deps/messages-a293061aac4fd650)

running 14 tests
test messages_inbox_requires_bearer_token ... ok
test messages_post_requires_bearer_token ... ok
test messages_inbox_empty_for_caller_with_no_inbound_messages ... ok
test keys_publish_requires_valid_identity_signature ... ok
test messages_history_returns_same_second_messages_in_send_order ... ok
test messages_inbox_since_cursor_returns_only_later_rows_and_advances ... ok
test messages_inbox_delivers_same_second_messages_in_send_order ... ok
test keys_fetch_returns_published_prekey_for_username ... ok
test messages_stream_requires_bearer_token ... ok
test messages_inbox_is_scoped_to_recipient_inbound_messages_only ... ok
test messages_table_stores_no_plaintext_columns ... ok
test messages_history_returns_only_ciphertext_and_is_scoped_to_the_pair ... ok
test messages_stream_with_valid_token_returns_sse_headers ... ok
test messages_post_stores_exactly_the_ciphertext_blob ... ok

test result: ok. 14 passed; 0 failed; 0 ignored; 0 measured; 0 filtered out; finished in 0.03s

     Running tests/register.rs (target/debug/deps/register-6f9d859b8574001d)

running 3 tests
test register_stores_only_public_account_fields ... ok
test register_rejects_duplicate_username_without_second_row ... ok
test register_rejects_malformed_input ... ok

test result: ok. 3 passed; 0 failed; 0 ignored; 0 measured; 0 filtered out; finished in 0.01s

     Running tests/schema.rs (target/debug/deps/schema-b038f68994545c75)

running 2 tests
test migration_creates_users_table_with_only_public_account_columns ... ok
test schema_dump_prints_schema_sample_row_and_rejects_private_material ... ok

test result: ok. 2 passed; 0 failed; 0 ignored; 0 measured; 0 filtered out; finished in 0.03s

     Running tests/zk_relay_audit.rs (target/debug/deps/zk_relay_audit-bd3d74422e342891)

running 4 tests
test zk_relay_audit_fails_when_attachments_shape_drifts ... ok
test zk_relay_audit_fails_when_plaintext_column_exists ... ok
test zk_relay_audit_fails_when_private_key_column_exists ... ok
test zk_relay_audit_passes_for_ciphertext_only_schema ... ok

test result: ok. 4 passed; 0 failed; 0 ignored; 0 measured; 0 filtered out; finished in 0.35s

     Running tests/zk_sentinel.rs (target/debug/deps/zk_sentinel-1d21ce2d7220d674)

running 1 test
test zk_sentinel_roundtrip_stores_only_ciphertext_in_raw_db ... ok

test result: ok. 1 passed; 0 failed; 0 ignored; 0 measured; 0 filtered out; finished in 0.02s

   Doc-tests test_chat_backend

running 0 tests

test result: ok. 0 passed; 0 failed; 0 ignored; 0 measured; 0 filtered out; finished in 0.00s
task-3 verify: starting backend on http://127.0.0.1:46031
task-3 verify: backend health check returned 200
task-3 verify: building and testing Swift app with live DM E2E
[0/1] Planning build
Building for debugging...
[0/3] Write swift-version--58304C5D6DBC2206.txt
Build complete! (0.12s)
[0/1] Planning build
Building for debugging...
[0/4] Write swift-version--58304C5D6DBC2206.txt
Build complete! (0.12s)
Test Suite 'Selected tests' started at 2026-06-05 21:32:54.205.
Test Suite 'ChatAppPackageTests.xctest' started at 2026-06-05 21:32:54.205.
Test Suite 'DMCoordinatorTests' started at 2026-06-05 21:32:54.205.
Test Case '-[ChatAppTests.DMCoordinatorTests testCancelLiveSubscriptionCancelsWithoutRemovingMessages]' started.
Test Case '-[ChatAppTests.DMCoordinatorTests testCancelLiveSubscriptionCancelsWithoutRemovingMessages]' passed (0.038 seconds).
Test Case '-[ChatAppTests.DMCoordinatorTests testLoadHistoryDecryptsInboundRecordIntoDisplayMessages]' started.
Test Case '-[ChatAppTests.DMCoordinatorTests testLoadHistoryDecryptsInboundRecordIntoDisplayMessages]' passed (0.029 seconds).
Test Case '-[ChatAppTests.DMCoordinatorTests testLoadHistoryDetectsAttachmentDescriptorAndDownloadReturnsOriginalBytes]' started.
Test Case '-[ChatAppTests.DMCoordinatorTests testLoadHistoryDetectsAttachmentDescriptorAndDownloadReturnsOriginalBytes]' passed (0.032 seconds).
Test Case '-[ChatAppTests.DMCoordinatorTests testSendAttachmentUploadsEncryptedBlobAndSendsEncryptedDescriptor]' started.
Test Case '-[ChatAppTests.DMCoordinatorTests testSendAttachmentUploadsEncryptedBlobAndSendsEncryptedDescriptor]' passed (0.032 seconds).
Test Case '-[ChatAppTests.DMCoordinatorTests testSendEncryptsCiphertextAndRecipientCanDecryptIt]' started.
Test Case '-[ChatAppTests.DMCoordinatorTests testSendEncryptsCiphertextAndRecipientCanDecryptIt]' passed (0.029 seconds).
Test Case '-[ChatAppTests.DMCoordinatorTests testStartConversationRejectsPeerWithInvalidPrekeySignature]' started.
Test Case '-[ChatAppTests.DMCoordinatorTests testStartConversationRejectsPeerWithInvalidPrekeySignature]' passed (0.012 seconds).
Test Case '-[ChatAppTests.DMCoordinatorTests testStartConversationShowsUserNotFoundForMissingPeer]' started.
Test Case '-[ChatAppTests.DMCoordinatorTests testStartConversationShowsUserNotFoundForMissingPeer]' passed (0.011 seconds).
Test Case '-[ChatAppTests.DMCoordinatorTests testSubscribeLiveCatchesUpOfflineHistoryInServerOrderAndDedupesSSE]' started.
Test Case '-[ChatAppTests.DMCoordinatorTests testSubscribeLiveCatchesUpOfflineHistoryInServerOrderAndDedupesSSE]' passed (0.036 seconds).
Test Case '-[ChatAppTests.DMCoordinatorTests testSubscribeLiveDecryptsInboundRecordAndDedupesExistingMessages]' started.
Test Case '-[ChatAppTests.DMCoordinatorTests testSubscribeLiveDecryptsInboundRecordAndDedupesExistingMessages]' passed (0.092 seconds).
Test Case '-[ChatAppTests.DMCoordinatorTests testSubscribeLiveDeliversAttachmentDisplayDedupesAndDownloadsOriginalBytes]' started.
Test Case '-[ChatAppTests.DMCoordinatorTests testSubscribeLiveDeliversAttachmentDisplayDedupesAndDownloadsOriginalBytes]' passed (0.201 seconds).
Test Suite 'DMCoordinatorTests' passed at 2026-06-05 21:32:54.718.
	 Executed 10 tests, with 0 failures (0 unexpected) in 0.512 (0.513) seconds
Test Suite 'HTTPMessageServiceTests' started at 2026-06-05 21:32:54.718.
Test Case '-[ChatAppTests.HTTPMessageServiceTests testFetchPrekeyDecodesResponseAndMaps404ToNil]' started.
Test Case '-[ChatAppTests.HTTPMessageServiceTests testFetchPrekeyDecodesResponseAndMaps404ToNil]' passed (0.008 seconds).
Test Case '-[ChatAppTests.HTTPMessageServiceTests testHistoryDecodesBackendObjectResponse]' started.
Test Case '-[ChatAppTests.HTTPMessageServiceTests testHistoryDecodesBackendObjectResponse]' passed (0.001 seconds).
Test Case '-[ChatAppTests.HTTPMessageServiceTests testHistoryDecodesMessageRecords]' started.
Test Case '-[ChatAppTests.HTTPMessageServiceTests testHistoryDecodesMessageRecords]' passed (0.000 seconds).
Test Case '-[ChatAppTests.HTTPMessageServiceTests testInboxGetsSinceCursorWithBearerTokenAndDecodesPage]' started.
Test Case '-[ChatAppTests.HTTPMessageServiceTests testInboxGetsSinceCursorWithBearerTokenAndDecodesPage]' passed (0.001 seconds).
Test Case '-[ChatAppTests.HTTPMessageServiceTests testLiveMessagesYieldsSSERecordsAndCompletes]' started.
Test Case '-[ChatAppTests.HTTPMessageServiceTests testLiveMessagesYieldsSSERecordsAndCompletes]' passed (0.001 seconds).
Test Case '-[ChatAppTests.HTTPMessageServiceTests testParseSSEEventDecodesDataLineAndIgnoresOtherLines]' started.
Test Case '-[ChatAppTests.HTTPMessageServiceTests testParseSSEEventDecodesDataLineAndIgnoresOtherLines]' passed (0.000 seconds).
Test Case '-[ChatAppTests.HTTPMessageServiceTests testPublishPrekeyPutsSignedPrekeyWithBearerToken]' started.
Test Case '-[ChatAppTests.HTTPMessageServiceTests testPublishPrekeyPutsSignedPrekeyWithBearerToken]' passed (0.001 seconds).
Test Case '-[ChatAppTests.HTTPMessageServiceTests testSendMapsRecipientNotFoundAndFailure]' started.
Test Case '-[ChatAppTests.HTTPMessageServiceTests testSendMapsRecipientNotFoundAndFailure]' passed (0.001 seconds).
Test Case '-[ChatAppTests.HTTPMessageServiceTests testSendPostsCiphertextOnlyWithBearerToken]' started.
Test Case '-[ChatAppTests.HTTPMessageServiceTests testSendPostsCiphertextOnlyWithBearerToken]' passed (0.001 seconds).
Test Suite 'HTTPMessageServiceTests' passed at 2026-06-05 21:32:54.731.
	 Executed 9 tests, with 0 failures (0 unexpected) in 0.012 (0.013) seconds
Test Suite 'LiveAuthE2ETests' started at 2026-06-05 21:32:54.731.
Test Case '-[ChatAppTests.LiveAuthE2ETests testLivePasswordFreeAuthRoundTripAndRejectsCorruptedSignature]' started.
Test Case '-[ChatAppTests.LiveAuthE2ETests testLivePasswordFreeAuthRoundTripAndRejectsCorruptedSignature]' passed (0.019 seconds).
Test Suite 'LiveAuthE2ETests' passed at 2026-06-05 21:32:54.750.
	 Executed 1 test, with 0 failures (0 unexpected) in 0.019 (0.019) seconds
Test Suite 'LiveDME2ETests' started at 2026-06-05 21:32:54.750.
Test Case '-[ChatAppTests.LiveDME2ETests testLiveEncryptedDirectMessageRoundTripStoresOnlyCiphertext]' started.
Test Case '-[ChatAppTests.LiveDME2ETests testLiveEncryptedDirectMessageRoundTripStoresOnlyCiphertext]' passed (0.178 seconds).
Test Suite 'LiveDME2ETests' passed at 2026-06-05 21:32:54.928.
	 Executed 1 test, with 0 failures (0 unexpected) in 0.178 (0.178) seconds
Test Suite 'LiveRegistrationE2ETests' started at 2026-06-05 21:32:54.928.
Test Case '-[ChatAppTests.LiveRegistrationE2ETests testLiveRegistrationPersistsAccountAndDuplicateShowsTakenError]' started.
Test Case '-[ChatAppTests.LiveRegistrationE2ETests testLiveRegistrationPersistsAccountAndDuplicateShowsTakenError]' passed (0.004 seconds).
Test Suite 'LiveRegistrationE2ETests' passed at 2026-06-05 21:32:54.932.
	 Executed 1 test, with 0 failures (0 unexpected) in 0.004 (0.004) seconds
Test Suite 'MessageCryptoTests' started at 2026-06-05 21:32:54.932.
Test Case '-[ChatAppTests.MessageCryptoTests testEncryptDecryptRoundTripsToExactPlaintext]' started.
Test Case '-[ChatAppTests.MessageCryptoTests testEncryptDecryptRoundTripsToExactPlaintext]' passed (0.000 seconds).
Test Case '-[ChatAppTests.MessageCryptoTests testEnvelopeBytesDoNotContainPlaintext]' started.
Test Case '-[ChatAppTests.MessageCryptoTests testEnvelopeBytesDoNotContainPlaintext]' passed (0.000 seconds).
Test Case '-[ChatAppTests.MessageCryptoTests testPrekeySignatureVerifiesAndRejectsTampering]' started.
Test Case '-[ChatAppTests.MessageCryptoTests testPrekeySignatureVerifiesAndRejectsTampering]' passed (0.001 seconds).
Test Case '-[ChatAppTests.MessageCryptoTests testSamePlaintextEncryptsToDifferentEnvelopes]' started.
Test Case '-[ChatAppTests.MessageCryptoTests testSamePlaintextEncryptsToDifferentEnvelopes]' passed (0.000 seconds).
Test Case '-[ChatAppTests.MessageCryptoTests testTamperedEnvelopeThrows]' started.
Test Case '-[ChatAppTests.MessageCryptoTests testTamperedEnvelopeThrows]' passed (0.001 seconds).
Test Case '-[ChatAppTests.MessageCryptoTests testThirdPartyCannotDecrypt]' started.
Test Case '-[ChatAppTests.MessageCryptoTests testThirdPartyCannotDecrypt]' passed (0.000 seconds).
Test Suite 'MessageCryptoTests' passed at 2026-06-05 21:32:54.935.
	 Executed 6 tests, with 0 failures (0 unexpected) in 0.002 (0.003) seconds
Test Suite 'MessageEnvelopeTests' started at 2026-06-05 21:32:54.935.
Test Case '-[ChatAppTests.MessageEnvelopeTests testEncodedPayloadsContainNoPlaintextBodyOrTextFields]' started.
Test Case '-[ChatAppTests.MessageEnvelopeTests testEncodedPayloadsContainNoPlaintextBodyOrTextFields]' passed (0.000 seconds).
Test Case '-[ChatAppTests.MessageEnvelopeTests testMessageRecordDecodesSnakeCaseFields]' started.
Test Case '-[ChatAppTests.MessageEnvelopeTests testMessageRecordDecodesSnakeCaseFields]' passed (0.000 seconds).
Test Case '-[ChatAppTests.MessageEnvelopeTests testPrekeyResponseDecodesSnakeCaseFields]' started.
Test Case '-[ChatAppTests.MessageEnvelopeTests testPrekeyResponseDecodesSnakeCaseFields]' passed (0.000 seconds).
Test Case '-[ChatAppTests.MessageEnvelopeTests testPublishPrekeyRequestEncodesExactSnakeCaseKeys]' started.
Test Case '-[ChatAppTests.MessageEnvelopeTests testPublishPrekeyRequestEncodesExactSnakeCaseKeys]' passed (0.000 seconds).
Test Case '-[ChatAppTests.MessageEnvelopeTests testSendMessageRequestEncodesExactCiphertextKeys]' started.
Test Case '-[ChatAppTests.MessageEnvelopeTests testSendMessageRequestEncodesExactCiphertextKeys]' passed (0.000 seconds).
Test Case '-[ChatAppTests.MessageEnvelopeTests testSendMessageResponseDecodesSnakeCaseFields]' started.
Test Case '-[ChatAppTests.MessageEnvelopeTests testSendMessageResponseDecodesSnakeCaseFields]' passed (0.000 seconds).
Test Suite 'MessageEnvelopeTests' passed at 2026-06-05 21:32:54.936.
	 Executed 6 tests, with 0 failures (0 unexpected) in 0.001 (0.001) seconds
Test Suite 'ChatAppPackageTests.xctest' passed at 2026-06-05 21:32:54.936.
	 Executed 34 tests, with 0 failures (0 unexpected) in 0.728 (0.731) seconds
Test Suite 'Selected tests' passed at 2026-06-05 21:32:54.936.
	 Executed 34 tests, with 0 failures (0 unexpected) in 0.728 (0.731) seconds
􀟈  Test run started.
􀄵  Testing Library Version: 1902
􀄵  Target Platform: arm64e-apple-macos14.0
􁁛  Test run with 0 tests in 0 suites passed after 0.001 seconds.
task-3 verify: proving wire, history, and DB contain ciphertext only
task-3 verify: checking message/device key schemas
task-3 verify: PASS
/Users/ngthluu/choscor/test-chat-app/.agentloop/worktrees/task-fix-task8-verify-b3/.agentloop/state/tasks/task-3/verify.sh: line 26: 73747 Terminated: 15          ( cd "${BACKEND_DIR}"; cargo run -- --db-path "${DB_PATH}" --port "${PORT}" ) > "${SERVER_LOG}" 2>&1
verify: RUN (task-4)
task-4 verify: STEP A backend build and tests
    Finished `dev` profile [unoptimized + debuginfo] target(s) in 0.07s
    Finished `test` profile [unoptimized + debuginfo] target(s) in 0.06s
     Running unittests src/lib.rs (target/debug/deps/test_chat_backend-acfff881fbeff8b8)

running 0 tests

test result: ok. 0 passed; 0 failed; 0 ignored; 0 measured; 0 filtered out; finished in 0.00s

     Running unittests src/main.rs (target/debug/deps/test_chat_backend-9d5476f2c3843da5)

running 0 tests

test result: ok. 0 passed; 0 failed; 0 ignored; 0 measured; 0 filtered out; finished in 0.00s

     Running tests/attachments.rs (target/debug/deps/attachments-14ccd7d85cb70557)

running 5 tests
test attachments_table_stores_no_plaintext_columns ... ok
test attachment_requires_bearer_token ... ok
test attachment_download_unknown_id_is_404 ... ok
test attachment_upload_then_download_round_trips_exact_bytes ... ok
test attachment_upload_rejects_oversize_payload_with_413 ... ok

test result: ok. 5 passed; 0 failed; 0 ignored; 0 measured; 0 filtered out; finished in 0.02s

     Running tests/auth.rs (target/debug/deps/auth-8604fa95047f6e2f)

running 8 tests
test auth_session_rejects_unknown_token ... ok
test auth_tables_store_no_private_material ... ok
test auth_challenge_rejects_unknown_user ... ok
test auth_malformed_json_returns_bad_request ... ok
test auth_challenge_returns_nonce_for_known_user ... ok
test auth_verify_with_bad_signature_is_rejected ... ok
test auth_verify_rejects_unknown_or_reused_challenge ... ok
test auth_verify_with_valid_signature_issues_session_token ... ok

test result: ok. 8 passed; 0 failed; 0 ignored; 0 measured; 0 filtered out; finished in 0.02s

     Running tests/conversations.rs (target/debug/deps/conversations-a7ed8ac73ee40eae)

running 7 tests
test conversations_requires_bearer_token ... ok
test conversations_include_inbound_only_peer_started_while_viewer_was_offline ... ok
test conversations_return_ciphertext_and_metadata_without_plaintext ... ok
test conversations_empty_for_user_with_no_messages ... ok
test conversations_use_rowid_tiebreaks_instead_of_random_uuid_order ... ok
test conversations_scope_excludes_unrelated_pairs_and_names_the_peer ... ok
test conversations_lists_distinct_peers_ordered_by_recent_activity ... ok

test result: ok. 7 passed; 0 failed; 0 ignored; 0 measured; 0 filtered out; finished in 0.02s

     Running tests/groups.rs (target/debug/deps/groups-dd51c3ddb97e60c4)

running 12 tests
test group_create_requires_bearer_token ... ok
test group_stream_requires_bearer_token ... ok
test group_tables_store_no_plaintext_columns ... ok
test group_list_returns_all_member_groups_in_rowid_order ... ok
test group_message_post_stores_exactly_the_ciphertext_blob ... ok
test group_message_history_returns_same_second_messages_in_send_order ... ok
test group_message_history_returns_only_ciphertext_for_members ... ok
test group_stream_with_member_returns_sse_headers ... ok
test group_create_persists_name_membership_and_epoch_zero_keys ... ok
test group_add_member_broadcasts_epoch_event_to_members ... ok
test group_endpoints_reject_non_members_with_403 ... ok
test group_add_member_bumps_epoch_and_blocks_prior_epoch_keys ... ok

test result: ok. 12 passed; 0 failed; 0 ignored; 0 measured; 0 filtered out; finished in 0.04s

     Running tests/messages.rs (target/debug/deps/messages-a293061aac4fd650)

running 14 tests
test messages_post_requires_bearer_token ... ok
test messages_inbox_requires_bearer_token ... ok
test messages_inbox_empty_for_caller_with_no_inbound_messages ... ok
test keys_publish_requires_valid_identity_signature ... ok
test messages_inbox_since_cursor_returns_only_later_rows_and_advances ... ok
test messages_inbox_delivers_same_second_messages_in_send_order ... ok
test messages_history_returns_same_second_messages_in_send_order ... ok
test messages_stream_requires_bearer_token ... ok
test keys_fetch_returns_published_prekey_for_username ... ok
test messages_inbox_is_scoped_to_recipient_inbound_messages_only ... ok
test messages_table_stores_no_plaintext_columns ... ok
test messages_history_returns_only_ciphertext_and_is_scoped_to_the_pair ... ok
test messages_stream_with_valid_token_returns_sse_headers ... ok
test messages_post_stores_exactly_the_ciphertext_blob ... ok

test result: ok. 14 passed; 0 failed; 0 ignored; 0 measured; 0 filtered out; finished in 0.04s

     Running tests/register.rs (target/debug/deps/register-6f9d859b8574001d)

running 3 tests
test register_stores_only_public_account_fields ... ok
test register_rejects_duplicate_username_without_second_row ... ok
test register_rejects_malformed_input ... ok

test result: ok. 3 passed; 0 failed; 0 ignored; 0 measured; 0 filtered out; finished in 0.01s

     Running tests/schema.rs (target/debug/deps/schema-b038f68994545c75)

running 2 tests
test migration_creates_users_table_with_only_public_account_columns ... ok
test schema_dump_prints_schema_sample_row_and_rejects_private_material ... ok

test result: ok. 2 passed; 0 failed; 0 ignored; 0 measured; 0 filtered out; finished in 0.03s

     Running tests/zk_relay_audit.rs (target/debug/deps/zk_relay_audit-bd3d74422e342891)

running 4 tests
test zk_relay_audit_fails_when_attachments_shape_drifts ... ok
test zk_relay_audit_fails_when_plaintext_column_exists ... ok
test zk_relay_audit_fails_when_private_key_column_exists ... ok
test zk_relay_audit_passes_for_ciphertext_only_schema ... ok

test result: ok. 4 passed; 0 failed; 0 ignored; 0 measured; 0 filtered out; finished in 0.38s

     Running tests/zk_sentinel.rs (target/debug/deps/zk_sentinel-1d21ce2d7220d674)

running 1 test
test zk_sentinel_roundtrip_stores_only_ciphertext_in_raw_db ... ok

test result: ok. 1 passed; 0 failed; 0 ignored; 0 measured; 0 filtered out; finished in 0.02s

   Doc-tests test_chat_backend

running 0 tests

test result: ok. 0 passed; 0 failed; 0 ignored; 0 measured; 0 filtered out; finished in 0.00s
task-4 verify: STEP B independent sentinel DB audit
task-4 verify: DM sentinel absent from raw SQLite bytes; messages.ciphertext matches wire ciphertext
task-4 verify: attachment sentinel absent from raw SQLite bytes; attachment metadata row present without plaintext
ZERO-KNOWLEDGE SCHEMA AUDIT
database: /var/folders/q9/1lgsjv4n37n0gcrdmg1rfjy00000gn/T/zk-sentinel-1a0a523d-72bc-4859-a959-2261763fb548.sqlite

table: attachments
PRAGMA table_info(attachments)
cid  name         type     notnull  dflt_value  pk
---  -----------  -------  -------  ----------  --
0    id           TEXT     0                    1 
1    uploader_id  TEXT     1                    0 
2    ciphertext   BLOB     1                    0 
3    byte_size    INTEGER  1                    0 
4    created_at   TEXT     1                    0 
classification:
  - id: identifier
  - uploader_id: routing-metadata
  - ciphertext: opaque-ciphertext
  - byte_size: routing-metadata
  - created_at: timestamp

table: auth_challenges
PRAGMA table_info(auth_challenges)
cid  name        type  notnull  dflt_value  pk
---  ----------  ----  -------  ----------  --
0    id          TEXT  0                    1 
1    user_id     TEXT  1                    0 
2    nonce       TEXT  1                    0 
3    created_at  TEXT  1                    0 
4    expires_at  TEXT  1                    0 
classification:
  - id: identifier
  - user_id: identifier
  - nonce: random-nonce
  - created_at: timestamp
  - expires_at: timestamp

table: device_keys
PRAGMA table_info(device_keys)
cid  name               type  notnull  dflt_value  pk
---  -----------------  ----  -------  ----------  --
0    user_id            TEXT  0                    1 
1    x25519_public_key  TEXT  1                    0 
2    key_signature      TEXT  1                    0 
3    created_at         TEXT  1                    0 
classification:
  - user_id: identifier
  - x25519_public_key: public-key
  - key_signature: signature
  - created_at: timestamp

table: group_keys
PRAGMA table_info(group_keys)
cid  name         type     notnull  dflt_value  pk
---  -----------  -------  -------  ----------  --
0    group_id     TEXT     1                    1 
1    epoch        INTEGER  1                    2 
2    member_id    TEXT     1                    3 
3    wrapped_key  TEXT     1                    0 
4    created_at   TEXT     1                    0 
classification:
  - group_id: identifier
  - epoch: identifier
  - member_id: identifier
  - wrapped_key: identifier
  - created_at: timestamp

table: group_members
PRAGMA table_info(group_members)
cid  name          type     notnull  dflt_value  pk
---  ------------  -------  -------  ----------  --
0    group_id      TEXT     1                    1 
1    user_id       TEXT     1                    2 
2    joined_epoch  INTEGER  1                    0 
3    added_at      TEXT     1                    0 
classification:
  - group_id: identifier
  - user_id: identifier
  - joined_epoch: identifier
  - added_at: identifier

table: group_messages
PRAGMA table_info(group_messages)
cid  name        type     notnull  dflt_value  pk
---  ----------  -------  -------  ----------  --
0    id          TEXT     0                    1 
1    group_id    TEXT     1                    0 
2    sender_id   TEXT     1                    0 
3    epoch       INTEGER  1                    0 
4    ciphertext  TEXT     1                    0 
5    created_at  TEXT     1                    0 
classification:
  - id: identifier
  - group_id: identifier
  - sender_id: identifier
  - epoch: identifier
  - ciphertext: identifier
  - created_at: timestamp

table: groups
PRAGMA table_info(groups)
cid  name           type     notnull  dflt_value  pk
---  -------------  -------  -------  ----------  --
0    id             TEXT     0                    1 
1    name           TEXT     1                    0 
2    creator_id     TEXT     1                    0 
3    current_epoch  INTEGER  1                    0 
4    created_at     TEXT     1                    0 
classification:
  - id: identifier
  - name: identifier
  - creator_id: identifier
  - current_epoch: identifier
  - created_at: timestamp

table: messages
PRAGMA table_info(messages)
cid  name          type  notnull  dflt_value  pk
---  ------------  ----  -------  ----------  --
0    id            TEXT  0                    1 
1    sender_id     TEXT  1                    0 
2    recipient_id  TEXT  1                    0 
3    ciphertext    TEXT  1                    0 
4    created_at    TEXT  1                    0 
classification:
  - id: identifier
  - sender_id: routing-metadata
  - recipient_id: routing-metadata
  - ciphertext: opaque-ciphertext
  - created_at: timestamp

table: sessions
PRAGMA table_info(sessions)
cid  name        type  notnull  dflt_value  pk
---  ----------  ----  -------  ----------  --
0    token       TEXT  0                    1 
1    user_id     TEXT  1                    0 
2    created_at  TEXT  1                    0 
3    expires_at  TEXT  1                    0 
classification:
  - token: session-token
  - user_id: identifier
  - created_at: timestamp
  - expires_at: timestamp

table: users
PRAGMA table_info(users)
cid  name                 type  notnull  dflt_value  pk
---  -------------------  ----  -------  ----------  --
0    id                   TEXT  0                    1 
1    username             TEXT  1                    0 
2    identity_public_key  TEXT  1                    0 
3    created_at           TEXT  1                    0 
classification:
  - id: identifier
  - username: identifier
  - identity_public_key: public-key
  - created_at: timestamp

ZERO-KNOWLEDGE SCHEMA AUDIT: PASS — no plaintext or private-key columns in any table
task-4 verify: STEP C live backend schema and log audit on http://127.0.0.1:47928
task-4 verify: backend health check returned 200
ZERO-KNOWLEDGE SCHEMA AUDIT
database: /var/folders/q9/1lgsjv4n37n0gcrdmg1rfjy00000gn/T/task-4-live-db.XXXXXX.9IUn2Mi6n3

table: attachments
PRAGMA table_info(attachments)
cid  name         type     notnull  dflt_value  pk
---  -----------  -------  -------  ----------  --
0    id           TEXT     0                    1 
1    uploader_id  TEXT     1                    0 
2    ciphertext   BLOB     1                    0 
3    byte_size    INTEGER  1                    0 
4    created_at   TEXT     1                    0 
classification:
  - id: identifier
  - uploader_id: routing-metadata
  - ciphertext: opaque-ciphertext
  - byte_size: routing-metadata
  - created_at: timestamp

table: auth_challenges
PRAGMA table_info(auth_challenges)
cid  name        type  notnull  dflt_value  pk
---  ----------  ----  -------  ----------  --
0    id          TEXT  0                    1 
1    user_id     TEXT  1                    0 
2    nonce       TEXT  1                    0 
3    created_at  TEXT  1                    0 
4    expires_at  TEXT  1                    0 
classification:
  - id: identifier
  - user_id: identifier
  - nonce: random-nonce
  - created_at: timestamp
  - expires_at: timestamp

table: device_keys
PRAGMA table_info(device_keys)
cid  name               type  notnull  dflt_value  pk
---  -----------------  ----  -------  ----------  --
0    user_id            TEXT  0                    1 
1    x25519_public_key  TEXT  1                    0 
2    key_signature      TEXT  1                    0 
3    created_at         TEXT  1                    0 
classification:
  - user_id: identifier
  - x25519_public_key: public-key
  - key_signature: signature
  - created_at: timestamp

table: group_keys
PRAGMA table_info(group_keys)
cid  name         type     notnull  dflt_value  pk
---  -----------  -------  -------  ----------  --
0    group_id     TEXT     1                    1 
1    epoch        INTEGER  1                    2 
2    member_id    TEXT     1                    3 
3    wrapped_key  TEXT     1                    0 
4    created_at   TEXT     1                    0 
classification:
  - group_id: identifier
  - epoch: identifier
  - member_id: identifier
  - wrapped_key: identifier
  - created_at: timestamp

table: group_members
PRAGMA table_info(group_members)
cid  name          type     notnull  dflt_value  pk
---  ------------  -------  -------  ----------  --
0    group_id      TEXT     1                    1 
1    user_id       TEXT     1                    2 
2    joined_epoch  INTEGER  1                    0 
3    added_at      TEXT     1                    0 
classification:
  - group_id: identifier
  - user_id: identifier
  - joined_epoch: identifier
  - added_at: identifier

table: group_messages
PRAGMA table_info(group_messages)
cid  name        type     notnull  dflt_value  pk
---  ----------  -------  -------  ----------  --
0    id          TEXT     0                    1 
1    group_id    TEXT     1                    0 
2    sender_id   TEXT     1                    0 
3    epoch       INTEGER  1                    0 
4    ciphertext  TEXT     1                    0 
5    created_at  TEXT     1                    0 
classification:
  - id: identifier
  - group_id: identifier
  - sender_id: identifier
  - epoch: identifier
  - ciphertext: identifier
  - created_at: timestamp

table: groups
PRAGMA table_info(groups)
cid  name           type     notnull  dflt_value  pk
---  -------------  -------  -------  ----------  --
0    id             TEXT     0                    1 
1    name           TEXT     1                    0 
2    creator_id     TEXT     1                    0 
3    current_epoch  INTEGER  1                    0 
4    created_at     TEXT     1                    0 
classification:
  - id: identifier
  - name: identifier
  - creator_id: identifier
  - current_epoch: identifier
  - created_at: timestamp

table: messages
PRAGMA table_info(messages)
cid  name          type  notnull  dflt_value  pk
---  ------------  ----  -------  ----------  --
0    id            TEXT  0                    1 
1    sender_id     TEXT  1                    0 
2    recipient_id  TEXT  1                    0 
3    ciphertext    TEXT  1                    0 
4    created_at    TEXT  1                    0 
classification:
  - id: identifier
  - sender_id: routing-metadata
  - recipient_id: routing-metadata
  - ciphertext: opaque-ciphertext
  - created_at: timestamp

table: sessions
PRAGMA table_info(sessions)
cid  name        type  notnull  dflt_value  pk
---  ----------  ----  -------  ----------  --
0    token       TEXT  0                    1 
1    user_id     TEXT  1                    0 
2    created_at  TEXT  1                    0 
3    expires_at  TEXT  1                    0 
classification:
  - token: session-token
  - user_id: identifier
  - created_at: timestamp
  - expires_at: timestamp

table: users
PRAGMA table_info(users)
cid  name                 type  notnull  dflt_value  pk
---  -------------------  ----  -------  ----------  --
0    id                   TEXT  0                    1 
1    username             TEXT  1                    0 
2    identity_public_key  TEXT  1                    0 
3    created_at           TEXT  1                    0 
classification:
  - id: identifier
  - username: identifier
  - identity_public_key: public-key
  - created_at: timestamp

ZERO-KNOWLEDGE SCHEMA AUDIT: PASS — no plaintext or private-key columns in any table
task-4 verify: server log bytes=223
task-4 verify: server log head
    Finished `dev` profile [unoptimized + debuginfo] target(s) in 0.07s
     Running `target/debug/test-chat-backend --db-path /var/folders/q9/1lgsjv4n37n0gcrdmg1rfjy00000gn/T/task-4-live-db.XXXXXX.9IUn2Mi6n3 --port 47928`
task-4 verify: PASS
verify: RUN (task-5-r1)
reaped 5 stale test-chat-backend process(es)
cargo build
    Finished `dev` profile [unoptimized + debuginfo] target(s) in 0.06s
cargo test
    Finished `test` profile [unoptimized + debuginfo] target(s) in 0.06s
     Running unittests src/lib.rs (target/debug/deps/test_chat_backend-acfff881fbeff8b8)

running 0 tests

test result: ok. 0 passed; 0 failed; 0 ignored; 0 measured; 0 filtered out; finished in 0.00s

     Running unittests src/main.rs (target/debug/deps/test_chat_backend-9d5476f2c3843da5)

running 0 tests

test result: ok. 0 passed; 0 failed; 0 ignored; 0 measured; 0 filtered out; finished in 0.00s

     Running tests/attachments.rs (target/debug/deps/attachments-14ccd7d85cb70557)

running 5 tests
test attachments_table_stores_no_plaintext_columns ... ok
test attachment_requires_bearer_token ... ok
test attachment_download_unknown_id_is_404 ... ok
test attachment_upload_then_download_round_trips_exact_bytes ... ok
test attachment_upload_rejects_oversize_payload_with_413 ... ok

test result: ok. 5 passed; 0 failed; 0 ignored; 0 measured; 0 filtered out; finished in 0.02s

     Running tests/auth.rs (target/debug/deps/auth-8604fa95047f6e2f)

running 8 tests
test auth_tables_store_no_private_material ... ok
test auth_challenge_rejects_unknown_user ... ok
test auth_session_rejects_unknown_token ... ok
test auth_malformed_json_returns_bad_request ... ok
test auth_challenge_returns_nonce_for_known_user ... ok
test auth_verify_with_bad_signature_is_rejected ... ok
test auth_verify_with_valid_signature_issues_session_token ... ok
test auth_verify_rejects_unknown_or_reused_challenge ... ok

test result: ok. 8 passed; 0 failed; 0 ignored; 0 measured; 0 filtered out; finished in 0.02s

     Running tests/conversations.rs (target/debug/deps/conversations-a7ed8ac73ee40eae)

running 7 tests
test conversations_requires_bearer_token ... ok
test conversations_include_inbound_only_peer_started_while_viewer_was_offline ... ok
test conversations_return_ciphertext_and_metadata_without_plaintext ... ok
test conversations_scope_excludes_unrelated_pairs_and_names_the_peer ... ok
test conversations_empty_for_user_with_no_messages ... ok
test conversations_use_rowid_tiebreaks_instead_of_random_uuid_order ... ok
test conversations_lists_distinct_peers_ordered_by_recent_activity ... ok

test result: ok. 7 passed; 0 failed; 0 ignored; 0 measured; 0 filtered out; finished in 0.02s

     Running tests/groups.rs (target/debug/deps/groups-dd51c3ddb97e60c4)

running 12 tests
test group_create_requires_bearer_token ... ok
test group_stream_requires_bearer_token ... ok
test group_tables_store_no_plaintext_columns ... ok
test group_message_history_returns_same_second_messages_in_send_order ... ok
test group_list_returns_all_member_groups_in_rowid_order ... ok
test group_message_post_stores_exactly_the_ciphertext_blob ... ok
test group_message_history_returns_only_ciphertext_for_members ... ok
test group_create_persists_name_membership_and_epoch_zero_keys ... ok
test group_stream_with_member_returns_sse_headers ... ok
test group_endpoints_reject_non_members_with_403 ... ok
test group_add_member_broadcasts_epoch_event_to_members ... ok
test group_add_member_bumps_epoch_and_blocks_prior_epoch_keys ... ok

test result: ok. 12 passed; 0 failed; 0 ignored; 0 measured; 0 filtered out; finished in 0.04s

     Running tests/messages.rs (target/debug/deps/messages-a293061aac4fd650)

running 14 tests
test messages_post_requires_bearer_token ... ok
test messages_inbox_requires_bearer_token ... ok
test messages_inbox_empty_for_caller_with_no_inbound_messages ... ok
test messages_stream_requires_bearer_token ... ok
test keys_publish_requires_valid_identity_signature ... ok
test messages_inbox_since_cursor_returns_only_later_rows_and_advances ... ok
test messages_history_returns_same_second_messages_in_send_order ... ok
test messages_inbox_delivers_same_second_messages_in_send_order ... ok
test keys_fetch_returns_published_prekey_for_username ... ok
test messages_post_stores_exactly_the_ciphertext_blob ... ok
test messages_inbox_is_scoped_to_recipient_inbound_messages_only ... ok
test messages_table_stores_no_plaintext_columns ... ok
test messages_history_returns_only_ciphertext_and_is_scoped_to_the_pair ... ok
test messages_stream_with_valid_token_returns_sse_headers ... ok

test result: ok. 14 passed; 0 failed; 0 ignored; 0 measured; 0 filtered out; finished in 0.03s

     Running tests/register.rs (target/debug/deps/register-6f9d859b8574001d)

running 3 tests
test register_stores_only_public_account_fields ... ok
test register_rejects_duplicate_username_without_second_row ... ok
test register_rejects_malformed_input ... ok

test result: ok. 3 passed; 0 failed; 0 ignored; 0 measured; 0 filtered out; finished in 0.01s

     Running tests/schema.rs (target/debug/deps/schema-b038f68994545c75)

running 2 tests
test migration_creates_users_table_with_only_public_account_columns ... ok
test schema_dump_prints_schema_sample_row_and_rejects_private_material ... ok

test result: ok. 2 passed; 0 failed; 0 ignored; 0 measured; 0 filtered out; finished in 0.02s

     Running tests/zk_relay_audit.rs (target/debug/deps/zk_relay_audit-bd3d74422e342891)

running 4 tests
test zk_relay_audit_fails_when_attachments_shape_drifts ... ok
test zk_relay_audit_fails_when_plaintext_column_exists ... ok
test zk_relay_audit_fails_when_private_key_column_exists ... ok
test zk_relay_audit_passes_for_ciphertext_only_schema ... ok

test result: ok. 4 passed; 0 failed; 0 ignored; 0 measured; 0 filtered out; finished in 0.36s

     Running tests/zk_sentinel.rs (target/debug/deps/zk_sentinel-1d21ce2d7220d674)

running 1 test
test zk_sentinel_roundtrip_stores_only_ciphertext_in_raw_db ... ok

test result: ok. 1 passed; 0 failed; 0 ignored; 0 measured; 0 filtered out; finished in 0.02s

   Doc-tests test_chat_backend

running 0 tests

test result: ok. 0 passed; 0 failed; 0 ignored; 0 measured; 0 filtered out; finished in 0.00s

swift test --filter ChatAppTests.GroupCoordinatorTests
[0/1] Planning build
Building for debugging...
[0/4] Write swift-version--58304C5D6DBC2206.txt
Build complete! (0.13s)
Test Suite 'Selected tests' started at 2026-06-05 21:32:59.065.
Test Suite 'ChatAppPackageTests.xctest' started at 2026-06-05 21:32:59.066.
Test Suite 'GroupCoordinatorTests' started at 2026-06-05 21:32:59.066.
Test Case '-[ChatAppTests.GroupCoordinatorTests testAddMemberRekeyPreservesExistingLiveDeliveryAndBlocksPriorEpochForNewMember]' started.
Test Case '-[ChatAppTests.GroupCoordinatorTests testAddMemberRekeyPreservesExistingLiveDeliveryAndBlocksPriorEpochForNewMember]' passed (0.327 seconds).
Test Case '-[ChatAppTests.GroupCoordinatorTests testCreateGroupRejectsMemberWithInvalidPrekeySignature]' started.
Test Case '-[ChatAppTests.GroupCoordinatorTests testCreateGroupRejectsMemberWithInvalidPrekeySignature]' passed (0.027 seconds).
Test Case '-[ChatAppTests.GroupCoordinatorTests testCreateGroupSubscribesLiveSoCreatorReceivesInboundMessages]' started.
Test Case '-[ChatAppTests.GroupCoordinatorTests testCreateGroupSubscribesLiveSoCreatorReceivesInboundMessages]' passed (0.145 seconds).
Test Case '-[ChatAppTests.GroupCoordinatorTests testCreateGroupWrapsEpochZeroKeyToEveryMember]' started.
Test Case '-[ChatAppTests.GroupCoordinatorTests testCreateGroupWrapsEpochZeroKeyToEveryMember]' passed (0.035 seconds).
Test Case '-[ChatAppTests.GroupCoordinatorTests testEpochEventRefreshesKeysGroupDetailAndGroupListBeforeNextMessage]' started.
Test Case '-[ChatAppTests.GroupCoordinatorTests testEpochEventRefreshesKeysGroupDetailAndGroupListBeforeNextMessage]' passed (0.148 seconds).
Test Case '-[ChatAppTests.GroupCoordinatorTests testExistingMemberReceivesLiveAttachmentAfterRekeyAndLateJoinerCannotDecryptPriorEpochAttachment]' started.
Test Case '-[ChatAppTests.GroupCoordinatorTests testExistingMemberReceivesLiveAttachmentAfterRekeyAndLateJoinerCannotDecryptPriorEpochAttachment]' passed (0.403 seconds).
Test Case '-[ChatAppTests.GroupCoordinatorTests testExistingMemberReceivesLiveMessageAfterRekeyViaKeyRefetch]' started.
Test Case '-[ChatAppTests.GroupCoordinatorTests testExistingMemberReceivesLiveMessageAfterRekeyViaKeyRefetch]' passed (0.088 seconds).
Test Case '-[ChatAppTests.GroupCoordinatorTests testLateAddedMemberCannotDecryptPriorEpochMessage]' started.
Test Case '-[ChatAppTests.GroupCoordinatorTests testLateAddedMemberCannotDecryptPriorEpochMessage]' passed (0.037 seconds).
Test Case '-[ChatAppTests.GroupCoordinatorTests testOpenGroupDecryptsHistoryAndSkipsUndecryptable]' started.
Test Case '-[ChatAppTests.GroupCoordinatorTests testOpenGroupDecryptsHistoryAndSkipsUndecryptable]' passed (0.036 seconds).
Test Case '-[ChatAppTests.GroupCoordinatorTests testOpenGroupDetectsAttachmentDescriptorAndDownloadReturnsOriginalBytes]' started.
Test Case '-[ChatAppTests.GroupCoordinatorTests testOpenGroupDetectsAttachmentDescriptorAndDownloadReturnsOriginalBytes]' passed (0.035 seconds).
Test Case '-[ChatAppTests.GroupCoordinatorTests testOpenGroupKeepsServerHistoryOrderAndDecryptsEveryMessage]' started.
Test Case '-[ChatAppTests.GroupCoordinatorTests testOpenGroupKeepsServerHistoryOrderAndDecryptsEveryMessage]' passed (0.030 seconds).
Test Case '-[ChatAppTests.GroupCoordinatorTests testReconnectCatchesUpOfflineGroupMessagesInOrderAndDedupsLiveDuplicates]' started.
Test Case '-[ChatAppTests.GroupCoordinatorTests testReconnectCatchesUpOfflineGroupMessagesInOrderAndDedupsLiveDuplicates]' passed (0.084 seconds).
Test Case '-[ChatAppTests.GroupCoordinatorTests testRefreshGroupsPublishesAllListedGroupsOnLaunch]' started.
Test Case '-[ChatAppTests.GroupCoordinatorTests testRefreshGroupsPublishesAllListedGroupsOnLaunch]' passed (0.025 seconds).
Test Case '-[ChatAppTests.GroupCoordinatorTests testSendAfterRekeyEncryptsUnderLatestEpoch]' started.
Test Case '-[ChatAppTests.GroupCoordinatorTests testSendAfterRekeyEncryptsUnderLatestEpoch]' passed (0.032 seconds).
Test Case '-[ChatAppTests.GroupCoordinatorTests testSendAttachmentUploadsEncryptedBlobAndSendsGroupEncryptedDescriptor]' started.
Test Case '-[ChatAppTests.GroupCoordinatorTests testSendAttachmentUploadsEncryptedBlobAndSendsGroupEncryptedDescriptor]' passed (0.032 seconds).
Test Case '-[ChatAppTests.GroupCoordinatorTests testSendEncryptsUnderCurrentEpochKey]' started.
Test Case '-[ChatAppTests.GroupCoordinatorTests testSendEncryptsUnderCurrentEpochKey]' passed (0.032 seconds).
Test Case '-[ChatAppTests.GroupCoordinatorTests testSenderAttributionResolvesUsernameAndYouForLocalAccount]' started.
Test Case '-[ChatAppTests.GroupCoordinatorTests testSenderAttributionResolvesUsernameAndYouForLocalAccount]' passed (0.037 seconds).
Test Case '-[ChatAppTests.GroupCoordinatorTests testSubscribeLiveDecryptsInboundGroupRecord]' started.
Test Case '-[ChatAppTests.GroupCoordinatorTests testSubscribeLiveDecryptsInboundGroupRecord]' passed (0.082 seconds).
Test Case '-[ChatAppTests.GroupCoordinatorTests testSubscribeLiveRendersInboundAttachmentAndDownloadsOriginalBytes]' started.
Test Case '-[ChatAppTests.GroupCoordinatorTests testSubscribeLiveRendersInboundAttachmentAndDownloadsOriginalBytes]' passed (0.138 seconds).
Test Case '-[ChatAppTests.GroupCoordinatorTests testThreeMemberCoordinatorsAllSendAndDecryptLiveMessages]' started.
Test Case '-[ChatAppTests.GroupCoordinatorTests testThreeMemberCoordinatorsAllSendAndDecryptLiveMessages]' passed (0.317 seconds).
Test Suite 'GroupCoordinatorTests' passed at 2026-06-05 21:33:01.159.
	 Executed 20 tests, with 0 failures (0 unexpected) in 2.091 (2.093) seconds
Test Suite 'ChatAppPackageTests.xctest' passed at 2026-06-05 21:33:01.159.
	 Executed 20 tests, with 0 failures (0 unexpected) in 2.091 (2.093) seconds
Test Suite 'Selected tests' passed at 2026-06-05 21:33:01.159.
	 Executed 20 tests, with 0 failures (0 unexpected) in 2.091 (2.093) seconds
􀟈  Test run started.
􀄵  Testing Library Version: 1902
􀄵  Target Platform: arm64e-apple-macos14.0
􁁛  Test run with 0 tests in 0 suites passed after 0.001 seconds.
swift test --filter ChatAppTests.GroupCryptoTests
Building for debugging...
[0/4] Write swift-version--58304C5D6DBC2206.txt
Build complete! (0.08s)
Test Suite 'Selected tests' started at 2026-06-05 21:33:01.643.
Test Suite 'ChatAppPackageTests.xctest' started at 2026-06-05 21:33:01.643.
Test Suite 'GroupCryptoTests' started at 2026-06-05 21:33:01.643.
Test Case '-[ChatAppTests.GroupCryptoTests testEncryptDecryptGroupMessageRoundTripsToExactPlaintext]' started.
Test Case '-[ChatAppTests.GroupCryptoTests testEncryptDecryptGroupMessageRoundTripsToExactPlaintext]' passed (0.000 seconds).
Test Case '-[ChatAppTests.GroupCryptoTests testInvalidGroupEnvelopeErrorsAreStable]' started.
Test Case '-[ChatAppTests.GroupCryptoTests testInvalidGroupEnvelopeErrorsAreStable]' passed (0.000 seconds).
Test Case '-[ChatAppTests.GroupCryptoTests testMessageEnvelopeDoesNotContainPlaintextBytes]' started.
Test Case '-[ChatAppTests.GroupCryptoTests testMessageEnvelopeDoesNotContainPlaintextBytes]' passed (0.000 seconds).
Test Case '-[ChatAppTests.GroupCryptoTests testMessageEpochRecoversEmbeddedBigEndianEpoch]' started.
Test Case '-[ChatAppTests.GroupCryptoTests testMessageEpochRecoversEmbeddedBigEndianEpoch]' passed (0.000 seconds).
Test Case '-[ChatAppTests.GroupCryptoTests testNewGroupKeyIsThirtyTwoBytes]' started.
Test Case '-[ChatAppTests.GroupCryptoTests testNewGroupKeyIsThirtyTwoBytes]' passed (0.000 seconds).
Test Case '-[ChatAppTests.GroupCryptoTests testSamePlaintextEncryptedTwiceProducesDifferentEnvelopes]' started.
Test Case '-[ChatAppTests.GroupCryptoTests testSamePlaintextEncryptedTwiceProducesDifferentEnvelopes]' passed (0.000 seconds).
Test Case '-[ChatAppTests.GroupCryptoTests testThirdPartyCannotUnwrapGroupKey]' started.
Test Case '-[ChatAppTests.GroupCryptoTests testThirdPartyCannotUnwrapGroupKey]' passed (0.000 seconds).
Test Case '-[ChatAppTests.GroupCryptoTests testWrapAndUnwrapGroupKeyRoundTripsToExactBytes]' started.
Test Case '-[ChatAppTests.GroupCryptoTests testWrapAndUnwrapGroupKeyRoundTripsToExactBytes]' passed (0.000 seconds).
Test Case '-[ChatAppTests.GroupCryptoTests testWrongGroupKeyFailsToDecryptGroupMessage]' started.
Test Case '-[ChatAppTests.GroupCryptoTests testWrongGroupKeyFailsToDecryptGroupMessage]' passed (0.000 seconds).
Test Suite 'GroupCryptoTests' passed at 2026-06-05 21:33:01.645.
	 Executed 9 tests, with 0 failures (0 unexpected) in 0.002 (0.002) seconds
Test Suite 'ChatAppPackageTests.xctest' passed at 2026-06-05 21:33:01.645.
	 Executed 9 tests, with 0 failures (0 unexpected) in 0.002 (0.002) seconds
Test Suite 'Selected tests' passed at 2026-06-05 21:33:01.645.
	 Executed 9 tests, with 0 failures (0 unexpected) in 0.002 (0.003) seconds
􀟈  Test run started.
􀄵  Testing Library Version: 1902
􀄵  Target Platform: arm64e-apple-macos14.0
􁁛  Test run with 0 tests in 0 suites passed after 0.001 seconds.
swift test --filter ChatAppTests.GroupEnvelopeTests
Building for debugging...
[0/4] Write swift-version--58304C5D6DBC2206.txt
Build complete! (0.08s)
Test Suite 'Selected tests' started at 2026-06-05 21:33:02.144.
Test Suite 'ChatAppPackageTests.xctest' started at 2026-06-05 21:33:02.145.
Test Suite 'GroupEnvelopeTests' started at 2026-06-05 21:33:02.145.
Test Case '-[ChatAppTests.GroupEnvelopeTests testAddMemberRequestAndResponseUseSnakeCaseKeys]' started.
Test Case '-[ChatAppTests.GroupEnvelopeTests testAddMemberRequestAndResponseUseSnakeCaseKeys]' passed (0.001 seconds).
Test Case '-[ChatAppTests.GroupEnvelopeTests testCreateGroupRequestEncodesSnakeCaseKeys]' started.
Test Case '-[ChatAppTests.GroupEnvelopeTests testCreateGroupRequestEncodesSnakeCaseKeys]' passed (0.000 seconds).
Test Case '-[ChatAppTests.GroupEnvelopeTests testCreateGroupResponseDecodesSnakeCaseFields]' started.
Test Case '-[ChatAppTests.GroupEnvelopeTests testCreateGroupResponseDecodesSnakeCaseFields]' passed (0.000 seconds).
Test Case '-[ChatAppTests.GroupEnvelopeTests testEncodedPayloadsContainNoPlaintextBodyOrTextKeys]' started.
Test Case '-[ChatAppTests.GroupEnvelopeTests testEncodedPayloadsContainNoPlaintextBodyOrTextKeys]' passed (0.000 seconds).
Test Case '-[ChatAppTests.GroupEnvelopeTests testGroupSummaryAndDetailDecodeSnakeCaseFields]' started.
Test Case '-[ChatAppTests.GroupEnvelopeTests testGroupSummaryAndDetailDecodeSnakeCaseFields]' passed (0.000 seconds).
Test Case '-[ChatAppTests.GroupEnvelopeTests testKeyRecordAndMessageResponsesDecodeSnakeCaseFields]' started.
Test Case '-[ChatAppTests.GroupEnvelopeTests testKeyRecordAndMessageResponsesDecodeSnakeCaseFields]' passed (0.000 seconds).
Test Case '-[ChatAppTests.GroupEnvelopeTests testSendGroupMessageRequestEncodesExactlyEpochAndCiphertext]' started.
Test Case '-[ChatAppTests.GroupEnvelopeTests testSendGroupMessageRequestEncodesExactlyEpochAndCiphertext]' passed (0.000 seconds).
Test Suite 'GroupEnvelopeTests' passed at 2026-06-05 21:33:02.147.
	 Executed 7 tests, with 0 failures (0 unexpected) in 0.002 (0.002) seconds
Test Suite 'ChatAppPackageTests.xctest' passed at 2026-06-05 21:33:02.147.
	 Executed 7 tests, with 0 failures (0 unexpected) in 0.002 (0.002) seconds
Test Suite 'Selected tests' passed at 2026-06-05 21:33:02.147.
	 Executed 7 tests, with 0 failures (0 unexpected) in 0.002 (0.003) seconds
􀟈  Test run started.
􀄵  Testing Library Version: 1902
􀄵  Target Platform: arm64e-apple-macos14.0
􁁛  Test run with 0 tests in 0 suites passed after 0.001 seconds.
swift test --filter ChatAppTests.HTTPGroupServiceTests
Building for debugging...
[0/4] Write swift-version--58304C5D6DBC2206.txt
Build complete! (0.09s)
Test Suite 'Selected tests' started at 2026-06-05 21:33:02.635.
Test Suite 'ChatAppPackageTests.xctest' started at 2026-06-05 21:33:02.636.
Test Suite 'HTTPGroupServiceTests' started at 2026-06-05 21:33:02.636.
Test Case '-[ChatAppTests.HTTPGroupServiceTests testAddMemberPostsEpochKeysAndDecodesResponse]' started.
Test Case '-[ChatAppTests.HTTPGroupServiceTests testAddMemberPostsEpochKeysAndDecodesResponse]' passed (0.004 seconds).
Test Case '-[ChatAppTests.HTTPGroupServiceTests testCreateGroupPostsMembersWithBearerTokenAndDecodesResponse]' started.
Test Case '-[ChatAppTests.HTTPGroupServiceTests testCreateGroupPostsMembersWithBearerTokenAndDecodesResponse]' passed (0.001 seconds).
Test Case '-[ChatAppTests.HTTPGroupServiceTests testGetEndpointsDecodeGroupPayloads]' started.
Test Case '-[ChatAppTests.HTTPGroupServiceTests testGetEndpointsDecodeGroupPayloads]' passed (0.001 seconds).
Test Case '-[ChatAppTests.HTTPGroupServiceTests testLiveGroupMessagesSurfacesEpochEventsThroughHookWithoutYieldingRecord]' started.
Test Case '-[ChatAppTests.HTTPGroupServiceTests testLiveGroupMessagesSurfacesEpochEventsThroughHookWithoutYieldingRecord]' passed (0.000 seconds).
Test Case '-[ChatAppTests.HTTPGroupServiceTests testLiveGroupMessagesYieldsSSERecordsAndCompletes]' started.
Test Case '-[ChatAppTests.HTTPGroupServiceTests testLiveGroupMessagesYieldsSSERecordsAndCompletes]' passed (0.000 seconds).
Test Case '-[ChatAppTests.HTTPGroupServiceTests testParseGroupSSEEventDecodesDataLineAndIgnoresOtherLines]' started.
Test Case '-[ChatAppTests.HTTPGroupServiceTests testParseGroupSSEEventDecodesDataLineAndIgnoresOtherLines]' passed (0.000 seconds).
Test Case '-[ChatAppTests.HTTPGroupServiceTests testSendGroupMessagePostsCiphertextOnlyAndMapsStatuses]' started.
Test Case '-[ChatAppTests.HTTPGroupServiceTests testSendGroupMessagePostsCiphertextOnlyAndMapsStatuses]' passed (0.001 seconds).
Test Suite 'HTTPGroupServiceTests' passed at 2026-06-05 21:33:02.644.
	 Executed 7 tests, with 0 failures (0 unexpected) in 0.007 (0.008) seconds
Test Suite 'ChatAppPackageTests.xctest' passed at 2026-06-05 21:33:02.644.
	 Executed 7 tests, with 0 failures (0 unexpected) in 0.007 (0.008) seconds
Test Suite 'Selected tests' passed at 2026-06-05 21:33:02.644.
	 Executed 7 tests, with 0 failures (0 unexpected) in 0.007 (0.008) seconds
􀟈  Test run started.
􀄵  Testing Library Version: 1902
􀄵  Target Platform: arm64e-apple-macos14.0
􁁛  Test run with 0 tests in 0 suites passed after 0.001 seconds.
Starting backend on 50357
swift test --filter testLiveEncryptedGroupMessageRoundTripAndLateMemberCannotReadPriorMessages
[0/1] Planning build
Building for debugging...
[0/4] Write swift-version--58304C5D6DBC2206.txt
Build complete! (0.13s)
Test Suite 'Selected tests' started at 2026-06-05 21:33:04.081.
Test Suite 'ChatAppPackageTests.xctest' started at 2026-06-05 21:33:04.082.
Test Suite 'LiveGroupE2ETests' started at 2026-06-05 21:33:04.082.
Test Case '-[ChatAppTests.LiveGroupE2ETests testLiveEncryptedGroupMessageRoundTripAndLateMemberCannotReadPriorMessages]' started.
Test Case '-[ChatAppTests.LiveGroupE2ETests testLiveEncryptedGroupMessageRoundTripAndLateMemberCannotReadPriorMessages]' passed (0.202 seconds).
Test Suite 'LiveGroupE2ETests' passed at 2026-06-05 21:33:04.283.
	 Executed 1 test, with 0 failures (0 unexpected) in 0.202 (0.202) seconds
Test Suite 'ChatAppPackageTests.xctest' passed at 2026-06-05 21:33:04.284.
	 Executed 1 test, with 0 failures (0 unexpected) in 0.202 (0.202) seconds
Test Suite 'Selected tests' passed at 2026-06-05 21:33:04.284.
	 Executed 1 test, with 0 failures (0 unexpected) in 0.202 (0.202) seconds
􀟈  Test run started.
􀄵  Testing Library Version: 1902
􀄵  Target Platform: arm64e-apple-macos14.0
􁁛  Test run with 0 tests in 0 suites passed after 0.001 seconds.
task-5 verify: PASS
verify: RUN (task-5)
task-5 verify: reaping stale backend processes
reaped 1 stale test-chat-backend process(es)
task-5 verify: building and testing backend
    Finished `dev` profile [unoptimized + debuginfo] target(s) in 0.07s
    Blocking waiting for file lock on package cache
    Blocking waiting for file lock on package cache
    Blocking waiting for file lock on package cache
    Finished `test` profile [unoptimized + debuginfo] target(s) in 0.09s
     Running unittests src/lib.rs (target/debug/deps/test_chat_backend-acfff881fbeff8b8)

running 0 tests

test result: ok. 0 passed; 0 failed; 0 ignored; 0 measured; 0 filtered out; finished in 0.00s

     Running unittests src/main.rs (target/debug/deps/test_chat_backend-9d5476f2c3843da5)

running 0 tests

test result: ok. 0 passed; 0 failed; 0 ignored; 0 measured; 0 filtered out; finished in 0.00s

     Running tests/attachments.rs (target/debug/deps/attachments-14ccd7d85cb70557)

running 5 tests
test attachments_table_stores_no_plaintext_columns ... ok
test attachment_requires_bearer_token ... ok
test attachment_download_unknown_id_is_404 ... ok
test attachment_upload_then_download_round_trips_exact_bytes ... ok
test attachment_upload_rejects_oversize_payload_with_413 ... ok

test result: ok. 5 passed; 0 failed; 0 ignored; 0 measured; 0 filtered out; finished in 0.02s

     Running tests/auth.rs (target/debug/deps/auth-8604fa95047f6e2f)

running 8 tests
test auth_tables_store_no_private_material ... ok
test auth_challenge_rejects_unknown_user ... ok
test auth_session_rejects_unknown_token ... ok
test auth_malformed_json_returns_bad_request ... ok
test auth_challenge_returns_nonce_for_known_user ... ok
test auth_verify_with_bad_signature_is_rejected ... ok
test auth_verify_with_valid_signature_issues_session_token ... ok
test auth_verify_rejects_unknown_or_reused_challenge ... ok

test result: ok. 8 passed; 0 failed; 0 ignored; 0 measured; 0 filtered out; finished in 0.02s

     Running tests/conversations.rs (target/debug/deps/conversations-a7ed8ac73ee40eae)

running 7 tests
test conversations_requires_bearer_token ... ok
test conversations_return_ciphertext_and_metadata_without_plaintext ... ok
test conversations_include_inbound_only_peer_started_while_viewer_was_offline ... ok
test conversations_use_rowid_tiebreaks_instead_of_random_uuid_order ... ok
test conversations_lists_distinct_peers_ordered_by_recent_activity ... ok
test conversations_empty_for_user_with_no_messages ... ok
test conversations_scope_excludes_unrelated_pairs_and_names_the_peer ... ok

test result: ok. 7 passed; 0 failed; 0 ignored; 0 measured; 0 filtered out; finished in 0.02s

     Running tests/groups.rs (target/debug/deps/groups-dd51c3ddb97e60c4)

running 12 tests
test group_stream_requires_bearer_token ... ok
test group_create_requires_bearer_token ... ok
test group_tables_store_no_plaintext_columns ... ok
test group_list_returns_all_member_groups_in_rowid_order ... ok
test group_message_history_returns_same_second_messages_in_send_order ... ok
test group_message_post_stores_exactly_the_ciphertext_blob ... ok
test group_message_history_returns_only_ciphertext_for_members ... ok
test group_stream_with_member_returns_sse_headers ... ok
test group_create_persists_name_membership_and_epoch_zero_keys ... ok
test group_add_member_broadcasts_epoch_event_to_members ... ok
test group_endpoints_reject_non_members_with_403 ... ok
test group_add_member_bumps_epoch_and_blocks_prior_epoch_keys ... ok

test result: ok. 12 passed; 0 failed; 0 ignored; 0 measured; 0 filtered out; finished in 0.04s

     Running tests/messages.rs (target/debug/deps/messages-a293061aac4fd650)

running 14 tests
test messages_inbox_requires_bearer_token ... ok
test messages_post_requires_bearer_token ... ok
test messages_inbox_empty_for_caller_with_no_inbound_messages ... ok
test keys_publish_requires_valid_identity_signature ... ok
test messages_inbox_since_cursor_returns_only_later_rows_and_advances ... ok
test messages_stream_requires_bearer_token ... ok
test messages_history_returns_same_second_messages_in_send_order ... ok
test messages_inbox_delivers_same_second_messages_in_send_order ... ok
test keys_fetch_returns_published_prekey_for_username ... ok
test messages_inbox_is_scoped_to_recipient_inbound_messages_only ... ok
test messages_table_stores_no_plaintext_columns ... ok
test messages_history_returns_only_ciphertext_and_is_scoped_to_the_pair ... ok
test messages_stream_with_valid_token_returns_sse_headers ... ok
test messages_post_stores_exactly_the_ciphertext_blob ... ok

test result: ok. 14 passed; 0 failed; 0 ignored; 0 measured; 0 filtered out; finished in 0.04s

     Running tests/register.rs (target/debug/deps/register-6f9d859b8574001d)

running 3 tests
test register_stores_only_public_account_fields ... ok
test register_rejects_duplicate_username_without_second_row ... ok
test register_rejects_malformed_input ... ok

test result: ok. 3 passed; 0 failed; 0 ignored; 0 measured; 0 filtered out; finished in 0.01s

     Running tests/schema.rs (target/debug/deps/schema-b038f68994545c75)

running 2 tests
test migration_creates_users_table_with_only_public_account_columns ... ok
test schema_dump_prints_schema_sample_row_and_rejects_private_material ... ok

test result: ok. 2 passed; 0 failed; 0 ignored; 0 measured; 0 filtered out; finished in 0.03s

     Running tests/zk_relay_audit.rs (target/debug/deps/zk_relay_audit-bd3d74422e342891)

running 4 tests
test zk_relay_audit_fails_when_attachments_shape_drifts ... ok
test zk_relay_audit_fails_when_plaintext_column_exists ... ok
test zk_relay_audit_fails_when_private_key_column_exists ... ok
test zk_relay_audit_passes_for_ciphertext_only_schema ... ok

test result: ok. 4 passed; 0 failed; 0 ignored; 0 measured; 0 filtered out; finished in 0.40s

     Running tests/zk_sentinel.rs (target/debug/deps/zk_sentinel-1d21ce2d7220d674)

running 1 test
test zk_sentinel_roundtrip_stores_only_ciphertext_in_raw_db ... ok

test result: ok. 1 passed; 0 failed; 0 ignored; 0 measured; 0 filtered out; finished in 0.02s

   Doc-tests test_chat_backend

running 0 tests

test result: ok. 0 passed; 0 failed; 0 ignored; 0 measured; 0 filtered out; finished in 0.00s
task-5 verify: starting backend on http://127.0.0.1:51360
task-5 verify: backend health check returned 200
task-5 verify: building and testing Swift app with live group E2E
[0/1] Planning build
Building for debugging...
[0/3] Write swift-version--58304C5D6DBC2206.txt
Build complete! (0.12s)
[0/1] Planning build
Building for debugging...
[0/4] Write swift-version--58304C5D6DBC2206.txt
Build complete! (0.12s)
Test Suite 'Selected tests' started at 2026-06-05 21:33:07.337.
Test Suite 'ChatAppPackageTests.xctest' started at 2026-06-05 21:33:07.338.
Test Suite 'LiveGroupE2ETests' started at 2026-06-05 21:33:07.338.
Test Case '-[ChatAppTests.LiveGroupE2ETests testLiveGroupExistingMembersKeepReceivingAfterAddWhileNewMemberExcluded]' started.
Test Case '-[ChatAppTests.LiveGroupE2ETests testLiveGroupExistingMembersKeepReceivingAfterAddWhileNewMemberExcluded]' passed (11.566 seconds).
Test Suite 'LiveGroupE2ETests' passed at 2026-06-05 21:33:18.904.
	 Executed 1 test, with 0 failures (0 unexpected) in 11.566 (11.566) seconds
Test Suite 'ChatAppPackageTests.xctest' passed at 2026-06-05 21:33:18.904.
	 Executed 1 test, with 0 failures (0 unexpected) in 11.566 (11.566) seconds
Test Suite 'Selected tests' passed at 2026-06-05 21:33:18.904.
	 Executed 1 test, with 0 failures (0 unexpected) in 11.566 (11.567) seconds
􀟈  Test run started.
􀄵  Testing Library Version: 1902
􀄵  Target Platform: arm64e-apple-macos14.0
􁁛  Test run with 0 tests in 0 suites passed after 0.001 seconds.
Building for debugging...
[0/4] Write swift-version--58304C5D6DBC2206.txt
Build complete! (0.08s)
Test Suite 'Selected tests' started at 2026-06-05 21:33:19.429.
Test Suite 'ChatAppPackageTests.xctest' started at 2026-06-05 21:33:19.430.
Test Suite 'LiveGroupE2ETests' started at 2026-06-05 21:33:19.430.
Test Case '-[ChatAppTests.LiveGroupE2ETests testLiveGroupAllThreeMembersSendAndReceiveThroughCoordinators]' started.
Test Case '-[ChatAppTests.LiveGroupE2ETests testLiveGroupAllThreeMembersSendAndReceiveThroughCoordinators]' passed (0.232 seconds).
Test Suite 'LiveGroupE2ETests' passed at 2026-06-05 21:33:19.663.
	 Executed 1 test, with 0 failures (0 unexpected) in 0.232 (0.233) seconds
Test Suite 'ChatAppPackageTests.xctest' passed at 2026-06-05 21:33:19.663.
	 Executed 1 test, with 0 failures (0 unexpected) in 0.232 (0.233) seconds
Test Suite 'Selected tests' passed at 2026-06-05 21:33:19.663.
	 Executed 1 test, with 0 failures (0 unexpected) in 0.232 (0.233) seconds
􀟈  Test run started.
􀄵  Testing Library Version: 1902
􀄵  Target Platform: arm64e-apple-macos14.0
􁁛  Test run with 0 tests in 0 suites passed after 0.001 seconds.
Building for debugging...
[0/4] Write swift-version--58304C5D6DBC2206.txt
Build complete! (0.08s)
Test Suite 'Selected tests' started at 2026-06-05 21:33:20.167.
Test Suite 'ChatAppPackageTests.xctest' started at 2026-06-05 21:33:20.168.
Test Suite 'LiveGroupE2ETests' started at 2026-06-05 21:33:20.168.
Test Case '-[ChatAppTests.LiveGroupE2ETests testLiveEncryptedGroupMessageRoundTripAndLateMemberCannotReadPriorMessages]' started.
Test Case '-[ChatAppTests.LiveGroupE2ETests testLiveEncryptedGroupMessageRoundTripAndLateMemberCannotReadPriorMessages]' passed (0.211 seconds).
Test Suite 'LiveGroupE2ETests' passed at 2026-06-05 21:33:20.379.
	 Executed 1 test, with 0 failures (0 unexpected) in 0.211 (0.211) seconds
Test Suite 'ChatAppPackageTests.xctest' passed at 2026-06-05 21:33:20.379.
	 Executed 1 test, with 0 failures (0 unexpected) in 0.211 (0.211) seconds
Test Suite 'Selected tests' passed at 2026-06-05 21:33:20.379.
	 Executed 1 test, with 0 failures (0 unexpected) in 0.211 (0.212) seconds
􀟈  Test run started.
􀄵  Testing Library Version: 1902
􀄵  Target Platform: arm64e-apple-macos14.0
􁁛  Test run with 0 tests in 0 suites passed after 0.001 seconds.
Building for debugging...
[0/4] Write swift-version--58304C5D6DBC2206.txt
Build complete! (0.08s)
Test Suite 'Selected tests' started at 2026-06-05 21:33:20.907.
Test Suite 'ChatAppPackageTests.xctest' started at 2026-06-05 21:33:20.908.
Test Suite 'GroupCryptoTests' started at 2026-06-05 21:33:20.908.
Test Case '-[ChatAppTests.GroupCryptoTests testNewGroupKeyIsThirtyTwoBytes]' started.
Test Case '-[ChatAppTests.GroupCryptoTests testNewGroupKeyIsThirtyTwoBytes]' passed (0.000 seconds).
Test Suite 'GroupCryptoTests' passed at 2026-06-05 21:33:20.908.
	 Executed 1 test, with 0 failures (0 unexpected) in 0.000 (0.001) seconds
Test Suite 'ChatAppPackageTests.xctest' passed at 2026-06-05 21:33:20.908.
	 Executed 1 test, with 0 failures (0 unexpected) in 0.000 (0.001) seconds
Test Suite 'Selected tests' passed at 2026-06-05 21:33:20.908.
	 Executed 1 test, with 0 failures (0 unexpected) in 0.000 (0.001) seconds
􀟈  Test run started.
􀄵  Testing Library Version: 1902
􀄵  Target Platform: arm64e-apple-macos14.0
􁁛  Test run with 0 tests in 0 suites passed after 0.001 seconds.
Building for debugging...
[0/4] Write swift-version--58304C5D6DBC2206.txt
Build complete! (0.08s)
Test Suite 'Selected tests' started at 2026-06-05 21:33:21.411.
Test Suite 'ChatAppPackageTests.xctest' started at 2026-06-05 21:33:21.411.
Test Suite 'GroupCryptoTests' started at 2026-06-05 21:33:21.412.
Test Case '-[ChatAppTests.GroupCryptoTests testWrapAndUnwrapGroupKeyRoundTripsToExactBytes]' started.
Test Case '-[ChatAppTests.GroupCryptoTests testWrapAndUnwrapGroupKeyRoundTripsToExactBytes]' passed (0.001 seconds).
Test Suite 'GroupCryptoTests' passed at 2026-06-05 21:33:21.412.
	 Executed 1 test, with 0 failures (0 unexpected) in 0.001 (0.001) seconds
Test Suite 'ChatAppPackageTests.xctest' passed at 2026-06-05 21:33:21.412.
	 Executed 1 test, with 0 failures (0 unexpected) in 0.001 (0.001) seconds
Test Suite 'Selected tests' passed at 2026-06-05 21:33:21.412.
	 Executed 1 test, with 0 failures (0 unexpected) in 0.001 (0.002) seconds
􀟈  Test run started.
􀄵  Testing Library Version: 1902
􀄵  Target Platform: arm64e-apple-macos14.0
􁁛  Test run with 0 tests in 0 suites passed after 0.001 seconds.
Building for debugging...
[0/4] Write swift-version--58304C5D6DBC2206.txt
Build complete! (0.08s)
Test Suite 'Selected tests' started at 2026-06-05 21:33:21.984.
Test Suite 'ChatAppPackageTests.xctest' started at 2026-06-05 21:33:21.984.
Test Suite 'GroupCryptoTests' started at 2026-06-05 21:33:21.984.
Test Case '-[ChatAppTests.GroupCryptoTests testThirdPartyCannotUnwrapGroupKey]' started.
Test Case '-[ChatAppTests.GroupCryptoTests testThirdPartyCannotUnwrapGroupKey]' passed (0.001 seconds).
Test Suite 'GroupCryptoTests' passed at 2026-06-05 21:33:21.985.
	 Executed 1 test, with 0 failures (0 unexpected) in 0.001 (0.001) seconds
Test Suite 'ChatAppPackageTests.xctest' passed at 2026-06-05 21:33:21.985.
	 Executed 1 test, with 0 failures (0 unexpected) in 0.001 (0.001) seconds
Test Suite 'Selected tests' passed at 2026-06-05 21:33:21.985.
	 Executed 1 test, with 0 failures (0 unexpected) in 0.001 (0.002) seconds
􀟈  Test run started.
􀄵  Testing Library Version: 1902
􀄵  Target Platform: arm64e-apple-macos14.0
􁁛  Test run with 0 tests in 0 suites passed after 0.001 seconds.
Building for debugging...
[0/4] Write swift-version--58304C5D6DBC2206.txt
Build complete! (0.08s)
Test Suite 'Selected tests' started at 2026-06-05 21:33:22.456.
Test Suite 'ChatAppPackageTests.xctest' started at 2026-06-05 21:33:22.456.
Test Suite 'GroupCryptoTests' started at 2026-06-05 21:33:22.456.
Test Case '-[ChatAppTests.GroupCryptoTests testEncryptDecryptGroupMessageRoundTripsToExactPlaintext]' started.
Test Case '-[ChatAppTests.GroupCryptoTests testEncryptDecryptGroupMessageRoundTripsToExactPlaintext]' passed (0.000 seconds).
Test Suite 'GroupCryptoTests' passed at 2026-06-05 21:33:22.457.
	 Executed 1 test, with 0 failures (0 unexpected) in 0.000 (0.001) seconds
Test Suite 'ChatAppPackageTests.xctest' passed at 2026-06-05 21:33:22.457.
	 Executed 1 test, with 0 failures (0 unexpected) in 0.000 (0.001) seconds
Test Suite 'Selected tests' passed at 2026-06-05 21:33:22.457.
	 Executed 1 test, with 0 failures (0 unexpected) in 0.000 (0.001) seconds
􀟈  Test run started.
􀄵  Testing Library Version: 1902
􀄵  Target Platform: arm64e-apple-macos14.0
􁁛  Test run with 0 tests in 0 suites passed after 0.001 seconds.
Building for debugging...
[0/4] Write swift-version--58304C5D6DBC2206.txt
Build complete! (0.08s)
Test Suite 'Selected tests' started at 2026-06-05 21:33:22.928.
Test Suite 'ChatAppPackageTests.xctest' started at 2026-06-05 21:33:22.928.
Test Suite 'GroupCryptoTests' started at 2026-06-05 21:33:22.928.
Test Case '-[ChatAppTests.GroupCryptoTests testWrongGroupKeyFailsToDecryptGroupMessage]' started.
Test Case '-[ChatAppTests.GroupCryptoTests testWrongGroupKeyFailsToDecryptGroupMessage]' passed (0.001 seconds).
Test Suite 'GroupCryptoTests' passed at 2026-06-05 21:33:22.929.
	 Executed 1 test, with 0 failures (0 unexpected) in 0.001 (0.001) seconds
Test Suite 'ChatAppPackageTests.xctest' passed at 2026-06-05 21:33:22.929.
	 Executed 1 test, with 0 failures (0 unexpected) in 0.001 (0.001) seconds
Test Suite 'Selected tests' passed at 2026-06-05 21:33:22.929.
	 Executed 1 test, with 0 failures (0 unexpected) in 0.001 (0.001) seconds
􀟈  Test run started.
􀄵  Testing Library Version: 1902
􀄵  Target Platform: arm64e-apple-macos14.0
􁁛  Test run with 0 tests in 0 suites passed after 0.001 seconds.
Building for debugging...
[0/4] Write swift-version--58304C5D6DBC2206.txt
Build complete! (0.08s)
Test Suite 'Selected tests' started at 2026-06-05 21:33:23.410.
Test Suite 'ChatAppPackageTests.xctest' started at 2026-06-05 21:33:23.410.
Test Suite 'GroupCryptoTests' started at 2026-06-05 21:33:23.410.
Test Case '-[ChatAppTests.GroupCryptoTests testMessageEpochRecoversEmbeddedBigEndianEpoch]' started.
Test Case '-[ChatAppTests.GroupCryptoTests testMessageEpochRecoversEmbeddedBigEndianEpoch]' passed (0.000 seconds).
Test Suite 'GroupCryptoTests' passed at 2026-06-05 21:33:23.411.
	 Executed 1 test, with 0 failures (0 unexpected) in 0.000 (0.001) seconds
Test Suite 'ChatAppPackageTests.xctest' passed at 2026-06-05 21:33:23.411.
	 Executed 1 test, with 0 failures (0 unexpected) in 0.000 (0.001) seconds
Test Suite 'Selected tests' passed at 2026-06-05 21:33:23.411.
	 Executed 1 test, with 0 failures (0 unexpected) in 0.000 (0.001) seconds
􀟈  Test run started.
􀄵  Testing Library Version: 1902
􀄵  Target Platform: arm64e-apple-macos14.0
􁁛  Test run with 0 tests in 0 suites passed after 0.001 seconds.
Building for debugging...
[0/4] Write swift-version--58304C5D6DBC2206.txt
Build complete! (0.08s)
Test Suite 'Selected tests' started at 2026-06-05 21:33:23.885.
Test Suite 'ChatAppPackageTests.xctest' started at 2026-06-05 21:33:23.885.
Test Suite 'GroupCryptoTests' started at 2026-06-05 21:33:23.885.
Test Case '-[ChatAppTests.GroupCryptoTests testMessageEnvelopeDoesNotContainPlaintextBytes]' started.
Test Case '-[ChatAppTests.GroupCryptoTests testMessageEnvelopeDoesNotContainPlaintextBytes]' passed (0.000 seconds).
Test Suite 'GroupCryptoTests' passed at 2026-06-05 21:33:23.886.
	 Executed 1 test, with 0 failures (0 unexpected) in 0.000 (0.001) seconds
Test Suite 'ChatAppPackageTests.xctest' passed at 2026-06-05 21:33:23.886.
	 Executed 1 test, with 0 failures (0 unexpected) in 0.000 (0.001) seconds
Test Suite 'Selected tests' passed at 2026-06-05 21:33:23.886.
	 Executed 1 test, with 0 failures (0 unexpected) in 0.000 (0.001) seconds
􀟈  Test run started.
􀄵  Testing Library Version: 1902
􀄵  Target Platform: arm64e-apple-macos14.0
􁁛  Test run with 0 tests in 0 suites passed after 0.001 seconds.
Building for debugging...
[0/4] Write swift-version--58304C5D6DBC2206.txt
Build complete! (0.08s)
Test Suite 'Selected tests' started at 2026-06-05 21:33:24.352.
Test Suite 'ChatAppPackageTests.xctest' started at 2026-06-05 21:33:24.353.
Test Suite 'GroupCryptoTests' started at 2026-06-05 21:33:24.353.
Test Case '-[ChatAppTests.GroupCryptoTests testSamePlaintextEncryptedTwiceProducesDifferentEnvelopes]' started.
Test Case '-[ChatAppTests.GroupCryptoTests testSamePlaintextEncryptedTwiceProducesDifferentEnvelopes]' passed (0.000 seconds).
Test Suite 'GroupCryptoTests' passed at 2026-06-05 21:33:24.353.
	 Executed 1 test, with 0 failures (0 unexpected) in 0.000 (0.001) seconds
Test Suite 'ChatAppPackageTests.xctest' passed at 2026-06-05 21:33:24.353.
	 Executed 1 test, with 0 failures (0 unexpected) in 0.000 (0.001) seconds
Test Suite 'Selected tests' passed at 2026-06-05 21:33:24.353.
	 Executed 1 test, with 0 failures (0 unexpected) in 0.000 (0.001) seconds
􀟈  Test run started.
􀄵  Testing Library Version: 1902
􀄵  Target Platform: arm64e-apple-macos14.0
􁁛  Test run with 0 tests in 0 suites passed after 0.001 seconds.
Building for debugging...
[0/4] Write swift-version--58304C5D6DBC2206.txt
Build complete! (0.08s)
Test Suite 'Selected tests' started at 2026-06-05 21:33:24.822.
Test Suite 'ChatAppPackageTests.xctest' started at 2026-06-05 21:33:24.823.
Test Suite 'GroupCryptoTests' started at 2026-06-05 21:33:24.823.
Test Case '-[ChatAppTests.GroupCryptoTests testInvalidGroupEnvelopeErrorsAreStable]' started.
Test Case '-[ChatAppTests.GroupCryptoTests testInvalidGroupEnvelopeErrorsAreStable]' passed (0.000 seconds).
Test Suite 'GroupCryptoTests' passed at 2026-06-05 21:33:24.824.
	 Executed 1 test, with 0 failures (0 unexpected) in 0.000 (0.001) seconds
Test Suite 'ChatAppPackageTests.xctest' passed at 2026-06-05 21:33:24.824.
	 Executed 1 test, with 0 failures (0 unexpected) in 0.000 (0.001) seconds
Test Suite 'Selected tests' passed at 2026-06-05 21:33:24.824.
	 Executed 1 test, with 0 failures (0 unexpected) in 0.000 (0.001) seconds
􀟈  Test run started.
􀄵  Testing Library Version: 1902
􀄵  Target Platform: arm64e-apple-macos14.0
􁁛  Test run with 0 tests in 0 suites passed after 0.001 seconds.
Building for debugging...
[0/4] Write swift-version--58304C5D6DBC2206.txt
Build complete! (0.08s)
Test Suite 'Selected tests' started at 2026-06-05 21:33:25.300.
Test Suite 'ChatAppPackageTests.xctest' started at 2026-06-05 21:33:25.301.
Test Suite 'GroupEnvelopeTests' started at 2026-06-05 21:33:25.301.
Test Case '-[ChatAppTests.GroupEnvelopeTests testCreateGroupRequestEncodesSnakeCaseKeys]' started.
Test Case '-[ChatAppTests.GroupEnvelopeTests testCreateGroupRequestEncodesSnakeCaseKeys]' passed (0.001 seconds).
Test Suite 'GroupEnvelopeTests' passed at 2026-06-05 21:33:25.302.
	 Executed 1 test, with 0 failures (0 unexpected) in 0.001 (0.001) seconds
Test Suite 'ChatAppPackageTests.xctest' passed at 2026-06-05 21:33:25.302.
	 Executed 1 test, with 0 failures (0 unexpected) in 0.001 (0.001) seconds
Test Suite 'Selected tests' passed at 2026-06-05 21:33:25.302.
	 Executed 1 test, with 0 failures (0 unexpected) in 0.001 (0.001) seconds
􀟈  Test run started.
􀄵  Testing Library Version: 1902
􀄵  Target Platform: arm64e-apple-macos14.0
􁁛  Test run with 0 tests in 0 suites passed after 0.001 seconds.
Building for debugging...
[0/4] Write swift-version--58304C5D6DBC2206.txt
Build complete! (0.08s)
Test Suite 'Selected tests' started at 2026-06-05 21:33:25.782.
Test Suite 'ChatAppPackageTests.xctest' started at 2026-06-05 21:33:25.782.
Test Suite 'GroupEnvelopeTests' started at 2026-06-05 21:33:25.782.
Test Case '-[ChatAppTests.GroupEnvelopeTests testSendGroupMessageRequestEncodesExactlyEpochAndCiphertext]' started.
Test Case '-[ChatAppTests.GroupEnvelopeTests testSendGroupMessageRequestEncodesExactlyEpochAndCiphertext]' passed (0.001 seconds).
Test Suite 'GroupEnvelopeTests' passed at 2026-06-05 21:33:25.783.
	 Executed 1 test, with 0 failures (0 unexpected) in 0.001 (0.001) seconds
Test Suite 'ChatAppPackageTests.xctest' passed at 2026-06-05 21:33:25.783.
	 Executed 1 test, with 0 failures (0 unexpected) in 0.001 (0.001) seconds
Test Suite 'Selected tests' passed at 2026-06-05 21:33:25.783.
	 Executed 1 test, with 0 failures (0 unexpected) in 0.001 (0.001) seconds
􀟈  Test run started.
􀄵  Testing Library Version: 1902
􀄵  Target Platform: arm64e-apple-macos14.0
􁁛  Test run with 0 tests in 0 suites passed after 0.001 seconds.
Building for debugging...
[0/4] Write swift-version--58304C5D6DBC2206.txt
Build complete! (0.08s)
Test Suite 'Selected tests' started at 2026-06-05 21:33:26.296.
Test Suite 'ChatAppPackageTests.xctest' started at 2026-06-05 21:33:26.297.
Test Suite 'GroupEnvelopeTests' started at 2026-06-05 21:33:26.297.
Test Case '-[ChatAppTests.GroupEnvelopeTests testEncodedPayloadsContainNoPlaintextBodyOrTextKeys]' started.
Test Case '-[ChatAppTests.GroupEnvelopeTests testEncodedPayloadsContainNoPlaintextBodyOrTextKeys]' passed (0.001 seconds).
Test Suite 'GroupEnvelopeTests' passed at 2026-06-05 21:33:26.297.
	 Executed 1 test, with 0 failures (0 unexpected) in 0.001 (0.001) seconds
Test Suite 'ChatAppPackageTests.xctest' passed at 2026-06-05 21:33:26.298.
	 Executed 1 test, with 0 failures (0 unexpected) in 0.001 (0.001) seconds
Test Suite 'Selected tests' passed at 2026-06-05 21:33:26.298.
	 Executed 1 test, with 0 failures (0 unexpected) in 0.001 (0.002) seconds
􀟈  Test run started.
􀄵  Testing Library Version: 1902
􀄵  Target Platform: arm64e-apple-macos14.0
􁁛  Test run with 0 tests in 0 suites passed after 0.001 seconds.
Building for debugging...
[0/4] Write swift-version--58304C5D6DBC2206.txt
Build complete! (0.08s)
Test Suite 'Selected tests' started at 2026-06-05 21:33:26.803.
Test Suite 'ChatAppPackageTests.xctest' started at 2026-06-05 21:33:26.804.
Test Suite 'HTTPGroupServiceTests' started at 2026-06-05 21:33:26.804.
Test Case '-[ChatAppTests.HTTPGroupServiceTests testCreateGroupPostsMembersWithBearerTokenAndDecodesResponse]' started.
Test Case '-[ChatAppTests.HTTPGroupServiceTests testCreateGroupPostsMembersWithBearerTokenAndDecodesResponse]' passed (0.004 seconds).
Test Suite 'HTTPGroupServiceTests' passed at 2026-06-05 21:33:26.808.
	 Executed 1 test, with 0 failures (0 unexpected) in 0.004 (0.004) seconds
Test Suite 'ChatAppPackageTests.xctest' passed at 2026-06-05 21:33:26.808.
	 Executed 1 test, with 0 failures (0 unexpected) in 0.004 (0.004) seconds
Test Suite 'Selected tests' passed at 2026-06-05 21:33:26.808.
	 Executed 1 test, with 0 failures (0 unexpected) in 0.004 (0.005) seconds
􀟈  Test run started.
􀄵  Testing Library Version: 1902
􀄵  Target Platform: arm64e-apple-macos14.0
􁁛  Test run with 0 tests in 0 suites passed after 0.001 seconds.
Building for debugging...
[0/4] Write swift-version--58304C5D6DBC2206.txt
Build complete! (0.08s)
Test Suite 'Selected tests' started at 2026-06-05 21:33:27.272.
Test Suite 'ChatAppPackageTests.xctest' started at 2026-06-05 21:33:27.273.
Test Suite 'HTTPGroupServiceTests' started at 2026-06-05 21:33:27.273.
Test Case '-[ChatAppTests.HTTPGroupServiceTests testAddMemberPostsEpochKeysAndDecodesResponse]' started.
Test Case '-[ChatAppTests.HTTPGroupServiceTests testAddMemberPostsEpochKeysAndDecodesResponse]' passed (0.004 seconds).
Test Suite 'HTTPGroupServiceTests' passed at 2026-06-05 21:33:27.277.
	 Executed 1 test, with 0 failures (0 unexpected) in 0.004 (0.004) seconds
Test Suite 'ChatAppPackageTests.xctest' passed at 2026-06-05 21:33:27.277.
	 Executed 1 test, with 0 failures (0 unexpected) in 0.004 (0.004) seconds
Test Suite 'Selected tests' passed at 2026-06-05 21:33:27.277.
	 Executed 1 test, with 0 failures (0 unexpected) in 0.004 (0.005) seconds
􀟈  Test run started.
􀄵  Testing Library Version: 1902
􀄵  Target Platform: arm64e-apple-macos14.0
􁁛  Test run with 0 tests in 0 suites passed after 0.001 seconds.
Building for debugging...
[0/4] Write swift-version--58304C5D6DBC2206.txt
Build complete! (0.08s)
Test Suite 'Selected tests' started at 2026-06-05 21:33:27.741.
Test Suite 'ChatAppPackageTests.xctest' started at 2026-06-05 21:33:27.742.
Test Suite 'HTTPGroupServiceTests' started at 2026-06-05 21:33:27.742.
Test Case '-[ChatAppTests.HTTPGroupServiceTests testSendGroupMessagePostsCiphertextOnlyAndMapsStatuses]' started.
Test Case '-[ChatAppTests.HTTPGroupServiceTests testSendGroupMessagePostsCiphertextOnlyAndMapsStatuses]' passed (0.005 seconds).
Test Suite 'HTTPGroupServiceTests' passed at 2026-06-05 21:33:27.747.
	 Executed 1 test, with 0 failures (0 unexpected) in 0.005 (0.005) seconds
Test Suite 'ChatAppPackageTests.xctest' passed at 2026-06-05 21:33:27.747.
	 Executed 1 test, with 0 failures (0 unexpected) in 0.005 (0.005) seconds
Test Suite 'Selected tests' passed at 2026-06-05 21:33:27.747.
	 Executed 1 test, with 0 failures (0 unexpected) in 0.005 (0.006) seconds
􀟈  Test run started.
􀄵  Testing Library Version: 1902
􀄵  Target Platform: arm64e-apple-macos14.0
􁁛  Test run with 0 tests in 0 suites passed after 0.001 seconds.
Building for debugging...
[0/4] Write swift-version--58304C5D6DBC2206.txt
Build complete! (0.08s)
Test Suite 'Selected tests' started at 2026-06-05 21:33:28.216.
Test Suite 'ChatAppPackageTests.xctest' started at 2026-06-05 21:33:28.217.
Test Suite 'HTTPGroupServiceTests' started at 2026-06-05 21:33:28.217.
Test Case '-[ChatAppTests.HTTPGroupServiceTests testGetEndpointsDecodeGroupPayloads]' started.
Test Case '-[ChatAppTests.HTTPGroupServiceTests testGetEndpointsDecodeGroupPayloads]' passed (0.005 seconds).
Test Suite 'HTTPGroupServiceTests' passed at 2026-06-05 21:33:28.221.
	 Executed 1 test, with 0 failures (0 unexpected) in 0.005 (0.005) seconds
Test Suite 'ChatAppPackageTests.xctest' passed at 2026-06-05 21:33:28.221.
	 Executed 1 test, with 0 failures (0 unexpected) in 0.005 (0.005) seconds
Test Suite 'Selected tests' passed at 2026-06-05 21:33:28.221.
	 Executed 1 test, with 0 failures (0 unexpected) in 0.005 (0.005) seconds
􀟈  Test run started.
􀄵  Testing Library Version: 1902
􀄵  Target Platform: arm64e-apple-macos14.0
􁁛  Test run with 0 tests in 0 suites passed after 0.001 seconds.
Building for debugging...
[0/4] Write swift-version--58304C5D6DBC2206.txt
Build complete! (0.09s)
Test Suite 'Selected tests' started at 2026-06-05 21:33:28.711.
Test Suite 'ChatAppPackageTests.xctest' started at 2026-06-05 21:33:28.711.
Test Suite 'HTTPGroupServiceTests' started at 2026-06-05 21:33:28.711.
Test Case '-[ChatAppTests.HTTPGroupServiceTests testParseGroupSSEEventDecodesDataLineAndIgnoresOtherLines]' started.
Test Case '-[ChatAppTests.HTTPGroupServiceTests testParseGroupSSEEventDecodesDataLineAndIgnoresOtherLines]' passed (0.000 seconds).
Test Suite 'HTTPGroupServiceTests' passed at 2026-06-05 21:33:28.712.
	 Executed 1 test, with 0 failures (0 unexpected) in 0.000 (0.001) seconds
Test Suite 'ChatAppPackageTests.xctest' passed at 2026-06-05 21:33:28.712.
	 Executed 1 test, with 0 failures (0 unexpected) in 0.000 (0.001) seconds
Test Suite 'Selected tests' passed at 2026-06-05 21:33:28.712.
	 Executed 1 test, with 0 failures (0 unexpected) in 0.000 (0.001) seconds
􀟈  Test run started.
􀄵  Testing Library Version: 1902
􀄵  Target Platform: arm64e-apple-macos14.0
􁁛  Test run with 0 tests in 0 suites passed after 0.001 seconds.
Building for debugging...
[0/4] Write swift-version--58304C5D6DBC2206.txt
Build complete! (0.08s)
Test Suite 'Selected tests' started at 2026-06-05 21:33:29.198.
Test Suite 'ChatAppPackageTests.xctest' started at 2026-06-05 21:33:29.199.
Test Suite 'HTTPGroupServiceTests' started at 2026-06-05 21:33:29.199.
Test Case '-[ChatAppTests.HTTPGroupServiceTests testLiveGroupMessagesYieldsSSERecordsAndCompletes]' started.
Test Case '-[ChatAppTests.HTTPGroupServiceTests testLiveGroupMessagesYieldsSSERecordsAndCompletes]' passed (0.004 seconds).
Test Suite 'HTTPGroupServiceTests' passed at 2026-06-05 21:33:29.203.
	 Executed 1 test, with 0 failures (0 unexpected) in 0.004 (0.004) seconds
Test Suite 'ChatAppPackageTests.xctest' passed at 2026-06-05 21:33:29.203.
	 Executed 1 test, with 0 failures (0 unexpected) in 0.004 (0.004) seconds
Test Suite 'Selected tests' passed at 2026-06-05 21:33:29.203.
	 Executed 1 test, with 0 failures (0 unexpected) in 0.004 (0.005) seconds
􀟈  Test run started.
􀄵  Testing Library Version: 1902
􀄵  Target Platform: arm64e-apple-macos14.0
􁁛  Test run with 0 tests in 0 suites passed after 0.001 seconds.
Building for debugging...
[0/4] Write swift-version--58304C5D6DBC2206.txt
Build complete! (0.08s)
Test Suite 'Selected tests' started at 2026-06-05 21:33:29.678.
Test Suite 'ChatAppPackageTests.xctest' started at 2026-06-05 21:33:29.678.
Test Suite 'GroupCoordinatorTests' started at 2026-06-05 21:33:29.678.
Test Case '-[ChatAppTests.GroupCoordinatorTests testCreateGroupWrapsEpochZeroKeyToEveryMember]' started.
Test Case '-[ChatAppTests.GroupCoordinatorTests testCreateGroupWrapsEpochZeroKeyToEveryMember]' passed (0.034 seconds).
Test Suite 'GroupCoordinatorTests' passed at 2026-06-05 21:33:29.713.
	 Executed 1 test, with 0 failures (0 unexpected) in 0.034 (0.034) seconds
Test Suite 'ChatAppPackageTests.xctest' passed at 2026-06-05 21:33:29.713.
	 Executed 1 test, with 0 failures (0 unexpected) in 0.034 (0.034) seconds
Test Suite 'Selected tests' passed at 2026-06-05 21:33:29.713.
	 Executed 1 test, with 0 failures (0 unexpected) in 0.034 (0.035) seconds
􀟈  Test run started.
􀄵  Testing Library Version: 1902
􀄵  Target Platform: arm64e-apple-macos14.0
􁁛  Test run with 0 tests in 0 suites passed after 0.001 seconds.
Building for debugging...
[0/4] Write swift-version--58304C5D6DBC2206.txt
Build complete! (0.08s)
Test Suite 'Selected tests' started at 2026-06-05 21:33:30.194.
Test Suite 'ChatAppPackageTests.xctest' started at 2026-06-05 21:33:30.195.
Test Suite 'GroupCoordinatorTests' started at 2026-06-05 21:33:30.195.
Test Case '-[ChatAppTests.GroupCoordinatorTests testCreateGroupRejectsMemberWithInvalidPrekeySignature]' started.
Test Case '-[ChatAppTests.GroupCoordinatorTests testCreateGroupRejectsMemberWithInvalidPrekeySignature]' passed (0.033 seconds).
Test Suite 'GroupCoordinatorTests' passed at 2026-06-05 21:33:30.228.
	 Executed 1 test, with 0 failures (0 unexpected) in 0.033 (0.033) seconds
Test Suite 'ChatAppPackageTests.xctest' passed at 2026-06-05 21:33:30.228.
	 Executed 1 test, with 0 failures (0 unexpected) in 0.033 (0.033) seconds
Test Suite 'Selected tests' passed at 2026-06-05 21:33:30.228.
	 Executed 1 test, with 0 failures (0 unexpected) in 0.033 (0.034) seconds
􀟈  Test run started.
􀄵  Testing Library Version: 1902
􀄵  Target Platform: arm64e-apple-macos14.0
􁁛  Test run with 0 tests in 0 suites passed after 0.001 seconds.
Building for debugging...
[0/4] Write swift-version--58304C5D6DBC2206.txt
Build complete! (0.08s)
Test Suite 'Selected tests' started at 2026-06-05 21:33:30.708.
Test Suite 'ChatAppPackageTests.xctest' started at 2026-06-05 21:33:30.708.
Test Suite 'GroupCoordinatorTests' started at 2026-06-05 21:33:30.708.
Test Case '-[ChatAppTests.GroupCoordinatorTests testSendEncryptsUnderCurrentEpochKey]' started.
Test Case '-[ChatAppTests.GroupCoordinatorTests testSendEncryptsUnderCurrentEpochKey]' passed (0.040 seconds).
Test Suite 'GroupCoordinatorTests' passed at 2026-06-05 21:33:30.749.
	 Executed 1 test, with 0 failures (0 unexpected) in 0.040 (0.040) seconds
Test Suite 'ChatAppPackageTests.xctest' passed at 2026-06-05 21:33:30.749.
	 Executed 1 test, with 0 failures (0 unexpected) in 0.040 (0.040) seconds
Test Suite 'Selected tests' passed at 2026-06-05 21:33:30.749.
	 Executed 1 test, with 0 failures (0 unexpected) in 0.040 (0.041) seconds
􀟈  Test run started.
􀄵  Testing Library Version: 1902
􀄵  Target Platform: arm64e-apple-macos14.0
􁁛  Test run with 0 tests in 0 suites passed after 0.001 seconds.
Building for debugging...
[0/4] Write swift-version--58304C5D6DBC2206.txt
Build complete! (0.08s)
Test Suite 'Selected tests' started at 2026-06-05 21:33:31.230.
Test Suite 'ChatAppPackageTests.xctest' started at 2026-06-05 21:33:31.231.
Test Suite 'GroupCoordinatorTests' started at 2026-06-05 21:33:31.231.
Test Case '-[ChatAppTests.GroupCoordinatorTests testLateAddedMemberCannotDecryptPriorEpochMessage]' started.
Test Case '-[ChatAppTests.GroupCoordinatorTests testLateAddedMemberCannotDecryptPriorEpochMessage]' passed (0.036 seconds).
Test Suite 'GroupCoordinatorTests' passed at 2026-06-05 21:33:31.267.
	 Executed 1 test, with 0 failures (0 unexpected) in 0.036 (0.036) seconds
Test Suite 'ChatAppPackageTests.xctest' passed at 2026-06-05 21:33:31.267.
	 Executed 1 test, with 0 failures (0 unexpected) in 0.036 (0.036) seconds
Test Suite 'Selected tests' passed at 2026-06-05 21:33:31.267.
	 Executed 1 test, with 0 failures (0 unexpected) in 0.036 (0.037) seconds
􀟈  Test run started.
􀄵  Testing Library Version: 1902
􀄵  Target Platform: arm64e-apple-macos14.0
􁁛  Test run with 0 tests in 0 suites passed after 0.001 seconds.
Building for debugging...
[0/4] Write swift-version--58304C5D6DBC2206.txt
Build complete! (0.08s)
Test Suite 'Selected tests' started at 2026-06-05 21:33:31.735.
Test Suite 'ChatAppPackageTests.xctest' started at 2026-06-05 21:33:31.736.
Test Suite 'GroupCoordinatorTests' started at 2026-06-05 21:33:31.736.
Test Case '-[ChatAppTests.GroupCoordinatorTests testOpenGroupDecryptsHistoryAndSkipsUndecryptable]' started.
Test Case '-[ChatAppTests.GroupCoordinatorTests testOpenGroupDecryptsHistoryAndSkipsUndecryptable]' passed (0.038 seconds).
Test Suite 'GroupCoordinatorTests' passed at 2026-06-05 21:33:31.774.
	 Executed 1 test, with 0 failures (0 unexpected) in 0.038 (0.038) seconds
Test Suite 'ChatAppPackageTests.xctest' passed at 2026-06-05 21:33:31.774.
	 Executed 1 test, with 0 failures (0 unexpected) in 0.038 (0.038) seconds
Test Suite 'Selected tests' passed at 2026-06-05 21:33:31.774.
	 Executed 1 test, with 0 failures (0 unexpected) in 0.038 (0.039) seconds
􀟈  Test run started.
􀄵  Testing Library Version: 1902
􀄵  Target Platform: arm64e-apple-macos14.0
􁁛  Test run with 0 tests in 0 suites passed after 0.001 seconds.
Building for debugging...
[0/4] Write swift-version--58304C5D6DBC2206.txt
Build complete! (0.08s)
Test Suite 'Selected tests' started at 2026-06-05 21:33:32.250.
Test Suite 'ChatAppPackageTests.xctest' started at 2026-06-05 21:33:32.251.
Test Suite 'GroupCoordinatorTests' started at 2026-06-05 21:33:32.251.
Test Case '-[ChatAppTests.GroupCoordinatorTests testSubscribeLiveDecryptsInboundGroupRecord]' started.
Test Case '-[ChatAppTests.GroupCoordinatorTests testSubscribeLiveDecryptsInboundGroupRecord]' passed (0.093 seconds).
Test Suite 'GroupCoordinatorTests' passed at 2026-06-05 21:33:32.345.
	 Executed 1 test, with 0 failures (0 unexpected) in 0.093 (0.094) seconds
Test Suite 'ChatAppPackageTests.xctest' passed at 2026-06-05 21:33:32.345.
	 Executed 1 test, with 0 failures (0 unexpected) in 0.093 (0.094) seconds
Test Suite 'Selected tests' passed at 2026-06-05 21:33:32.345.
	 Executed 1 test, with 0 failures (0 unexpected) in 0.093 (0.094) seconds
􀟈  Test run started.
􀄵  Testing Library Version: 1902
􀄵  Target Platform: arm64e-apple-macos14.0
􁁛  Test run with 0 tests in 0 suites passed after 0.001 seconds.
Building for debugging...
[0/4] Write swift-version--58304C5D6DBC2206.txt
Build complete! (0.08s)
Test Suite 'Selected tests' started at 2026-06-05 21:33:32.807.
Test Suite 'ChatAppPackageTests.xctest' started at 2026-06-05 21:33:32.808.
Test Suite 'LiveDME2ETests' started at 2026-06-05 21:33:32.808.
Test Case '-[ChatAppTests.LiveDME2ETests testLiveEncryptedDirectMessageRoundTripStoresOnlyCiphertext]' started.
Test Case '-[ChatAppTests.LiveDME2ETests testLiveEncryptedDirectMessageRoundTripStoresOnlyCiphertext]' passed (0.189 seconds).
Test Suite 'LiveDME2ETests' passed at 2026-06-05 21:33:32.997.
	 Executed 1 test, with 0 failures (0 unexpected) in 0.189 (0.189) seconds
Test Suite 'ChatAppPackageTests.xctest' passed at 2026-06-05 21:33:32.997.
	 Executed 1 test, with 0 failures (0 unexpected) in 0.189 (0.189) seconds
Test Suite 'Selected tests' passed at 2026-06-05 21:33:32.997.
	 Executed 1 test, with 0 failures (0 unexpected) in 0.189 (0.190) seconds
􀟈  Test run started.
􀄵  Testing Library Version: 1902
􀄵  Target Platform: arm64e-apple-macos14.0
􁁛  Test run with 0 tests in 0 suites passed after 0.001 seconds.
Building for debugging...
[0/4] Write swift-version--58304C5D6DBC2206.txt
Build complete! (0.08s)
Test Suite 'Selected tests' started at 2026-06-05 21:33:33.485.
Test Suite 'ChatAppPackageTests.xctest' started at 2026-06-05 21:33:33.486.
Test Suite 'LiveRegistrationE2ETests' started at 2026-06-05 21:33:33.486.
Test Case '-[ChatAppTests.LiveRegistrationE2ETests testLiveRegistrationPersistsAccountAndDuplicateShowsTakenError]' started.
Test Case '-[ChatAppTests.LiveRegistrationE2ETests testLiveRegistrationPersistsAccountAndDuplicateShowsTakenError]' passed (0.014 seconds).
Test Suite 'LiveRegistrationE2ETests' passed at 2026-06-05 21:33:33.500.
	 Executed 1 test, with 0 failures (0 unexpected) in 0.014 (0.014) seconds
Test Suite 'ChatAppPackageTests.xctest' passed at 2026-06-05 21:33:33.500.
	 Executed 1 test, with 0 failures (0 unexpected) in 0.014 (0.014) seconds
Test Suite 'Selected tests' passed at 2026-06-05 21:33:33.500.
	 Executed 1 test, with 0 failures (0 unexpected) in 0.014 (0.015) seconds
􀟈  Test run started.
􀄵  Testing Library Version: 1902
􀄵  Target Platform: arm64e-apple-macos14.0
􁁛  Test run with 0 tests in 0 suites passed after 0.001 seconds.
Building for debugging...
[0/4] Write swift-version--58304C5D6DBC2206.txt
Build complete! (0.08s)
Test Suite 'Selected tests' started at 2026-06-05 21:33:33.969.
Test Suite 'ChatAppPackageTests.xctest' started at 2026-06-05 21:33:33.969.
Test Suite 'LiveAuthE2ETests' started at 2026-06-05 21:33:33.969.
Test Case '-[ChatAppTests.LiveAuthE2ETests testLivePasswordFreeAuthRoundTripAndRejectsCorruptedSignature]' started.
Test Case '-[ChatAppTests.LiveAuthE2ETests testLivePasswordFreeAuthRoundTripAndRejectsCorruptedSignature]' passed (0.016 seconds).
Test Suite 'LiveAuthE2ETests' passed at 2026-06-05 21:33:33.986.
	 Executed 1 test, with 0 failures (0 unexpected) in 0.016 (0.016) seconds
Test Suite 'ChatAppPackageTests.xctest' passed at 2026-06-05 21:33:33.986.
	 Executed 1 test, with 0 failures (0 unexpected) in 0.016 (0.016) seconds
Test Suite 'Selected tests' passed at 2026-06-05 21:33:33.986.
	 Executed 1 test, with 0 failures (0 unexpected) in 0.016 (0.017) seconds
􀟈  Test run started.
􀄵  Testing Library Version: 1902
􀄵  Target Platform: arm64e-apple-macos14.0
􁁛  Test run with 0 tests in 0 suites passed after 0.001 seconds.
Building for debugging...
[0/4] Write swift-version--58304C5D6DBC2206.txt
Build complete! (0.08s)
Test Suite 'Selected tests' started at 2026-06-05 21:33:34.449.
Test Suite 'ChatAppPackageTests.xctest' started at 2026-06-05 21:33:34.450.
Test Suite 'MessageCryptoTests' started at 2026-06-05 21:33:34.450.
Test Case '-[ChatAppTests.MessageCryptoTests testEncryptDecryptRoundTripsToExactPlaintext]' started.
Test Case '-[ChatAppTests.MessageCryptoTests testEncryptDecryptRoundTripsToExactPlaintext]' passed (0.001 seconds).
Test Suite 'MessageCryptoTests' passed at 2026-06-05 21:33:34.451.
	 Executed 1 test, with 0 failures (0 unexpected) in 0.001 (0.001) seconds
Test Suite 'ChatAppPackageTests.xctest' passed at 2026-06-05 21:33:34.451.
	 Executed 1 test, with 0 failures (0 unexpected) in 0.001 (0.001) seconds
Test Suite 'Selected tests' passed at 2026-06-05 21:33:34.451.
	 Executed 1 test, with 0 failures (0 unexpected) in 0.001 (0.001) seconds
􀟈  Test run started.
􀄵  Testing Library Version: 1902
􀄵  Target Platform: arm64e-apple-macos14.0
􁁛  Test run with 0 tests in 0 suites passed after 0.001 seconds.
Building for debugging...
[0/4] Write swift-version--58304C5D6DBC2206.txt
Build complete! (0.08s)
Test Suite 'Selected tests' started at 2026-06-05 21:33:34.931.
Test Suite 'ChatAppPackageTests.xctest' started at 2026-06-05 21:33:34.932.
Test Suite 'HTTPMessageServiceTests' started at 2026-06-05 21:33:34.932.
Test Case '-[ChatAppTests.HTTPMessageServiceTests testSendPostsCiphertextOnlyWithBearerToken]' started.
Test Case '-[ChatAppTests.HTTPMessageServiceTests testSendPostsCiphertextOnlyWithBearerToken]' passed (0.004 seconds).
Test Suite 'HTTPMessageServiceTests' passed at 2026-06-05 21:33:34.936.
	 Executed 1 test, with 0 failures (0 unexpected) in 0.004 (0.004) seconds
Test Suite 'ChatAppPackageTests.xctest' passed at 2026-06-05 21:33:34.936.
	 Executed 1 test, with 0 failures (0 unexpected) in 0.004 (0.004) seconds
Test Suite 'Selected tests' passed at 2026-06-05 21:33:34.936.
	 Executed 1 test, with 0 failures (0 unexpected) in 0.004 (0.005) seconds
􀟈  Test run started.
􀄵  Testing Library Version: 1902
􀄵  Target Platform: arm64e-apple-macos14.0
􁁛  Test run with 0 tests in 0 suites passed after 0.001 seconds.
task-5 verify: proving group wire, history, and DB contain ciphertext only
task-5 verify: proving post-add coordinator message is persisted and reachable
task-5 verify: proving late member lacks prior epoch key
task-5 verify: checking group message/key schemas
task-5 verify: PASS
/Users/ngthluu/choscor/test-chat-app/.agentloop/worktrees/task-fix-task8-verify-b3/.agentloop/state/tasks/task-5/verify.sh: line 29: 77847 Terminated: 15          ( cd "${BACKEND_DIR}"; cargo run -- --db-path "${DB_PATH}" --port "${PORT}" ) > "${SERVER_LOG}" 2>&1
verify: RUN (task-6)
task-6 verify: building and testing backend
    Finished `dev` profile [unoptimized + debuginfo] target(s) in 0.07s
    Finished `test` profile [unoptimized + debuginfo] target(s) in 0.06s
     Running unittests src/lib.rs (target/debug/deps/test_chat_backend-acfff881fbeff8b8)

running 0 tests

test result: ok. 0 passed; 0 failed; 0 ignored; 0 measured; 0 filtered out; finished in 0.00s

     Running unittests src/main.rs (target/debug/deps/test_chat_backend-9d5476f2c3843da5)

running 0 tests

test result: ok. 0 passed; 0 failed; 0 ignored; 0 measured; 0 filtered out; finished in 0.00s

     Running tests/attachments.rs (target/debug/deps/attachments-14ccd7d85cb70557)

running 5 tests
test attachments_table_stores_no_plaintext_columns ... ok
test attachment_requires_bearer_token ... ok
test attachment_download_unknown_id_is_404 ... ok
test attachment_upload_then_download_round_trips_exact_bytes ... ok
test attachment_upload_rejects_oversize_payload_with_413 ... ok

test result: ok. 5 passed; 0 failed; 0 ignored; 0 measured; 0 filtered out; finished in 0.02s

     Running tests/auth.rs (target/debug/deps/auth-8604fa95047f6e2f)

running 8 tests
test auth_tables_store_no_private_material ... ok
test auth_session_rejects_unknown_token ... ok
test auth_challenge_rejects_unknown_user ... ok
test auth_malformed_json_returns_bad_request ... ok
test auth_challenge_returns_nonce_for_known_user ... ok
test auth_verify_with_bad_signature_is_rejected ... ok
test auth_verify_with_valid_signature_issues_session_token ... ok
test auth_verify_rejects_unknown_or_reused_challenge ... ok

test result: ok. 8 passed; 0 failed; 0 ignored; 0 measured; 0 filtered out; finished in 0.02s

     Running tests/conversations.rs (target/debug/deps/conversations-a7ed8ac73ee40eae)

running 7 tests
test conversations_requires_bearer_token ... ok
test conversations_include_inbound_only_peer_started_while_viewer_was_offline ... ok
test conversations_return_ciphertext_and_metadata_without_plaintext ... ok
test conversations_use_rowid_tiebreaks_instead_of_random_uuid_order ... ok
test conversations_scope_excludes_unrelated_pairs_and_names_the_peer ... ok
test conversations_empty_for_user_with_no_messages ... ok
test conversations_lists_distinct_peers_ordered_by_recent_activity ... ok

test result: ok. 7 passed; 0 failed; 0 ignored; 0 measured; 0 filtered out; finished in 0.02s

     Running tests/groups.rs (target/debug/deps/groups-dd51c3ddb97e60c4)

running 12 tests
test group_stream_requires_bearer_token ... ok
test group_create_requires_bearer_token ... ok
test group_tables_store_no_plaintext_columns ... ok
test group_message_history_returns_same_second_messages_in_send_order ... ok
test group_list_returns_all_member_groups_in_rowid_order ... ok
test group_message_post_stores_exactly_the_ciphertext_blob ... ok
test group_message_history_returns_only_ciphertext_for_members ... ok
test group_stream_with_member_returns_sse_headers ... ok
test group_create_persists_name_membership_and_epoch_zero_keys ... ok
test group_add_member_broadcasts_epoch_event_to_members ... ok
test group_endpoints_reject_non_members_with_403 ... ok
test group_add_member_bumps_epoch_and_blocks_prior_epoch_keys ... ok

test result: ok. 12 passed; 0 failed; 0 ignored; 0 measured; 0 filtered out; finished in 0.04s

     Running tests/messages.rs (target/debug/deps/messages-a293061aac4fd650)

running 14 tests
test messages_post_requires_bearer_token ... ok
test messages_inbox_requires_bearer_token ... ok
test messages_inbox_empty_for_caller_with_no_inbound_messages ... ok
test keys_publish_requires_valid_identity_signature ... ok
test messages_inbox_since_cursor_returns_only_later_rows_and_advances ... ok
test messages_history_returns_same_second_messages_in_send_order ... ok
test messages_inbox_delivers_same_second_messages_in_send_order ... ok
test messages_stream_requires_bearer_token ... ok
test keys_fetch_returns_published_prekey_for_username ... ok
test messages_inbox_is_scoped_to_recipient_inbound_messages_only ... ok
test messages_table_stores_no_plaintext_columns ... ok
test messages_history_returns_only_ciphertext_and_is_scoped_to_the_pair ... ok
test messages_stream_with_valid_token_returns_sse_headers ... ok
test messages_post_stores_exactly_the_ciphertext_blob ... ok

test result: ok. 14 passed; 0 failed; 0 ignored; 0 measured; 0 filtered out; finished in 0.03s

     Running tests/register.rs (target/debug/deps/register-6f9d859b8574001d)

running 3 tests
test register_stores_only_public_account_fields ... ok
test register_rejects_duplicate_username_without_second_row ... ok
test register_rejects_malformed_input ... ok

test result: ok. 3 passed; 0 failed; 0 ignored; 0 measured; 0 filtered out; finished in 0.01s

     Running tests/schema.rs (target/debug/deps/schema-b038f68994545c75)

running 2 tests
test migration_creates_users_table_with_only_public_account_columns ... ok
test schema_dump_prints_schema_sample_row_and_rejects_private_material ... ok

test result: ok. 2 passed; 0 failed; 0 ignored; 0 measured; 0 filtered out; finished in 0.02s

     Running tests/zk_relay_audit.rs (target/debug/deps/zk_relay_audit-bd3d74422e342891)

running 4 tests
test zk_relay_audit_fails_when_attachments_shape_drifts ... ok
test zk_relay_audit_fails_when_plaintext_column_exists ... ok
test zk_relay_audit_fails_when_private_key_column_exists ... ok
test zk_relay_audit_passes_for_ciphertext_only_schema ... ok

test result: ok. 4 passed; 0 failed; 0 ignored; 0 measured; 0 filtered out; finished in 0.45s

     Running tests/zk_sentinel.rs (target/debug/deps/zk_sentinel-1d21ce2d7220d674)

running 1 test
test zk_sentinel_roundtrip_stores_only_ciphertext_in_raw_db ... ok

test result: ok. 1 passed; 0 failed; 0 ignored; 0 measured; 0 filtered out; finished in 0.02s

   Doc-tests test_chat_backend

running 0 tests

test result: ok. 0 passed; 0 failed; 0 ignored; 0 measured; 0 filtered out; finished in 0.00s
task-6 verify: starting backend on http://127.0.0.1:54799
task-6 verify: backend health check returned 200
task-6 verify: building and testing Swift app with live emoji DM E2E
[0/1] Planning build
Building for debugging...
[0/3] Write swift-version--58304C5D6DBC2206.txt
Build complete! (0.12s)
[0/1] Planning build
Building for debugging...
[0/4] Write swift-version--58304C5D6DBC2206.txt
Build complete! (0.12s)
Test Suite 'Selected tests' started at 2026-06-05 21:33:38.255.
Test Suite 'ChatAppPackageTests.xctest' started at 2026-06-05 21:33:38.256.
Test Suite 'ComposerWiringTests' started at 2026-06-05 21:33:38.256.
Test Case '-[ChatAppTests.ComposerWiringTests testComposerDraftIsSentThenReset]' started.
Test Case '-[ChatAppTests.ComposerWiringTests testComposerDraftIsSentThenReset]' passed (0.001 seconds).
Test Case '-[ChatAppTests.ComposerWiringTests testEmojiPickerViewCanBeConstructedWithShippedModel]' started.
Test Case '-[ChatAppTests.ComposerWiringTests testEmojiPickerViewCanBeConstructedWithShippedModel]' passed (0.000 seconds).
Test Suite 'ComposerWiringTests' passed at 2026-06-05 21:33:38.257.
	 Executed 2 tests, with 0 failures (0 unexpected) in 0.001 (0.001) seconds
Test Suite 'DraftEditorTests' started at 2026-06-05 21:33:38.257.
Test Case '-[ChatAppTests.DraftEditorTests testCaretAboveLengthClampsToEnd]' started.
Test Case '-[ChatAppTests.DraftEditorTests testCaretAboveLengthClampsToEnd]' passed (0.000 seconds).
Test Case '-[ChatAppTests.DraftEditorTests testCaretBelowZeroClampsToStart]' started.
Test Case '-[ChatAppTests.DraftEditorTests testCaretBelowZeroClampsToStart]' passed (0.000 seconds).
Test Case '-[ChatAppTests.DraftEditorTests testInsertAtEndOfASCIIDraft]' started.
Test Case '-[ChatAppTests.DraftEditorTests testInsertAtEndOfASCIIDraft]' passed (0.000 seconds).
Test Case '-[ChatAppTests.DraftEditorTests testInsertAtMiddleOfASCIIDraft]' started.
Test Case '-[ChatAppTests.DraftEditorTests testInsertAtMiddleOfASCIIDraft]' passed (0.000 seconds).
Test Case '-[ChatAppTests.DraftEditorTests testInsertAtStartOfASCIIDraft]' started.
Test Case '-[ChatAppTests.DraftEditorTests testInsertAtStartOfASCIIDraft]' passed (0.000 seconds).
Test Case '-[ChatAppTests.DraftEditorTests testInsertIntoEmptyDraftYieldsEmojiAndCaretAfterIt]' started.
Test Case '-[ChatAppTests.DraftEditorTests testInsertIntoEmptyDraftYieldsEmojiAndCaretAfterIt]' passed (0.000 seconds).
Test Case '-[ChatAppTests.DraftEditorTests testInsertionInsideExistingEmojiSnapsDownAndDoesNotSplitIt]' started.
Test Case '-[ChatAppTests.DraftEditorTests testInsertionInsideExistingEmojiSnapsDownAndDoesNotSplitIt]' passed (0.000 seconds).
Test Case '-[ChatAppTests.DraftEditorTests testMultiScalarEmojiAreInsertedAsIntactGraphemes]' started.
Test Case '-[ChatAppTests.DraftEditorTests testMultiScalarEmojiAreInsertedAsIntactGraphemes]' passed (0.000 seconds).
Test Suite 'DraftEditorTests' passed at 2026-06-05 21:33:38.258.
	 Executed 8 tests, with 0 failures (0 unexpected) in 0.001 (0.001) seconds
Test Suite 'EmojiCatalogTests' started at 2026-06-05 21:33:38.258.
Test Case '-[ChatAppTests.EmojiCatalogTests testCatalogIncludesMultiScalarExamples]' started.
Test Case '-[ChatAppTests.EmojiCatalogTests testCatalogIncludesMultiScalarExamples]' passed (0.000 seconds).
Test Case '-[ChatAppTests.EmojiCatalogTests testCatalogIsNonEmptyAndEveryCategoryHasEntries]' started.
Test Case '-[ChatAppTests.EmojiCatalogTests testCatalogIsNonEmptyAndEveryCategoryHasEntries]' passed (0.000 seconds).
Test Case '-[ChatAppTests.EmojiCatalogTests testEmojiCharactersAreUnique]' started.
Test Case '-[ChatAppTests.EmojiCatalogTests testEmojiCharactersAreUnique]' passed (0.000 seconds).
Test Case '-[ChatAppTests.EmojiCatalogTests testEmptySearchReturnsAllEmojis]' started.
Test Case '-[ChatAppTests.EmojiCatalogTests testEmptySearchReturnsAllEmojis]' passed (0.000 seconds).
Test Case '-[ChatAppTests.EmojiCatalogTests testEveryEmojiHasMetadataAndIsFiledInItsCategory]' started.
Test Case '-[ChatAppTests.EmojiCatalogTests testEveryEmojiHasMetadataAndIsFiledInItsCategory]' passed (0.000 seconds).
Test Case '-[ChatAppTests.EmojiCatalogTests testNonsenseSearchReturnsNoEmojis]' started.
Test Case '-[ChatAppTests.EmojiCatalogTests testNonsenseSearchReturnsNoEmojis]' passed (0.000 seconds).
Test Case '-[ChatAppTests.EmojiCatalogTests testSearchIsCaseInsensitive]' started.
Test Case '-[ChatAppTests.EmojiCatalogTests testSearchIsCaseInsensitive]' passed (0.000 seconds).
Test Case '-[ChatAppTests.EmojiCatalogTests testSearchMatchesHeartByNameOrKeyword]' started.
Test Case '-[ChatAppTests.EmojiCatalogTests testSearchMatchesHeartByNameOrKeyword]' passed (0.000 seconds).
Test Case '-[ChatAppTests.EmojiCatalogTests testSearchMatchesKeywordThatIsNotPartOfName]' started.
Test Case '-[ChatAppTests.EmojiCatalogTests testSearchMatchesKeywordThatIsNotPartOfName]' passed (0.000 seconds).
Test Suite 'EmojiCatalogTests' passed at 2026-06-05 21:33:38.260.
	 Executed 9 tests, with 0 failures (0 unexpected) in 0.002 (0.002) seconds
Test Suite 'LiveEmojiDME2ETests' started at 2026-06-05 21:33:38.260.
Test Case '-[ChatAppTests.LiveEmojiDME2ETests testLiveEmojiOnlyDirectMessageRoundTripRendersForRecipient]' started.
Test Case '-[ChatAppTests.LiveEmojiDME2ETests testLiveEmojiOnlyDirectMessageRoundTripRendersForRecipient]' passed (0.187 seconds).
Test Suite 'LiveEmojiDME2ETests' passed at 2026-06-05 21:33:38.447.
	 Executed 1 test, with 0 failures (0 unexpected) in 0.187 (0.187) seconds
Test Suite 'MessageComposerModelTests' started at 2026-06-05 21:33:38.447.
Test Case '-[ChatAppTests.MessageComposerModelTests testCanSendUsesTrimmedDraftRule]' started.
Test Case '-[ChatAppTests.MessageComposerModelTests testCanSendUsesTrimmedDraftRule]' passed (0.000 seconds).
Test Case '-[ChatAppTests.MessageComposerModelTests testFilteredEmojisUsesSearchWhenQueryIsNonEmpty]' started.
Test Case '-[ChatAppTests.MessageComposerModelTests testFilteredEmojisUsesSearchWhenQueryIsNonEmpty]' passed (0.000 seconds).
Test Case '-[ChatAppTests.MessageComposerModelTests testFilteredEmojisUsesSelectedCategoryWhenQueryIsEmpty]' started.
Test Case '-[ChatAppTests.MessageComposerModelTests testFilteredEmojisUsesSelectedCategoryWhenQueryIsEmpty]' passed (0.000 seconds).
Test Case '-[ChatAppTests.MessageComposerModelTests testInsertEmojiAtCaretAdvancesCaretAndDismissesPicker]' started.
Test Case '-[ChatAppTests.MessageComposerModelTests testInsertEmojiAtCaretAdvancesCaretAndDismissesPicker]' passed (0.000 seconds).
Test Case '-[ChatAppTests.MessageComposerModelTests testPickerPresentationMethodsUpdateState]' started.
Test Case '-[ChatAppTests.MessageComposerModelTests testPickerPresentationMethodsUpdateState]' passed (0.000 seconds).
Test Case '-[ChatAppTests.MessageComposerModelTests testResetClearsDraftAndCaret]' started.
Test Case '-[ChatAppTests.MessageComposerModelTests testResetClearsDraftAndCaret]' passed (0.000 seconds).
Test Case '-[ChatAppTests.MessageComposerModelTests testSequentialInsertsPreserveOrder]' started.
Test Case '-[ChatAppTests.MessageComposerModelTests testSequentialInsertsPreserveOrder]' passed (0.000 seconds).
Test Suite 'MessageComposerModelTests' passed at 2026-06-05 21:33:38.448.
	 Executed 7 tests, with 0 failures (0 unexpected) in 0.001 (0.001) seconds
Test Suite 'ChatAppPackageTests.xctest' passed at 2026-06-05 21:33:38.448.
	 Executed 27 tests, with 0 failures (0 unexpected) in 0.191 (0.192) seconds
Test Suite 'Selected tests' passed at 2026-06-05 21:33:38.448.
	 Executed 27 tests, with 0 failures (0 unexpected) in 0.191 (0.193) seconds
􀟈  Test run started.
􀄵  Testing Library Version: 1902
􀄵  Target Platform: arm64e-apple-macos14.0
􁁛  Test run with 0 tests in 0 suites passed after 0.001 seconds.
task-6 verify: proving emoji DM wire, history, and DB contain ciphertext only
task-6 verify: PASS
/Users/ngthluu/choscor/test-chat-app/.agentloop/worktrees/task-fix-task8-verify-b3/.agentloop/state/tasks/task-6/verify.sh: line 27: 79585 Terminated: 15          ( cd "${BACKEND_DIR}"; cargo run -- --db-path "${DB_PATH}" --port "${PORT}" ) > "${SERVER_LOG}" 2>&1
verify: RUN (task-7-r5)
task-7 verify: reaping stale backend processes
reaped 2 stale test-chat-backend process(es)
task-7 verify: building backend and running scoped Rust attachment tests
    Finished `dev` profile [unoptimized + debuginfo] target(s) in 0.13s
    Finished `test` profile [unoptimized + debuginfo] target(s) in 0.10s
     Running tests/attachments.rs (target/debug/deps/attachments-14ccd7d85cb70557)

running 5 tests
test attachments_table_stores_no_plaintext_columns ... ok
test attachment_download_unknown_id_is_404 ... ok
test attachment_requires_bearer_token ... ok
test attachment_upload_then_download_round_trips_exact_bytes ... ok
test attachment_upload_rejects_oversize_payload_with_413 ... ok

test result: ok. 5 passed; 0 failed; 0 ignored; 0 measured; 0 filtered out; finished in 0.04s
task-7 verify: starting backend on http://127.0.0.1:56789
task-7 verify: backend health check returned 200
task-7 verify: building Swift app and test targets
[0/1] Planning build
Building for debugging...
[0/3] Write swift-version--58304C5D6DBC2206.txt
Build complete! (0.18s)
Building for debugging...
[0/4] Write swift-version--58304C5D6DBC2206.txt
Build complete! (0.08s)
task-7 verify: running attachment-only Swift test classes
[0/1] Planning build
Test Suite 'Selected tests' started at 2026-06-05 21:33:42.742.
Test Suite 'ChatAppPackageTests.xctest' started at 2026-06-05 21:33:42.743.
Test Suite 'AttachmentDescriptorTests' started at 2026-06-05 21:33:42.743.
Test Case '-[ChatAppTests.AttachmentDescriptorTests testDescriptorRoundTripsAndUsesSnakeCaseKeys]' started.
Test Case '-[ChatAppTests.AttachmentDescriptorTests testDescriptorRoundTripsAndUsesSnakeCaseKeys]' passed (0.001 seconds).
Test Case '-[ChatAppTests.AttachmentDescriptorTests testJSONWithoutAttachmentMarkerIsNotMisdetected]' started.
Test Case '-[ChatAppTests.AttachmentDescriptorTests testJSONWithoutAttachmentMarkerIsNotMisdetected]' passed (0.000 seconds).
Test Case '-[ChatAppTests.AttachmentDescriptorTests testJSONWithWrongMarkerIsNotMisdetected]' started.
Test Case '-[ChatAppTests.AttachmentDescriptorTests testJSONWithWrongMarkerIsNotMisdetected]' passed (0.000 seconds).
Test Case '-[ChatAppTests.AttachmentDescriptorTests testPlainTextIsNotMisdetected]' started.
Test Case '-[ChatAppTests.AttachmentDescriptorTests testPlainTextIsNotMisdetected]' passed (0.000 seconds).
Test Suite 'AttachmentDescriptorTests' passed at 2026-06-05 21:33:42.744.
	 Executed 4 tests, with 0 failures (0 unexpected) in 0.001 (0.001) seconds
Test Suite 'DMCoordinatorTests' started at 2026-06-05 21:33:42.744.
Test Case '-[ChatAppTests.DMCoordinatorTests testCancelLiveSubscriptionCancelsWithoutRemovingMessages]' started.
Test Case '-[ChatAppTests.DMCoordinatorTests testCancelLiveSubscriptionCancelsWithoutRemovingMessages]' passed (0.034 seconds).
Test Case '-[ChatAppTests.DMCoordinatorTests testLoadHistoryDecryptsInboundRecordIntoDisplayMessages]' started.
Test Case '-[ChatAppTests.DMCoordinatorTests testLoadHistoryDecryptsInboundRecordIntoDisplayMessages]' passed (0.026 seconds).
Test Case '-[ChatAppTests.DMCoordinatorTests testLoadHistoryDetectsAttachmentDescriptorAndDownloadReturnsOriginalBytes]' started.
Test Case '-[ChatAppTests.DMCoordinatorTests testLoadHistoryDetectsAttachmentDescriptorAndDownloadReturnsOriginalBytes]' passed (0.029 seconds).
Test Case '-[ChatAppTests.DMCoordinatorTests testSendAttachmentUploadsEncryptedBlobAndSendsEncryptedDescriptor]' started.
Test Case '-[ChatAppTests.DMCoordinatorTests testSendAttachmentUploadsEncryptedBlobAndSendsEncryptedDescriptor]' passed (0.033 seconds).
Test Case '-[ChatAppTests.DMCoordinatorTests testSendEncryptsCiphertextAndRecipientCanDecryptIt]' started.
Test Case '-[ChatAppTests.DMCoordinatorTests testSendEncryptsCiphertextAndRecipientCanDecryptIt]' passed (0.042 seconds).
Test Case '-[ChatAppTests.DMCoordinatorTests testStartConversationRejectsPeerWithInvalidPrekeySignature]' started.
Test Case '-[ChatAppTests.DMCoordinatorTests testStartConversationRejectsPeerWithInvalidPrekeySignature]' passed (0.013 seconds).
Test Case '-[ChatAppTests.DMCoordinatorTests testStartConversationShowsUserNotFoundForMissingPeer]' started.
Test Case '-[ChatAppTests.DMCoordinatorTests testStartConversationShowsUserNotFoundForMissingPeer]' passed (0.012 seconds).
Test Case '-[ChatAppTests.DMCoordinatorTests testSubscribeLiveCatchesUpOfflineHistoryInServerOrderAndDedupesSSE]' started.
Test Case '-[ChatAppTests.DMCoordinatorTests testSubscribeLiveCatchesUpOfflineHistoryInServerOrderAndDedupesSSE]' passed (0.032 seconds).
Test Case '-[ChatAppTests.DMCoordinatorTests testSubscribeLiveDecryptsInboundRecordAndDedupesExistingMessages]' started.
Test Case '-[ChatAppTests.DMCoordinatorTests testSubscribeLiveDecryptsInboundRecordAndDedupesExistingMessages]' passed (0.086 seconds).
Test Case '-[ChatAppTests.DMCoordinatorTests testSubscribeLiveDeliversAttachmentDisplayDedupesAndDownloadsOriginalBytes]' started.
Test Case '-[ChatAppTests.DMCoordinatorTests testSubscribeLiveDeliversAttachmentDisplayDedupesAndDownloadsOriginalBytes]' passed (0.185 seconds).
Test Suite 'DMCoordinatorTests' passed at 2026-06-05 21:33:43.238.
	 Executed 10 tests, with 0 failures (0 unexpected) in 0.493 (0.494) seconds
Test Suite 'FileCryptoTests' started at 2026-06-05 21:33:43.238.
Test Case '-[ChatAppTests.FileCryptoTests testEncryptDecryptRoundTripReturnsExactBytesForBinaryPayload]' started.
Test Case '-[ChatAppTests.FileCryptoTests testEncryptDecryptRoundTripReturnsExactBytesForBinaryPayload]' passed (0.000 seconds).
Test Case '-[ChatAppTests.FileCryptoTests testEncryptDecryptRoundTripReturnsExactBytesForSmallPayload]' started.
Test Case '-[ChatAppTests.FileCryptoTests testEncryptDecryptRoundTripReturnsExactBytesForSmallPayload]' passed (0.000 seconds).
Test Case '-[ChatAppTests.FileCryptoTests testEncryptedBlobDoesNotContainPlaintextBytes]' started.
Test Case '-[ChatAppTests.FileCryptoTests testEncryptedBlobDoesNotContainPlaintextBytes]' passed (0.000 seconds).
Test Case '-[ChatAppTests.FileCryptoTests testNearTenMegabyteFileRoundTrips]' started.
Test Case '-[ChatAppTests.FileCryptoTests testNearTenMegabyteFileRoundTrips]' passed (0.016 seconds).
Test Case '-[ChatAppTests.FileCryptoTests testTamperedBlobThrows]' started.
Test Case '-[ChatAppTests.FileCryptoTests testTamperedBlobThrows]' passed (0.000 seconds).
Test Case '-[ChatAppTests.FileCryptoTests testWrongKeyFailsToDecrypt]' started.
Test Case '-[ChatAppTests.FileCryptoTests testWrongKeyFailsToDecrypt]' passed (0.000 seconds).
Test Suite 'FileCryptoTests' passed at 2026-06-05 21:33:43.255.
	 Executed 6 tests, with 0 failures (0 unexpected) in 0.016 (0.017) seconds
Test Suite 'HTTPAttachmentServiceTests' started at 2026-06-05 21:33:43.255.
Test Case '-[ChatAppTests.HTTPAttachmentServiceTests testDownloadGetsAttachmentWithBearerTokenAndReturnsRawBytesOn200]' started.
Test Case '-[ChatAppTests.HTTPAttachmentServiceTests testDownloadGetsAttachmentWithBearerTokenAndReturnsRawBytesOn200]' passed (0.004 seconds).
Test Case '-[ChatAppTests.HTTPAttachmentServiceTests testDownloadReturnsNilFor404AndOtherErrors]' started.
Test Case '-[ChatAppTests.HTTPAttachmentServiceTests testDownloadReturnsNilFor404AndOtherErrors]' passed (0.001 seconds).
Test Case '-[ChatAppTests.HTTPAttachmentServiceTests testUploadPostsOctetStreamBlobWithBearerTokenAndParsesAttachmentId]' started.
Test Case '-[ChatAppTests.HTTPAttachmentServiceTests testUploadPostsOctetStreamBlobWithBearerTokenAndParsesAttachmentId]' passed (0.000 seconds).
Test Case '-[ChatAppTests.HTTPAttachmentServiceTests testUploadReturnsNilForNonSuccessStatusAndMalformedResponse]' started.
Test Case '-[ChatAppTests.HTTPAttachmentServiceTests testUploadReturnsNilForNonSuccessStatusAndMalformedResponse]' passed (0.000 seconds).
Test Suite 'HTTPAttachmentServiceTests' passed at 2026-06-05 21:33:43.261.
	 Executed 4 tests, with 0 failures (0 unexpected) in 0.005 (0.006) seconds
Test Suite 'LiveAttachmentE2ETests' started at 2026-06-05 21:33:43.261.
Test Case '-[ChatAppTests.LiveAttachmentE2ETests testAlreadySubscribedRecipientReceivesLiveAttachmentsAndWritesByteIdenticalDownloads]' started.
Test Case '-[ChatAppTests.LiveAttachmentE2ETests testAlreadySubscribedRecipientReceivesLiveAttachmentsAndWritesByteIdenticalDownloads]' passed (0.846 seconds).
Test Case '-[ChatAppTests.LiveAttachmentE2ETests testLiveAttachmentDMAndGroupRoundTripStoresOnlyCiphertext]' started.
Test Case '-[ChatAppTests.LiveAttachmentE2ETests testLiveAttachmentDMAndGroupRoundTripStoresOnlyCiphertext]' passed (0.141 seconds).
Test Suite 'LiveAttachmentE2ETests' passed at 2026-06-05 21:33:44.248.
	 Executed 2 tests, with 0 failures (0 unexpected) in 0.987 (0.987) seconds
Test Suite 'ChatAppPackageTests.xctest' passed at 2026-06-05 21:33:44.248.
	 Executed 26 tests, with 0 failures (0 unexpected) in 1.503 (1.505) seconds
Test Suite 'Selected tests' passed at 2026-06-05 21:33:44.248.
	 Executed 26 tests, with 0 failures (0 unexpected) in 1.503 (1.505) seconds
􀟈  Test run started.
􀄵  Testing Library Version: 1902
􀄵  Target Platform: arm64e-apple-macos14.0
􁁛  Test run with 0 tests in 0 suites passed after 0.001 seconds.
task-7 verify: extracting stored attachment blob and proving it is ciphertext
task-7 verify: checking attachments schema and zero-knowledge audit
ZERO-KNOWLEDGE SCHEMA AUDIT
database: /var/folders/q9/1lgsjv4n37n0gcrdmg1rfjy00000gn/T/task-7-r5-live-db.XXXXXX.P6skHzC66w

table: attachments
PRAGMA table_info(attachments)
cid  name         type     notnull  dflt_value  pk
---  -----------  -------  -------  ----------  --
0    id           TEXT     0                    1 
1    uploader_id  TEXT     1                    0 
2    ciphertext   BLOB     1                    0 
3    byte_size    INTEGER  1                    0 
4    created_at   TEXT     1                    0 
classification:
  - id: identifier
  - uploader_id: routing-metadata
  - ciphertext: opaque-ciphertext
  - byte_size: routing-metadata
  - created_at: timestamp

table: auth_challenges
PRAGMA table_info(auth_challenges)
cid  name        type  notnull  dflt_value  pk
---  ----------  ----  -------  ----------  --
0    id          TEXT  0                    1 
1    user_id     TEXT  1                    0 
2    nonce       TEXT  1                    0 
3    created_at  TEXT  1                    0 
4    expires_at  TEXT  1                    0 
classification:
  - id: identifier
  - user_id: identifier
  - nonce: random-nonce
  - created_at: timestamp
  - expires_at: timestamp

table: device_keys
PRAGMA table_info(device_keys)
cid  name               type  notnull  dflt_value  pk
---  -----------------  ----  -------  ----------  --
0    user_id            TEXT  0                    1 
1    x25519_public_key  TEXT  1                    0 
2    key_signature      TEXT  1                    0 
3    created_at         TEXT  1                    0 
classification:
  - user_id: identifier
  - x25519_public_key: public-key
  - key_signature: signature
  - created_at: timestamp

table: group_keys
PRAGMA table_info(group_keys)
cid  name         type     notnull  dflt_value  pk
---  -----------  -------  -------  ----------  --
0    group_id     TEXT     1                    1 
1    epoch        INTEGER  1                    2 
2    member_id    TEXT     1                    3 
3    wrapped_key  TEXT     1                    0 
4    created_at   TEXT     1                    0 
classification:
  - group_id: identifier
  - epoch: identifier
  - member_id: identifier
  - wrapped_key: identifier
  - created_at: timestamp

table: group_members
PRAGMA table_info(group_members)
cid  name          type     notnull  dflt_value  pk
---  ------------  -------  -------  ----------  --
0    group_id      TEXT     1                    1 
1    user_id       TEXT     1                    2 
2    joined_epoch  INTEGER  1                    0 
3    added_at      TEXT     1                    0 
classification:
  - group_id: identifier
  - user_id: identifier
  - joined_epoch: identifier
  - added_at: identifier

table: group_messages
PRAGMA table_info(group_messages)
cid  name        type     notnull  dflt_value  pk
---  ----------  -------  -------  ----------  --
0    id          TEXT     0                    1 
1    group_id    TEXT     1                    0 
2    sender_id   TEXT     1                    0 
3    epoch       INTEGER  1                    0 
4    ciphertext  TEXT     1                    0 
5    created_at  TEXT     1                    0 
classification:
  - id: identifier
  - group_id: identifier
  - sender_id: identifier
  - epoch: identifier
  - ciphertext: identifier
  - created_at: timestamp

table: groups
PRAGMA table_info(groups)
cid  name           type     notnull  dflt_value  pk
---  -------------  -------  -------  ----------  --
0    id             TEXT     0                    1 
1    name           TEXT     1                    0 
2    creator_id     TEXT     1                    0 
3    current_epoch  INTEGER  1                    0 
4    created_at     TEXT     1                    0 
classification:
  - id: identifier
  - name: identifier
  - creator_id: identifier
  - current_epoch: identifier
  - created_at: timestamp

table: messages
PRAGMA table_info(messages)
cid  name          type  notnull  dflt_value  pk
---  ------------  ----  -------  ----------  --
0    id            TEXT  0                    1 
1    sender_id     TEXT  1                    0 
2    recipient_id  TEXT  1                    0 
3    ciphertext    TEXT  1                    0 
4    created_at    TEXT  1                    0 
classification:
  - id: identifier
  - sender_id: routing-metadata
  - recipient_id: routing-metadata
  - ciphertext: opaque-ciphertext
  - created_at: timestamp

table: sessions
PRAGMA table_info(sessions)
cid  name        type  notnull  dflt_value  pk
---  ----------  ----  -------  ----------  --
0    token       TEXT  0                    1 
1    user_id     TEXT  1                    0 
2    created_at  TEXT  1                    0 
3    expires_at  TEXT  1                    0 
classification:
  - token: session-token
  - user_id: identifier
  - created_at: timestamp
  - expires_at: timestamp

table: users
PRAGMA table_info(users)
cid  name                 type  notnull  dflt_value  pk
---  -------------------  ----  -------  ----------  --
0    id                   TEXT  0                    1 
1    username             TEXT  1                    0 
2    identity_public_key  TEXT  1                    0 
3    created_at           TEXT  1                    0 
classification:
  - id: identifier
  - username: identifier
  - identity_public_key: public-key
  - created_at: timestamp

ZERO-KNOWLEDGE SCHEMA AUDIT: PASS — no plaintext or private-key columns in any table
task-7 verify: PASS
verify: RUN (task-7-r6)
task-7 verify: reaping stale backend processes
reaped 1 stale test-chat-backend process(es)
task-7 verify: building backend and running scoped Rust attachment tests
    Finished `dev` profile [unoptimized + debuginfo] target(s) in 0.07s
    Finished `test` profile [unoptimized + debuginfo] target(s) in 0.06s
     Running tests/attachments.rs (target/debug/deps/attachments-14ccd7d85cb70557)

running 5 tests
test attachments_table_stores_no_plaintext_columns ... ok
test attachment_requires_bearer_token ... ok
test attachment_download_unknown_id_is_404 ... ok
test attachment_upload_then_download_round_trips_exact_bytes ... ok
test attachment_upload_rejects_oversize_payload_with_413 ... ok

test result: ok. 5 passed; 0 failed; 0 ignored; 0 measured; 0 filtered out; finished in 0.02s
task-7 verify: using unique DB path /var/folders/q9/1lgsjv4n37n0gcrdmg1rfjy00000gn/T/task-7-r6-live-db.XXXXXX.TP16Vr2sP2
task-7 verify: starting backend on http://127.0.0.1:47343
task-7 verify: backend health check returned 200
task-7 verify: building Swift app and test targets
[0/1] Planning build
Building for debugging...
[0/3] Write swift-version--58304C5D6DBC2206.txt
Build complete! (0.13s)
Building for debugging...
[0/4] Write swift-version--58304C5D6DBC2206.txt
Build complete! (0.08s)
task-7 verify: running deterministic attachment Swift test classes
[0/1] Planning build
Test Suite 'Selected tests' started at 2026-06-05 21:33:47.099.
Test Suite 'ChatAppPackageTests.xctest' started at 2026-06-05 21:33:47.099.
Test Suite 'AttachmentDescriptorTests' started at 2026-06-05 21:33:47.099.
Test Case '-[ChatAppTests.AttachmentDescriptorTests testDescriptorRoundTripsAndUsesSnakeCaseKeys]' started.
Test Case '-[ChatAppTests.AttachmentDescriptorTests testDescriptorRoundTripsAndUsesSnakeCaseKeys]' passed (0.001 seconds).
Test Case '-[ChatAppTests.AttachmentDescriptorTests testJSONWithoutAttachmentMarkerIsNotMisdetected]' started.
Test Case '-[ChatAppTests.AttachmentDescriptorTests testJSONWithoutAttachmentMarkerIsNotMisdetected]' passed (0.000 seconds).
Test Case '-[ChatAppTests.AttachmentDescriptorTests testJSONWithWrongMarkerIsNotMisdetected]' started.
Test Case '-[ChatAppTests.AttachmentDescriptorTests testJSONWithWrongMarkerIsNotMisdetected]' passed (0.000 seconds).
Test Case '-[ChatAppTests.AttachmentDescriptorTests testPlainTextIsNotMisdetected]' started.
Test Case '-[ChatAppTests.AttachmentDescriptorTests testPlainTextIsNotMisdetected]' passed (0.000 seconds).
Test Suite 'AttachmentDescriptorTests' passed at 2026-06-05 21:33:47.101.
	 Executed 4 tests, with 0 failures (0 unexpected) in 0.001 (0.001) seconds
Test Suite 'DMCoordinatorTests' started at 2026-06-05 21:33:47.101.
Test Case '-[ChatAppTests.DMCoordinatorTests testCancelLiveSubscriptionCancelsWithoutRemovingMessages]' started.
Test Case '-[ChatAppTests.DMCoordinatorTests testCancelLiveSubscriptionCancelsWithoutRemovingMessages]' passed (0.039 seconds).
Test Case '-[ChatAppTests.DMCoordinatorTests testLoadHistoryDecryptsInboundRecordIntoDisplayMessages]' started.
Test Case '-[ChatAppTests.DMCoordinatorTests testLoadHistoryDecryptsInboundRecordIntoDisplayMessages]' passed (0.030 seconds).
Test Case '-[ChatAppTests.DMCoordinatorTests testLoadHistoryDetectsAttachmentDescriptorAndDownloadReturnsOriginalBytes]' started.
Test Case '-[ChatAppTests.DMCoordinatorTests testLoadHistoryDetectsAttachmentDescriptorAndDownloadReturnsOriginalBytes]' passed (0.031 seconds).
Test Case '-[ChatAppTests.DMCoordinatorTests testSendAttachmentUploadsEncryptedBlobAndSendsEncryptedDescriptor]' started.
Test Case '-[ChatAppTests.DMCoordinatorTests testSendAttachmentUploadsEncryptedBlobAndSendsEncryptedDescriptor]' passed (0.028 seconds).
Test Case '-[ChatAppTests.DMCoordinatorTests testSendEncryptsCiphertextAndRecipientCanDecryptIt]' started.
Test Case '-[ChatAppTests.DMCoordinatorTests testSendEncryptsCiphertextAndRecipientCanDecryptIt]' passed (0.039 seconds).
Test Case '-[ChatAppTests.DMCoordinatorTests testStartConversationRejectsPeerWithInvalidPrekeySignature]' started.
Test Case '-[ChatAppTests.DMCoordinatorTests testStartConversationRejectsPeerWithInvalidPrekeySignature]' passed (0.012 seconds).
Test Case '-[ChatAppTests.DMCoordinatorTests testStartConversationShowsUserNotFoundForMissingPeer]' started.
Test Case '-[ChatAppTests.DMCoordinatorTests testStartConversationShowsUserNotFoundForMissingPeer]' passed (0.011 seconds).
Test Case '-[ChatAppTests.DMCoordinatorTests testSubscribeLiveCatchesUpOfflineHistoryInServerOrderAndDedupesSSE]' started.
Test Case '-[ChatAppTests.DMCoordinatorTests testSubscribeLiveCatchesUpOfflineHistoryInServerOrderAndDedupesSSE]' passed (0.033 seconds).
Test Case '-[ChatAppTests.DMCoordinatorTests testSubscribeLiveDecryptsInboundRecordAndDedupesExistingMessages]' started.
Test Case '-[ChatAppTests.DMCoordinatorTests testSubscribeLiveDecryptsInboundRecordAndDedupesExistingMessages]' passed (0.086 seconds).
Test Case '-[ChatAppTests.DMCoordinatorTests testSubscribeLiveDeliversAttachmentDisplayDedupesAndDownloadsOriginalBytes]' started.
Test Case '-[ChatAppTests.DMCoordinatorTests testSubscribeLiveDeliversAttachmentDisplayDedupesAndDownloadsOriginalBytes]' passed (0.194 seconds).
Test Suite 'DMCoordinatorTests' passed at 2026-06-05 21:33:47.602.
	 Executed 10 tests, with 0 failures (0 unexpected) in 0.501 (0.502) seconds
Test Suite 'FileCryptoTests' started at 2026-06-05 21:33:47.602.
Test Case '-[ChatAppTests.FileCryptoTests testEncryptDecryptRoundTripReturnsExactBytesForBinaryPayload]' started.
Test Case '-[ChatAppTests.FileCryptoTests testEncryptDecryptRoundTripReturnsExactBytesForBinaryPayload]' passed (0.000 seconds).
Test Case '-[ChatAppTests.FileCryptoTests testEncryptDecryptRoundTripReturnsExactBytesForSmallPayload]' started.
Test Case '-[ChatAppTests.FileCryptoTests testEncryptDecryptRoundTripReturnsExactBytesForSmallPayload]' passed (0.000 seconds).
Test Case '-[ChatAppTests.FileCryptoTests testEncryptedBlobDoesNotContainPlaintextBytes]' started.
Test Case '-[ChatAppTests.FileCryptoTests testEncryptedBlobDoesNotContainPlaintextBytes]' passed (0.000 seconds).
Test Case '-[ChatAppTests.FileCryptoTests testNearTenMegabyteFileRoundTrips]' started.
Test Case '-[ChatAppTests.FileCryptoTests testNearTenMegabyteFileRoundTrips]' passed (0.016 seconds).
Test Case '-[ChatAppTests.FileCryptoTests testTamperedBlobThrows]' started.
Test Case '-[ChatAppTests.FileCryptoTests testTamperedBlobThrows]' passed (0.000 seconds).
Test Case '-[ChatAppTests.FileCryptoTests testWrongKeyFailsToDecrypt]' started.
Test Case '-[ChatAppTests.FileCryptoTests testWrongKeyFailsToDecrypt]' passed (0.000 seconds).
Test Suite 'FileCryptoTests' passed at 2026-06-05 21:33:47.619.
	 Executed 6 tests, with 0 failures (0 unexpected) in 0.016 (0.017) seconds
Test Suite 'HTTPAttachmentServiceTests' started at 2026-06-05 21:33:47.619.
Test Case '-[ChatAppTests.HTTPAttachmentServiceTests testDownloadGetsAttachmentWithBearerTokenAndReturnsRawBytesOn200]' started.
Test Case '-[ChatAppTests.HTTPAttachmentServiceTests testDownloadGetsAttachmentWithBearerTokenAndReturnsRawBytesOn200]' passed (0.004 seconds).
Test Case '-[ChatAppTests.HTTPAttachmentServiceTests testDownloadReturnsNilFor404AndOtherErrors]' started.
Test Case '-[ChatAppTests.HTTPAttachmentServiceTests testDownloadReturnsNilFor404AndOtherErrors]' passed (0.001 seconds).
Test Case '-[ChatAppTests.HTTPAttachmentServiceTests testUploadPostsOctetStreamBlobWithBearerTokenAndParsesAttachmentId]' started.
Test Case '-[ChatAppTests.HTTPAttachmentServiceTests testUploadPostsOctetStreamBlobWithBearerTokenAndParsesAttachmentId]' passed (0.000 seconds).
Test Case '-[ChatAppTests.HTTPAttachmentServiceTests testUploadReturnsNilForNonSuccessStatusAndMalformedResponse]' started.
Test Case '-[ChatAppTests.HTTPAttachmentServiceTests testUploadReturnsNilForNonSuccessStatusAndMalformedResponse]' passed (0.000 seconds).
Test Suite 'HTTPAttachmentServiceTests' passed at 2026-06-05 21:33:47.625.
	 Executed 4 tests, with 0 failures (0 unexpected) in 0.006 (0.006) seconds
Test Suite 'ChatAppPackageTests.xctest' passed at 2026-06-05 21:33:47.625.
	 Executed 24 tests, with 0 failures (0 unexpected) in 0.524 (0.526) seconds
Test Suite 'Selected tests' passed at 2026-06-05 21:33:47.625.
	 Executed 24 tests, with 0 failures (0 unexpected) in 0.524 (0.526) seconds
􀟈  Test run started.
􀄵  Testing Library Version: 1902
􀄵  Target Platform: arm64e-apple-macos14.0
􁁛  Test run with 0 tests in 0 suites passed after 0.001 seconds.
task-7 verify: running live attachment Swift test class
[0/1] Planning build
Test Suite 'Selected tests' started at 2026-06-05 21:33:48.643.
Test Suite 'ChatAppPackageTests.xctest' started at 2026-06-05 21:33:48.644.
Test Suite 'LiveAttachmentE2ETests' started at 2026-06-05 21:33:48.644.
Test Case '-[ChatAppTests.LiveAttachmentE2ETests testAlreadySubscribedRecipientReceivesLiveAttachmentsAndWritesByteIdenticalDownloads]' started.
Test Case '-[ChatAppTests.LiveAttachmentE2ETests testAlreadySubscribedRecipientReceivesLiveAttachmentsAndWritesByteIdenticalDownloads]' passed (1.025 seconds).
Test Case '-[ChatAppTests.LiveAttachmentE2ETests testLiveAttachmentDMAndGroupRoundTripStoresOnlyCiphertext]' started.
Test Case '-[ChatAppTests.LiveAttachmentE2ETests testLiveAttachmentDMAndGroupRoundTripStoresOnlyCiphertext]' passed (0.097 seconds).
Test Suite 'LiveAttachmentE2ETests' passed at 2026-06-05 21:33:49.767.
	 Executed 2 tests, with 0 failures (0 unexpected) in 1.122 (1.122) seconds
Test Suite 'ChatAppPackageTests.xctest' passed at 2026-06-05 21:33:49.767.
	 Executed 2 tests, with 0 failures (0 unexpected) in 1.122 (1.123) seconds
Test Suite 'Selected tests' passed at 2026-06-05 21:33:49.767.
	 Executed 2 tests, with 0 failures (0 unexpected) in 1.122 (1.124) seconds
􀟈  Test run started.
􀄵  Testing Library Version: 1902
􀄵  Target Platform: arm64e-apple-macos14.0
􁁛  Test run with 0 tests in 0 suites passed after 0.001 seconds.
task-7 proof: dm_attachment_id=eebd604a-89b7-4bd3-9846-39a205ece3be
task-7 proof: group_attachment_id=1ca55bfb-3e45-451d-ae61-12e061aa7743
task-7 proof: cmp live_original live_dm_download PASS
task-7 proof: cmp live_original live_group_download PASS
task-7 verify: extracting stored attachment blob and proving it is ciphertext
task-7 proof: cmp original stored_blob DIFFERENT
task-7 proof: cmp original upload_wire DIFFERENT
task-7 proof: cmp stored_blob upload_wire PASS
task-7 proof: sentinel absent raw_sqlite_strings PASS
task-7 proof: sentinel absent stored_blob PASS
task-7 proof: sentinel absent upload_wire PASS
task-7 proof: bytes original=91 stored=119 wire=119 attachment_byte_size=119 overhead=28
task-7 proof: sentinel absent authenticated_get_response PASS
task-7 proof: authenticated_get_response_bytes=119
task-7 proof: attachment rows for dm_and_group=2
task-7 verify: checking attachments schema and zero-knowledge audit
task-7 proof: attachments schema columns=id,uploader_id,ciphertext,byte_size,created_at
ZERO-KNOWLEDGE SCHEMA AUDIT
database: /var/folders/q9/1lgsjv4n37n0gcrdmg1rfjy00000gn/T/task-7-r6-live-db.XXXXXX.TP16Vr2sP2

table: attachments
PRAGMA table_info(attachments)
cid  name         type     notnull  dflt_value  pk
---  -----------  -------  -------  ----------  --
0    id           TEXT     0                    1 
1    uploader_id  TEXT     1                    0 
2    ciphertext   BLOB     1                    0 
3    byte_size    INTEGER  1                    0 
4    created_at   TEXT     1                    0 
classification:
  - id: identifier
  - uploader_id: routing-metadata
  - ciphertext: opaque-ciphertext
  - byte_size: routing-metadata
  - created_at: timestamp

table: auth_challenges
PRAGMA table_info(auth_challenges)
cid  name        type  notnull  dflt_value  pk
---  ----------  ----  -------  ----------  --
0    id          TEXT  0                    1 
1    user_id     TEXT  1                    0 
2    nonce       TEXT  1                    0 
3    created_at  TEXT  1                    0 
4    expires_at  TEXT  1                    0 
classification:
  - id: identifier
  - user_id: identifier
  - nonce: random-nonce
  - created_at: timestamp
  - expires_at: timestamp

table: device_keys
PRAGMA table_info(device_keys)
cid  name               type  notnull  dflt_value  pk
---  -----------------  ----  -------  ----------  --
0    user_id            TEXT  0                    1 
1    x25519_public_key  TEXT  1                    0 
2    key_signature      TEXT  1                    0 
3    created_at         TEXT  1                    0 
classification:
  - user_id: identifier
  - x25519_public_key: public-key
  - key_signature: signature
  - created_at: timestamp

table: group_keys
PRAGMA table_info(group_keys)
cid  name         type     notnull  dflt_value  pk
---  -----------  -------  -------  ----------  --
0    group_id     TEXT     1                    1 
1    epoch        INTEGER  1                    2 
2    member_id    TEXT     1                    3 
3    wrapped_key  TEXT     1                    0 
4    created_at   TEXT     1                    0 
classification:
  - group_id: identifier
  - epoch: identifier
  - member_id: identifier
  - wrapped_key: identifier
  - created_at: timestamp

table: group_members
PRAGMA table_info(group_members)
cid  name          type     notnull  dflt_value  pk
---  ------------  -------  -------  ----------  --
0    group_id      TEXT     1                    1 
1    user_id       TEXT     1                    2 
2    joined_epoch  INTEGER  1                    0 
3    added_at      TEXT     1                    0 
classification:
  - group_id: identifier
  - user_id: identifier
  - joined_epoch: identifier
  - added_at: identifier

table: group_messages
PRAGMA table_info(group_messages)
cid  name        type     notnull  dflt_value  pk
---  ----------  -------  -------  ----------  --
0    id          TEXT     0                    1 
1    group_id    TEXT     1                    0 
2    sender_id   TEXT     1                    0 
3    epoch       INTEGER  1                    0 
4    ciphertext  TEXT     1                    0 
5    created_at  TEXT     1                    0 
classification:
  - id: identifier
  - group_id: identifier
  - sender_id: identifier
  - epoch: identifier
  - ciphertext: identifier
  - created_at: timestamp

table: groups
PRAGMA table_info(groups)
cid  name           type     notnull  dflt_value  pk
---  -------------  -------  -------  ----------  --
0    id             TEXT     0                    1 
1    name           TEXT     1                    0 
2    creator_id     TEXT     1                    0 
3    current_epoch  INTEGER  1                    0 
4    created_at     TEXT     1                    0 
classification:
  - id: identifier
  - name: identifier
  - creator_id: identifier
  - current_epoch: identifier
  - created_at: timestamp

table: messages
PRAGMA table_info(messages)
cid  name          type  notnull  dflt_value  pk
---  ------------  ----  -------  ----------  --
0    id            TEXT  0                    1 
1    sender_id     TEXT  1                    0 
2    recipient_id  TEXT  1                    0 
3    ciphertext    TEXT  1                    0 
4    created_at    TEXT  1                    0 
classification:
  - id: identifier
  - sender_id: routing-metadata
  - recipient_id: routing-metadata
  - ciphertext: opaque-ciphertext
  - created_at: timestamp

table: sessions
PRAGMA table_info(sessions)
cid  name        type  notnull  dflt_value  pk
---  ----------  ----  -------  ----------  --
0    token       TEXT  0                    1 
1    user_id     TEXT  1                    0 
2    created_at  TEXT  1                    0 
3    expires_at  TEXT  1                    0 
classification:
  - token: session-token
  - user_id: identifier
  - created_at: timestamp
  - expires_at: timestamp

table: users
PRAGMA table_info(users)
cid  name                 type  notnull  dflt_value  pk
---  -------------------  ----  -------  ----------  --
0    id                   TEXT  0                    1 
1    username             TEXT  1                    0 
2    identity_public_key  TEXT  1                    0 
3    created_at           TEXT  1                    0 
classification:
  - id: identifier
  - username: identifier
  - identity_public_key: public-key
  - created_at: timestamp

ZERO-KNOWLEDGE SCHEMA AUDIT: PASS — no plaintext or private-key columns in any table
task-7 verify: shutting down backend and asserting zero residue
task-7 verify: PASS
verify: RUN (task-7)
task-7 verify: building and testing backend
    Finished `dev` profile [unoptimized + debuginfo] target(s) in 0.07s
    Finished `test` profile [unoptimized + debuginfo] target(s) in 0.06s
     Running unittests src/lib.rs (target/debug/deps/test_chat_backend-acfff881fbeff8b8)

running 0 tests

test result: ok. 0 passed; 0 failed; 0 ignored; 0 measured; 0 filtered out; finished in 0.00s

     Running unittests src/main.rs (target/debug/deps/test_chat_backend-9d5476f2c3843da5)

running 0 tests

test result: ok. 0 passed; 0 failed; 0 ignored; 0 measured; 0 filtered out; finished in 0.00s

     Running tests/attachments.rs (target/debug/deps/attachments-14ccd7d85cb70557)

running 5 tests
test attachments_table_stores_no_plaintext_columns ... ok
test attachment_requires_bearer_token ... ok
test attachment_download_unknown_id_is_404 ... ok
test attachment_upload_then_download_round_trips_exact_bytes ... ok
test attachment_upload_rejects_oversize_payload_with_413 ... ok

test result: ok. 5 passed; 0 failed; 0 ignored; 0 measured; 0 filtered out; finished in 0.02s

     Running tests/auth.rs (target/debug/deps/auth-8604fa95047f6e2f)

running 8 tests
test auth_tables_store_no_private_material ... ok
test auth_challenge_rejects_unknown_user ... ok
test auth_session_rejects_unknown_token ... ok
test auth_malformed_json_returns_bad_request ... ok
test auth_challenge_returns_nonce_for_known_user ... ok
test auth_verify_with_bad_signature_is_rejected ... ok
test auth_verify_with_valid_signature_issues_session_token ... ok
test auth_verify_rejects_unknown_or_reused_challenge ... ok

test result: ok. 8 passed; 0 failed; 0 ignored; 0 measured; 0 filtered out; finished in 0.02s

     Running tests/conversations.rs (target/debug/deps/conversations-a7ed8ac73ee40eae)

running 7 tests
test conversations_requires_bearer_token ... ok
test conversations_return_ciphertext_and_metadata_without_plaintext ... ok
test conversations_include_inbound_only_peer_started_while_viewer_was_offline ... ok
test conversations_lists_distinct_peers_ordered_by_recent_activity ... ok
test conversations_scope_excludes_unrelated_pairs_and_names_the_peer ... ok
test conversations_empty_for_user_with_no_messages ... ok
test conversations_use_rowid_tiebreaks_instead_of_random_uuid_order ... ok

test result: ok. 7 passed; 0 failed; 0 ignored; 0 measured; 0 filtered out; finished in 0.02s

     Running tests/groups.rs (target/debug/deps/groups-dd51c3ddb97e60c4)

running 12 tests
test group_stream_requires_bearer_token ... ok
test group_create_requires_bearer_token ... ok
test group_tables_store_no_plaintext_columns ... ok
test group_list_returns_all_member_groups_in_rowid_order ... ok
test group_message_post_stores_exactly_the_ciphertext_blob ... ok
test group_message_history_returns_same_second_messages_in_send_order ... ok
test group_message_history_returns_only_ciphertext_for_members ... ok
test group_create_persists_name_membership_and_epoch_zero_keys ... ok
test group_add_member_broadcasts_epoch_event_to_members ... ok
test group_endpoints_reject_non_members_with_403 ... ok
test group_stream_with_member_returns_sse_headers ... ok
test group_add_member_bumps_epoch_and_blocks_prior_epoch_keys ... ok

test result: ok. 12 passed; 0 failed; 0 ignored; 0 measured; 0 filtered out; finished in 0.04s

     Running tests/messages.rs (target/debug/deps/messages-a293061aac4fd650)

running 14 tests
test messages_post_requires_bearer_token ... ok
test messages_inbox_requires_bearer_token ... ok
test messages_inbox_empty_for_caller_with_no_inbound_messages ... ok
test keys_publish_requires_valid_identity_signature ... ok
test messages_stream_requires_bearer_token ... ok
test messages_history_returns_same_second_messages_in_send_order ... ok
test messages_inbox_since_cursor_returns_only_later_rows_and_advances ... ok
test messages_inbox_delivers_same_second_messages_in_send_order ... ok
test messages_inbox_is_scoped_to_recipient_inbound_messages_only ... ok
test keys_fetch_returns_published_prekey_for_username ... ok
test messages_table_stores_no_plaintext_columns ... ok
test messages_post_stores_exactly_the_ciphertext_blob ... ok
test messages_history_returns_only_ciphertext_and_is_scoped_to_the_pair ... ok
test messages_stream_with_valid_token_returns_sse_headers ... ok

test result: ok. 14 passed; 0 failed; 0 ignored; 0 measured; 0 filtered out; finished in 0.03s

     Running tests/register.rs (target/debug/deps/register-6f9d859b8574001d)

running 3 tests
test register_stores_only_public_account_fields ... ok
test register_rejects_duplicate_username_without_second_row ... ok
test register_rejects_malformed_input ... ok

test result: ok. 3 passed; 0 failed; 0 ignored; 0 measured; 0 filtered out; finished in 0.01s

     Running tests/schema.rs (target/debug/deps/schema-b038f68994545c75)

running 2 tests
test migration_creates_users_table_with_only_public_account_columns ... ok
test schema_dump_prints_schema_sample_row_and_rejects_private_material ... ok

test result: ok. 2 passed; 0 failed; 0 ignored; 0 measured; 0 filtered out; finished in 0.02s

     Running tests/zk_relay_audit.rs (target/debug/deps/zk_relay_audit-bd3d74422e342891)

running 4 tests
test zk_relay_audit_fails_when_attachments_shape_drifts ... ok
test zk_relay_audit_fails_when_plaintext_column_exists ... ok
test zk_relay_audit_fails_when_private_key_column_exists ... ok
test zk_relay_audit_passes_for_ciphertext_only_schema ... ok

test result: ok. 4 passed; 0 failed; 0 ignored; 0 measured; 0 filtered out; finished in 0.45s

     Running tests/zk_sentinel.rs (target/debug/deps/zk_sentinel-1d21ce2d7220d674)

running 1 test
test zk_sentinel_roundtrip_stores_only_ciphertext_in_raw_db ... ok

test result: ok. 1 passed; 0 failed; 0 ignored; 0 measured; 0 filtered out; finished in 0.03s

   Doc-tests test_chat_backend

running 0 tests

test result: ok. 0 passed; 0 failed; 0 ignored; 0 measured; 0 filtered out; finished in 0.00s
task-7 verify: starting backend on http://127.0.0.1:47895
task-7 verify: backend health check returned 200
task-7 verify: building and testing Swift app with live attachment E2E
[0/1] Planning build
Building for debugging...
[0/3] Write swift-version--58304C5D6DBC2206.txt
Build complete! (0.12s)
[0/1] Planning build
Building for debugging...
[0/4] Write swift-version--58304C5D6DBC2206.txt
Build complete! (0.12s)
Test Suite 'Selected tests' started at 2026-06-05 21:33:53.222.
Test Suite 'ChatAppPackageTests.xctest' started at 2026-06-05 21:33:53.223.
Test Suite 'FileCryptoTests' started at 2026-06-05 21:33:53.223.
Test Case '-[ChatAppTests.FileCryptoTests testEncryptDecryptRoundTripReturnsExactBytesForSmallPayload]' started.
Test Case '-[ChatAppTests.FileCryptoTests testEncryptDecryptRoundTripReturnsExactBytesForSmallPayload]' passed (0.000 seconds).
Test Suite 'FileCryptoTests' passed at 2026-06-05 21:33:53.223.
	 Executed 1 test, with 0 failures (0 unexpected) in 0.000 (0.001) seconds
Test Suite 'ChatAppPackageTests.xctest' passed at 2026-06-05 21:33:53.223.
	 Executed 1 test, with 0 failures (0 unexpected) in 0.000 (0.001) seconds
Test Suite 'Selected tests' passed at 2026-06-05 21:33:53.223.
	 Executed 1 test, with 0 failures (0 unexpected) in 0.000 (0.001) seconds
􀟈  Test run started.
􀄵  Testing Library Version: 1902
􀄵  Target Platform: arm64e-apple-macos14.0
􁁛  Test run with 0 tests in 0 suites passed after 0.001 seconds.
Building for debugging...
[0/4] Write swift-version--58304C5D6DBC2206.txt
Build complete! (0.08s)
Test Suite 'Selected tests' started at 2026-06-05 21:33:53.697.
Test Suite 'ChatAppPackageTests.xctest' started at 2026-06-05 21:33:53.697.
Test Suite 'FileCryptoTests' started at 2026-06-05 21:33:53.697.
Test Case '-[ChatAppTests.FileCryptoTests testEncryptDecryptRoundTripReturnsExactBytesForBinaryPayload]' started.
Test Case '-[ChatAppTests.FileCryptoTests testEncryptDecryptRoundTripReturnsExactBytesForBinaryPayload]' passed (0.000 seconds).
Test Suite 'FileCryptoTests' passed at 2026-06-05 21:33:53.698.
	 Executed 1 test, with 0 failures (0 unexpected) in 0.000 (0.001) seconds
Test Suite 'ChatAppPackageTests.xctest' passed at 2026-06-05 21:33:53.698.
	 Executed 1 test, with 0 failures (0 unexpected) in 0.000 (0.001) seconds
Test Suite 'Selected tests' passed at 2026-06-05 21:33:53.698.
	 Executed 1 test, with 0 failures (0 unexpected) in 0.000 (0.001) seconds
􀟈  Test run started.
􀄵  Testing Library Version: 1902
􀄵  Target Platform: arm64e-apple-macos14.0
􁁛  Test run with 0 tests in 0 suites passed after 0.001 seconds.
Building for debugging...
[0/4] Write swift-version--58304C5D6DBC2206.txt
Build complete! (0.08s)
Test Suite 'Selected tests' started at 2026-06-05 21:33:54.166.
Test Suite 'ChatAppPackageTests.xctest' started at 2026-06-05 21:33:54.167.
Test Suite 'FileCryptoTests' started at 2026-06-05 21:33:54.167.
Test Case '-[ChatAppTests.FileCryptoTests testNearTenMegabyteFileRoundTrips]' started.
Test Case '-[ChatAppTests.FileCryptoTests testNearTenMegabyteFileRoundTrips]' passed (0.015 seconds).
Test Suite 'FileCryptoTests' passed at 2026-06-05 21:33:54.183.
	 Executed 1 test, with 0 failures (0 unexpected) in 0.015 (0.016) seconds
Test Suite 'ChatAppPackageTests.xctest' passed at 2026-06-05 21:33:54.183.
	 Executed 1 test, with 0 failures (0 unexpected) in 0.015 (0.016) seconds
Test Suite 'Selected tests' passed at 2026-06-05 21:33:54.183.
	 Executed 1 test, with 0 failures (0 unexpected) in 0.015 (0.016) seconds
􀟈  Test run started.
􀄵  Testing Library Version: 1902
􀄵  Target Platform: arm64e-apple-macos14.0
􁁛  Test run with 0 tests in 0 suites passed after 0.001 seconds.
Building for debugging...
[0/4] Write swift-version--58304C5D6DBC2206.txt
Build complete! (0.08s)
Test Suite 'Selected tests' started at 2026-06-05 21:33:54.650.
Test Suite 'ChatAppPackageTests.xctest' started at 2026-06-05 21:33:54.651.
Test Suite 'FileCryptoTests' started at 2026-06-05 21:33:54.651.
Test Case '-[ChatAppTests.FileCryptoTests testWrongKeyFailsToDecrypt]' started.
Test Case '-[ChatAppTests.FileCryptoTests testWrongKeyFailsToDecrypt]' passed (0.001 seconds).
Test Suite 'FileCryptoTests' passed at 2026-06-05 21:33:54.651.
	 Executed 1 test, with 0 failures (0 unexpected) in 0.001 (0.001) seconds
Test Suite 'ChatAppPackageTests.xctest' passed at 2026-06-05 21:33:54.651.
	 Executed 1 test, with 0 failures (0 unexpected) in 0.001 (0.001) seconds
Test Suite 'Selected tests' passed at 2026-06-05 21:33:54.651.
	 Executed 1 test, with 0 failures (0 unexpected) in 0.001 (0.001) seconds
􀟈  Test run started.
􀄵  Testing Library Version: 1902
􀄵  Target Platform: arm64e-apple-macos14.0
􁁛  Test run with 0 tests in 0 suites passed after 0.001 seconds.
Building for debugging...
[0/4] Write swift-version--58304C5D6DBC2206.txt
Build complete! (0.08s)
Test Suite 'Selected tests' started at 2026-06-05 21:33:55.123.
Test Suite 'ChatAppPackageTests.xctest' started at 2026-06-05 21:33:55.124.
Test Suite 'FileCryptoTests' started at 2026-06-05 21:33:55.124.
Test Case '-[ChatAppTests.FileCryptoTests testTamperedBlobThrows]' started.
Test Case '-[ChatAppTests.FileCryptoTests testTamperedBlobThrows]' passed (0.001 seconds).
Test Suite 'FileCryptoTests' passed at 2026-06-05 21:33:55.124.
	 Executed 1 test, with 0 failures (0 unexpected) in 0.001 (0.001) seconds
Test Suite 'ChatAppPackageTests.xctest' passed at 2026-06-05 21:33:55.124.
	 Executed 1 test, with 0 failures (0 unexpected) in 0.001 (0.001) seconds
Test Suite 'Selected tests' passed at 2026-06-05 21:33:55.124.
	 Executed 1 test, with 0 failures (0 unexpected) in 0.001 (0.001) seconds
􀟈  Test run started.
􀄵  Testing Library Version: 1902
􀄵  Target Platform: arm64e-apple-macos14.0
􁁛  Test run with 0 tests in 0 suites passed after 0.001 seconds.
Building for debugging...
[0/4] Write swift-version--58304C5D6DBC2206.txt
Build complete! (0.08s)
Test Suite 'Selected tests' started at 2026-06-05 21:33:55.592.
Test Suite 'ChatAppPackageTests.xctest' started at 2026-06-05 21:33:55.592.
Test Suite 'FileCryptoTests' started at 2026-06-05 21:33:55.592.
Test Case '-[ChatAppTests.FileCryptoTests testEncryptedBlobDoesNotContainPlaintextBytes]' started.
Test Case '-[ChatAppTests.FileCryptoTests testEncryptedBlobDoesNotContainPlaintextBytes]' passed (0.000 seconds).
Test Suite 'FileCryptoTests' passed at 2026-06-05 21:33:55.593.
	 Executed 1 test, with 0 failures (0 unexpected) in 0.000 (0.001) seconds
Test Suite 'ChatAppPackageTests.xctest' passed at 2026-06-05 21:33:55.593.
	 Executed 1 test, with 0 failures (0 unexpected) in 0.000 (0.001) seconds
Test Suite 'Selected tests' passed at 2026-06-05 21:33:55.593.
	 Executed 1 test, with 0 failures (0 unexpected) in 0.000 (0.001) seconds
􀟈  Test run started.
􀄵  Testing Library Version: 1902
􀄵  Target Platform: arm64e-apple-macos14.0
􁁛  Test run with 0 tests in 0 suites passed after 0.001 seconds.
Building for debugging...
[0/4] Write swift-version--58304C5D6DBC2206.txt
Build complete! (0.08s)
Test Suite 'Selected tests' started at 2026-06-05 21:33:56.061.
Test Suite 'ChatAppPackageTests.xctest' started at 2026-06-05 21:33:56.062.
Test Suite 'AttachmentDescriptorTests' started at 2026-06-05 21:33:56.062.
Test Case '-[ChatAppTests.AttachmentDescriptorTests testDescriptorRoundTripsAndUsesSnakeCaseKeys]' started.
Test Case '-[ChatAppTests.AttachmentDescriptorTests testDescriptorRoundTripsAndUsesSnakeCaseKeys]' passed (0.001 seconds).
Test Suite 'AttachmentDescriptorTests' passed at 2026-06-05 21:33:56.062.
	 Executed 1 test, with 0 failures (0 unexpected) in 0.001 (0.001) seconds
Test Suite 'ChatAppPackageTests.xctest' passed at 2026-06-05 21:33:56.062.
	 Executed 1 test, with 0 failures (0 unexpected) in 0.001 (0.001) seconds
Test Suite 'Selected tests' passed at 2026-06-05 21:33:56.062.
	 Executed 1 test, with 0 failures (0 unexpected) in 0.001 (0.001) seconds
􀟈  Test run started.
􀄵  Testing Library Version: 1902
􀄵  Target Platform: arm64e-apple-macos14.0
􁁛  Test run with 0 tests in 0 suites passed after 0.001 seconds.
Building for debugging...
[0/4] Write swift-version--58304C5D6DBC2206.txt
Build complete! (0.09s)
Test Suite 'Selected tests' started at 2026-06-05 21:33:56.553.
Test Suite 'ChatAppPackageTests.xctest' started at 2026-06-05 21:33:56.554.
Test Suite 'AttachmentDescriptorTests' started at 2026-06-05 21:33:56.554.
Test Case '-[ChatAppTests.AttachmentDescriptorTests testPlainTextIsNotMisdetected]' started.
Test Case '-[ChatAppTests.AttachmentDescriptorTests testPlainTextIsNotMisdetected]' passed (0.000 seconds).
Test Suite 'AttachmentDescriptorTests' passed at 2026-06-05 21:33:56.555.
	 Executed 1 test, with 0 failures (0 unexpected) in 0.000 (0.001) seconds
Test Suite 'ChatAppPackageTests.xctest' passed at 2026-06-05 21:33:56.555.
	 Executed 1 test, with 0 failures (0 unexpected) in 0.000 (0.001) seconds
Test Suite 'Selected tests' passed at 2026-06-05 21:33:56.555.
	 Executed 1 test, with 0 failures (0 unexpected) in 0.000 (0.001) seconds
􀟈  Test run started.
􀄵  Testing Library Version: 1902
􀄵  Target Platform: arm64e-apple-macos14.0
􁁛  Test run with 0 tests in 0 suites passed after 0.001 seconds.
Building for debugging...
[0/4] Write swift-version--58304C5D6DBC2206.txt
Build complete! (0.08s)
Test Suite 'Selected tests' started at 2026-06-05 21:33:57.038.
Test Suite 'ChatAppPackageTests.xctest' started at 2026-06-05 21:33:57.039.
Test Suite 'AttachmentDescriptorTests' started at 2026-06-05 21:33:57.039.
Test Case '-[ChatAppTests.AttachmentDescriptorTests testJSONWithoutAttachmentMarkerIsNotMisdetected]' started.
Test Case '-[ChatAppTests.AttachmentDescriptorTests testJSONWithoutAttachmentMarkerIsNotMisdetected]' passed (0.000 seconds).
Test Suite 'AttachmentDescriptorTests' passed at 2026-06-05 21:33:57.039.
	 Executed 1 test, with 0 failures (0 unexpected) in 0.000 (0.001) seconds
Test Suite 'ChatAppPackageTests.xctest' passed at 2026-06-05 21:33:57.039.
	 Executed 1 test, with 0 failures (0 unexpected) in 0.000 (0.001) seconds
Test Suite 'Selected tests' passed at 2026-06-05 21:33:57.039.
	 Executed 1 test, with 0 failures (0 unexpected) in 0.000 (0.001) seconds
􀟈  Test run started.
􀄵  Testing Library Version: 1902
􀄵  Target Platform: arm64e-apple-macos14.0
􁁛  Test run with 0 tests in 0 suites passed after 0.001 seconds.
Building for debugging...
[0/4] Write swift-version--58304C5D6DBC2206.txt
Build complete! (0.08s)
Test Suite 'Selected tests' started at 2026-06-05 21:33:57.506.
Test Suite 'ChatAppPackageTests.xctest' started at 2026-06-05 21:33:57.507.
Test Suite 'HTTPAttachmentServiceTests' started at 2026-06-05 21:33:57.507.
Test Case '-[ChatAppTests.HTTPAttachmentServiceTests testUploadPostsOctetStreamBlobWithBearerTokenAndParsesAttachmentId]' started.
Test Case '-[ChatAppTests.HTTPAttachmentServiceTests testUploadPostsOctetStreamBlobWithBearerTokenAndParsesAttachmentId]' passed (0.004 seconds).
Test Suite 'HTTPAttachmentServiceTests' passed at 2026-06-05 21:33:57.511.
	 Executed 1 test, with 0 failures (0 unexpected) in 0.004 (0.004) seconds
Test Suite 'ChatAppPackageTests.xctest' passed at 2026-06-05 21:33:57.511.
	 Executed 1 test, with 0 failures (0 unexpected) in 0.004 (0.004) seconds
Test Suite 'Selected tests' passed at 2026-06-05 21:33:57.511.
	 Executed 1 test, with 0 failures (0 unexpected) in 0.004 (0.005) seconds
􀟈  Test run started.
􀄵  Testing Library Version: 1902
􀄵  Target Platform: arm64e-apple-macos14.0
􁁛  Test run with 0 tests in 0 suites passed after 0.001 seconds.
Building for debugging...
[0/4] Write swift-version--58304C5D6DBC2206.txt
Build complete! (0.08s)
Test Suite 'Selected tests' started at 2026-06-05 21:33:57.980.
Test Suite 'ChatAppPackageTests.xctest' started at 2026-06-05 21:33:57.980.
Test Suite 'HTTPAttachmentServiceTests' started at 2026-06-05 21:33:57.980.
Test Case '-[ChatAppTests.HTTPAttachmentServiceTests testDownloadGetsAttachmentWithBearerTokenAndReturnsRawBytesOn200]' started.
Test Case '-[ChatAppTests.HTTPAttachmentServiceTests testDownloadGetsAttachmentWithBearerTokenAndReturnsRawBytesOn200]' passed (0.004 seconds).
Test Suite 'HTTPAttachmentServiceTests' passed at 2026-06-05 21:33:57.984.
	 Executed 1 test, with 0 failures (0 unexpected) in 0.004 (0.004) seconds
Test Suite 'ChatAppPackageTests.xctest' passed at 2026-06-05 21:33:57.984.
	 Executed 1 test, with 0 failures (0 unexpected) in 0.004 (0.004) seconds
Test Suite 'Selected tests' passed at 2026-06-05 21:33:57.984.
	 Executed 1 test, with 0 failures (0 unexpected) in 0.004 (0.005) seconds
􀟈  Test run started.
􀄵  Testing Library Version: 1902
􀄵  Target Platform: arm64e-apple-macos14.0
􁁛  Test run with 0 tests in 0 suites passed after 0.001 seconds.
Building for debugging...
[0/4] Write swift-version--58304C5D6DBC2206.txt
Build complete! (0.08s)
Test Suite 'Selected tests' started at 2026-06-05 21:33:58.453.
Test Suite 'ChatAppPackageTests.xctest' started at 2026-06-05 21:33:58.454.
Test Suite 'DMCoordinatorTests' started at 2026-06-05 21:33:58.454.
Test Case '-[ChatAppTests.DMCoordinatorTests testSendAttachmentUploadsEncryptedBlobAndSendsEncryptedDescriptor]' started.
Test Case '-[ChatAppTests.DMCoordinatorTests testSendAttachmentUploadsEncryptedBlobAndSendsEncryptedDescriptor]' passed (0.040 seconds).
Test Suite 'DMCoordinatorTests' passed at 2026-06-05 21:33:58.495.
	 Executed 1 test, with 0 failures (0 unexpected) in 0.040 (0.040) seconds
Test Suite 'ChatAppPackageTests.xctest' passed at 2026-06-05 21:33:58.495.
	 Executed 1 test, with 0 failures (0 unexpected) in 0.040 (0.040) seconds
Test Suite 'Selected tests' passed at 2026-06-05 21:33:58.495.
	 Executed 1 test, with 0 failures (0 unexpected) in 0.040 (0.041) seconds
􀟈  Test run started.
􀄵  Testing Library Version: 1902
􀄵  Target Platform: arm64e-apple-macos14.0
􁁛  Test run with 0 tests in 0 suites passed after 0.001 seconds.
Building for debugging...
[0/4] Write swift-version--58304C5D6DBC2206.txt
Build complete! (0.08s)
Test Suite 'Selected tests' started at 2026-06-05 21:33:58.965.
Test Suite 'ChatAppPackageTests.xctest' started at 2026-06-05 21:33:58.966.
Test Suite 'DMCoordinatorTests' started at 2026-06-05 21:33:58.966.
Test Case '-[ChatAppTests.DMCoordinatorTests testLoadHistoryDetectsAttachmentDescriptorAndDownloadReturnsOriginalBytes]' started.
Test Case '-[ChatAppTests.DMCoordinatorTests testLoadHistoryDetectsAttachmentDescriptorAndDownloadReturnsOriginalBytes]' passed (0.042 seconds).
Test Suite 'DMCoordinatorTests' passed at 2026-06-05 21:33:59.008.
	 Executed 1 test, with 0 failures (0 unexpected) in 0.042 (0.043) seconds
Test Suite 'ChatAppPackageTests.xctest' passed at 2026-06-05 21:33:59.008.
	 Executed 1 test, with 0 failures (0 unexpected) in 0.042 (0.043) seconds
Test Suite 'Selected tests' passed at 2026-06-05 21:33:59.008.
	 Executed 1 test, with 0 failures (0 unexpected) in 0.042 (0.043) seconds
􀟈  Test run started.
􀄵  Testing Library Version: 1902
􀄵  Target Platform: arm64e-apple-macos14.0
􁁛  Test run with 0 tests in 0 suites passed after 0.001 seconds.
Building for debugging...
[0/4] Write swift-version--58304C5D6DBC2206.txt
Build complete! (0.08s)
Test Suite 'Selected tests' started at 2026-06-05 21:33:59.477.
Test Suite 'ChatAppPackageTests.xctest' started at 2026-06-05 21:33:59.478.
Test Suite 'GroupCoordinatorTests' started at 2026-06-05 21:33:59.478.
Test Case '-[ChatAppTests.GroupCoordinatorTests testSendAttachmentUploadsEncryptedBlobAndSendsGroupEncryptedDescriptor]' started.
Test Case '-[ChatAppTests.GroupCoordinatorTests testSendAttachmentUploadsEncryptedBlobAndSendsGroupEncryptedDescriptor]' passed (0.039 seconds).
Test Suite 'GroupCoordinatorTests' passed at 2026-06-05 21:33:59.517.
	 Executed 1 test, with 0 failures (0 unexpected) in 0.039 (0.039) seconds
Test Suite 'ChatAppPackageTests.xctest' passed at 2026-06-05 21:33:59.517.
	 Executed 1 test, with 0 failures (0 unexpected) in 0.039 (0.039) seconds
Test Suite 'Selected tests' passed at 2026-06-05 21:33:59.517.
	 Executed 1 test, with 0 failures (0 unexpected) in 0.039 (0.040) seconds
􀟈  Test run started.
􀄵  Testing Library Version: 1902
􀄵  Target Platform: arm64e-apple-macos14.0
􁁛  Test run with 0 tests in 0 suites passed after 0.001 seconds.
Building for debugging...
[0/4] Write swift-version--58304C5D6DBC2206.txt
Build complete! (0.08s)
Test Suite 'Selected tests' started at 2026-06-05 21:33:59.984.
Test Suite 'ChatAppPackageTests.xctest' started at 2026-06-05 21:33:59.984.
Test Suite 'GroupCoordinatorTests' started at 2026-06-05 21:33:59.984.
Test Case '-[ChatAppTests.GroupCoordinatorTests testOpenGroupDetectsAttachmentDescriptorAndDownloadReturnsOriginalBytes]' started.
Test Case '-[ChatAppTests.GroupCoordinatorTests testOpenGroupDetectsAttachmentDescriptorAndDownloadReturnsOriginalBytes]' passed (0.040 seconds).
Test Suite 'GroupCoordinatorTests' passed at 2026-06-05 21:34:00.024.
	 Executed 1 test, with 0 failures (0 unexpected) in 0.040 (0.040) seconds
Test Suite 'ChatAppPackageTests.xctest' passed at 2026-06-05 21:34:00.024.
	 Executed 1 test, with 0 failures (0 unexpected) in 0.040 (0.040) seconds
Test Suite 'Selected tests' passed at 2026-06-05 21:34:00.024.
	 Executed 1 test, with 0 failures (0 unexpected) in 0.040 (0.041) seconds
􀟈  Test run started.
􀄵  Testing Library Version: 1902
􀄵  Target Platform: arm64e-apple-macos14.0
􁁛  Test run with 0 tests in 0 suites passed after 0.001 seconds.
Building for debugging...
[0/4] Write swift-version--58304C5D6DBC2206.txt
Build complete! (0.08s)
Test Suite 'Selected tests' started at 2026-06-05 21:34:00.493.
Test Suite 'ChatAppPackageTests.xctest' started at 2026-06-05 21:34:00.493.
Test Suite 'LiveAttachmentE2ETests' started at 2026-06-05 21:34:00.493.
Test Case '-[ChatAppTests.LiveAttachmentE2ETests testLiveAttachmentDMAndGroupRoundTripStoresOnlyCiphertext]' started.
Test Case '-[ChatAppTests.LiveAttachmentE2ETests testLiveAttachmentDMAndGroupRoundTripStoresOnlyCiphertext]' passed (0.132 seconds).
Test Suite 'LiveAttachmentE2ETests' passed at 2026-06-05 21:34:00.626.
	 Executed 1 test, with 0 failures (0 unexpected) in 0.132 (0.133) seconds
Test Suite 'ChatAppPackageTests.xctest' passed at 2026-06-05 21:34:00.626.
	 Executed 1 test, with 0 failures (0 unexpected) in 0.132 (0.133) seconds
Test Suite 'Selected tests' passed at 2026-06-05 21:34:00.626.
	 Executed 1 test, with 0 failures (0 unexpected) in 0.132 (0.133) seconds
􀟈  Test run started.
􀄵  Testing Library Version: 1902
􀄵  Target Platform: arm64e-apple-macos14.0
􁁛  Test run with 0 tests in 0 suites passed after 0.001 seconds.
Building for debugging...
[0/4] Write swift-version--58304C5D6DBC2206.txt
Build complete! (0.08s)
Test Suite 'Selected tests' started at 2026-06-05 21:34:01.099.
Test Suite 'ChatAppPackageTests.xctest' started at 2026-06-05 21:34:01.099.
Test Suite 'LiveAttachmentE2ETests' started at 2026-06-05 21:34:01.099.
Test Case '-[ChatAppTests.LiveAttachmentE2ETests testAlreadySubscribedRecipientReceivesLiveAttachmentsAndWritesByteIdenticalDownloads]' started.
Test Case '-[ChatAppTests.LiveAttachmentE2ETests testAlreadySubscribedRecipientReceivesLiveAttachmentsAndWritesByteIdenticalDownloads]' passed (0.938 seconds).
Test Suite 'LiveAttachmentE2ETests' passed at 2026-06-05 21:34:02.038.
	 Executed 1 test, with 0 failures (0 unexpected) in 0.938 (0.938) seconds
Test Suite 'ChatAppPackageTests.xctest' passed at 2026-06-05 21:34:02.038.
	 Executed 1 test, with 0 failures (0 unexpected) in 0.938 (0.938) seconds
Test Suite 'Selected tests' passed at 2026-06-05 21:34:02.038.
	 Executed 1 test, with 0 failures (0 unexpected) in 0.938 (0.939) seconds
􀟈  Test run started.
􀄵  Testing Library Version: 1902
􀄵  Target Platform: arm64e-apple-macos14.0
􁁛  Test run with 0 tests in 0 suites passed after 0.001 seconds.
task-7 verify: extracting stored attachment blob and proving it is ciphertext
task-7 verify: checking attachments schema and zero-knowledge audit
ZERO-KNOWLEDGE SCHEMA AUDIT
database: /var/folders/q9/1lgsjv4n37n0gcrdmg1rfjy00000gn/T/task-7-live-db.XXXXXX.7EFiGdVpUA

table: attachments
PRAGMA table_info(attachments)
cid  name         type     notnull  dflt_value  pk
---  -----------  -------  -------  ----------  --
0    id           TEXT     0                    1 
1    uploader_id  TEXT     1                    0 
2    ciphertext   BLOB     1                    0 
3    byte_size    INTEGER  1                    0 
4    created_at   TEXT     1                    0 
classification:
  - id: identifier
  - uploader_id: routing-metadata
  - ciphertext: opaque-ciphertext
  - byte_size: routing-metadata
  - created_at: timestamp

table: auth_challenges
PRAGMA table_info(auth_challenges)
cid  name        type  notnull  dflt_value  pk
---  ----------  ----  -------  ----------  --
0    id          TEXT  0                    1 
1    user_id     TEXT  1                    0 
2    nonce       TEXT  1                    0 
3    created_at  TEXT  1                    0 
4    expires_at  TEXT  1                    0 
classification:
  - id: identifier
  - user_id: identifier
  - nonce: random-nonce
  - created_at: timestamp
  - expires_at: timestamp

table: device_keys
PRAGMA table_info(device_keys)
cid  name               type  notnull  dflt_value  pk
---  -----------------  ----  -------  ----------  --
0    user_id            TEXT  0                    1 
1    x25519_public_key  TEXT  1                    0 
2    key_signature      TEXT  1                    0 
3    created_at         TEXT  1                    0 
classification:
  - user_id: identifier
  - x25519_public_key: public-key
  - key_signature: signature
  - created_at: timestamp

table: group_keys
PRAGMA table_info(group_keys)
cid  name         type     notnull  dflt_value  pk
---  -----------  -------  -------  ----------  --
0    group_id     TEXT     1                    1 
1    epoch        INTEGER  1                    2 
2    member_id    TEXT     1                    3 
3    wrapped_key  TEXT     1                    0 
4    created_at   TEXT     1                    0 
classification:
  - group_id: identifier
  - epoch: identifier
  - member_id: identifier
  - wrapped_key: identifier
  - created_at: timestamp

table: group_members
PRAGMA table_info(group_members)
cid  name          type     notnull  dflt_value  pk
---  ------------  -------  -------  ----------  --
0    group_id      TEXT     1                    1 
1    user_id       TEXT     1                    2 
2    joined_epoch  INTEGER  1                    0 
3    added_at      TEXT     1                    0 
classification:
  - group_id: identifier
  - user_id: identifier
  - joined_epoch: identifier
  - added_at: identifier

table: group_messages
PRAGMA table_info(group_messages)
cid  name        type     notnull  dflt_value  pk
---  ----------  -------  -------  ----------  --
0    id          TEXT     0                    1 
1    group_id    TEXT     1                    0 
2    sender_id   TEXT     1                    0 
3    epoch       INTEGER  1                    0 
4    ciphertext  TEXT     1                    0 
5    created_at  TEXT     1                    0 
classification:
  - id: identifier
  - group_id: identifier
  - sender_id: identifier
  - epoch: identifier
  - ciphertext: identifier
  - created_at: timestamp

table: groups
PRAGMA table_info(groups)
cid  name           type     notnull  dflt_value  pk
---  -------------  -------  -------  ----------  --
0    id             TEXT     0                    1 
1    name           TEXT     1                    0 
2    creator_id     TEXT     1                    0 
3    current_epoch  INTEGER  1                    0 
4    created_at     TEXT     1                    0 
classification:
  - id: identifier
  - name: identifier
  - creator_id: identifier
  - current_epoch: identifier
  - created_at: timestamp

table: messages
PRAGMA table_info(messages)
cid  name          type  notnull  dflt_value  pk
---  ------------  ----  -------  ----------  --
0    id            TEXT  0                    1 
1    sender_id     TEXT  1                    0 
2    recipient_id  TEXT  1                    0 
3    ciphertext    TEXT  1                    0 
4    created_at    TEXT  1                    0 
classification:
  - id: identifier
  - sender_id: routing-metadata
  - recipient_id: routing-metadata
  - ciphertext: opaque-ciphertext
  - created_at: timestamp

table: sessions
PRAGMA table_info(sessions)
cid  name        type  notnull  dflt_value  pk
---  ----------  ----  -------  ----------  --
0    token       TEXT  0                    1 
1    user_id     TEXT  1                    0 
2    created_at  TEXT  1                    0 
3    expires_at  TEXT  1                    0 
classification:
  - token: session-token
  - user_id: identifier
  - created_at: timestamp
  - expires_at: timestamp

table: users
PRAGMA table_info(users)
cid  name                 type  notnull  dflt_value  pk
---  -------------------  ----  -------  ----------  --
0    id                   TEXT  0                    1 
1    username             TEXT  1                    0 
2    identity_public_key  TEXT  1                    0 
3    created_at           TEXT  1                    0 
classification:
  - id: identifier
  - username: identifier
  - identity_public_key: public-key
  - created_at: timestamp

ZERO-KNOWLEDGE SCHEMA AUDIT: PASS — no plaintext or private-key columns in any table
task-7 verify: PASS
/Users/ngthluu/choscor/test-chat-app/.agentloop/worktrees/task-fix-task8-verify-b3/.agentloop/state/tasks/task-7/verify.sh: line 38: 81622 Terminated: 15          ( cd "${BACKEND_DIR}"; cargo run -- --db-path "${DB_PATH}" --port "${PORT}" ) > "${SERVER_LOG}" 2>&1
verify: RUN (task-8)
task-8 verify: building and testing backend
    Finished `dev` profile [unoptimized + debuginfo] target(s) in 0.07s
    Finished `test` profile [unoptimized + debuginfo] target(s) in 0.06s
     Running unittests src/lib.rs (target/debug/deps/test_chat_backend-acfff881fbeff8b8)

running 0 tests

test result: ok. 0 passed; 0 failed; 0 ignored; 0 measured; 0 filtered out; finished in 0.00s

     Running unittests src/main.rs (target/debug/deps/test_chat_backend-9d5476f2c3843da5)

running 0 tests

test result: ok. 0 passed; 0 failed; 0 ignored; 0 measured; 0 filtered out; finished in 0.00s

     Running tests/attachments.rs (target/debug/deps/attachments-14ccd7d85cb70557)

running 5 tests
test attachments_table_stores_no_plaintext_columns ... ok
test attachment_requires_bearer_token ... ok
test attachment_download_unknown_id_is_404 ... ok
test attachment_upload_then_download_round_trips_exact_bytes ... ok
test attachment_upload_rejects_oversize_payload_with_413 ... ok

test result: ok. 5 passed; 0 failed; 0 ignored; 0 measured; 0 filtered out; finished in 0.02s

     Running tests/auth.rs (target/debug/deps/auth-8604fa95047f6e2f)

running 8 tests
test auth_session_rejects_unknown_token ... ok
test auth_tables_store_no_private_material ... ok
test auth_malformed_json_returns_bad_request ... ok
test auth_challenge_rejects_unknown_user ... ok
test auth_challenge_returns_nonce_for_known_user ... ok
test auth_verify_with_bad_signature_is_rejected ... ok
test auth_verify_rejects_unknown_or_reused_challenge ... ok
test auth_verify_with_valid_signature_issues_session_token ... ok

test result: ok. 8 passed; 0 failed; 0 ignored; 0 measured; 0 filtered out; finished in 0.02s

     Running tests/conversations.rs (target/debug/deps/conversations-a7ed8ac73ee40eae)

running 7 tests
test conversations_requires_bearer_token ... ok
test conversations_include_inbound_only_peer_started_while_viewer_was_offline ... ok
test conversations_return_ciphertext_and_metadata_without_plaintext ... ok
test conversations_scope_excludes_unrelated_pairs_and_names_the_peer ... ok
test conversations_empty_for_user_with_no_messages ... ok
test conversations_use_rowid_tiebreaks_instead_of_random_uuid_order ... ok
test conversations_lists_distinct_peers_ordered_by_recent_activity ... ok

test result: ok. 7 passed; 0 failed; 0 ignored; 0 measured; 0 filtered out; finished in 0.02s

     Running tests/groups.rs (target/debug/deps/groups-dd51c3ddb97e60c4)

running 12 tests
test group_stream_requires_bearer_token ... ok
test group_create_requires_bearer_token ... ok
test group_tables_store_no_plaintext_columns ... ok
test group_list_returns_all_member_groups_in_rowid_order ... ok
test group_message_history_returns_only_ciphertext_for_members ... ok
test group_message_post_stores_exactly_the_ciphertext_blob ... ok
test group_message_history_returns_same_second_messages_in_send_order ... ok
test group_add_member_broadcasts_epoch_event_to_members ... ok
test group_create_persists_name_membership_and_epoch_zero_keys ... ok
test group_endpoints_reject_non_members_with_403 ... ok
test group_stream_with_member_returns_sse_headers ... ok
test group_add_member_bumps_epoch_and_blocks_prior_epoch_keys ... ok

test result: ok. 12 passed; 0 failed; 0 ignored; 0 measured; 0 filtered out; finished in 0.04s

     Running tests/messages.rs (target/debug/deps/messages-a293061aac4fd650)

running 14 tests
test messages_post_requires_bearer_token ... ok
test messages_inbox_requires_bearer_token ... ok
test messages_inbox_empty_for_caller_with_no_inbound_messages ... ok
test keys_publish_requires_valid_identity_signature ... ok
test messages_inbox_delivers_same_second_messages_in_send_order ... ok
test messages_stream_requires_bearer_token ... ok
test messages_history_returns_same_second_messages_in_send_order ... ok
test messages_inbox_since_cursor_returns_only_later_rows_and_advances ... ok
test messages_inbox_is_scoped_to_recipient_inbound_messages_only ... ok
test keys_fetch_returns_published_prekey_for_username ... ok
test messages_history_returns_only_ciphertext_and_is_scoped_to_the_pair ... ok
test messages_table_stores_no_plaintext_columns ... ok
test messages_post_stores_exactly_the_ciphertext_blob ... ok
test messages_stream_with_valid_token_returns_sse_headers ... ok

test result: ok. 14 passed; 0 failed; 0 ignored; 0 measured; 0 filtered out; finished in 0.03s

     Running tests/register.rs (target/debug/deps/register-6f9d859b8574001d)

running 3 tests
test register_stores_only_public_account_fields ... ok
test register_rejects_duplicate_username_without_second_row ... ok
test register_rejects_malformed_input ... ok

test result: ok. 3 passed; 0 failed; 0 ignored; 0 measured; 0 filtered out; finished in 0.01s

     Running tests/schema.rs (target/debug/deps/schema-b038f68994545c75)

running 2 tests
test migration_creates_users_table_with_only_public_account_columns ... ok
test schema_dump_prints_schema_sample_row_and_rejects_private_material ... ok

test result: ok. 2 passed; 0 failed; 0 ignored; 0 measured; 0 filtered out; finished in 0.02s

     Running tests/zk_relay_audit.rs (target/debug/deps/zk_relay_audit-bd3d74422e342891)

running 4 tests
test zk_relay_audit_fails_when_attachments_shape_drifts ... ok
test zk_relay_audit_fails_when_plaintext_column_exists ... ok
test zk_relay_audit_fails_when_private_key_column_exists ... ok
test zk_relay_audit_passes_for_ciphertext_only_schema ... ok

test result: ok. 4 passed; 0 failed; 0 ignored; 0 measured; 0 filtered out; finished in 0.41s

     Running tests/zk_sentinel.rs (target/debug/deps/zk_sentinel-1d21ce2d7220d674)

running 1 test
test zk_sentinel_roundtrip_stores_only_ciphertext_in_raw_db ... ok

test result: ok. 1 passed; 0 failed; 0 ignored; 0 measured; 0 filtered out; finished in 0.02s

   Doc-tests test_chat_backend

running 0 tests

test result: ok. 0 passed; 0 failed; 0 ignored; 0 measured; 0 filtered out; finished in 0.00s
task-8 verify: starting backend on http://127.0.0.1:46487
task-8 verify: backend health check returned 200
task-8 verify: building and testing Swift app with live offline E2E
[0/1] Planning build
Building for debugging...
[0/3] Write swift-version--58304C5D6DBC2206.txt
Build complete! (0.15s)
[0/1] Planning build
Building for debugging...
[0/4] Write swift-version--58304C5D6DBC2206.txt
Build complete! (0.13s)
Test Suite 'Selected tests' started at 2026-06-05 21:34:05.717.
Test Suite 'ChatAppPackageTests.xctest' started at 2026-06-05 21:34:05.717.
Test Suite 'LiveOfflineDeliveryE2ETests' started at 2026-06-05 21:34:05.717.
Test Case '-[ChatAppTests.LiveOfflineDeliveryE2ETests testOfflineRecipientReceivesQueuedMessagesInOrderAndRestartReloadsHistory]' started.
Test Case '-[ChatAppTests.LiveOfflineDeliveryE2ETests testOfflineRecipientReceivesQueuedMessagesInOrderAndRestartReloadsHistory]' passed (0.152 seconds).
Test Suite 'LiveOfflineDeliveryE2ETests' passed at 2026-06-05 21:34:05.870.
	 Executed 1 test, with 0 failures (0 unexpected) in 0.152 (0.152) seconds
Test Suite 'ChatAppPackageTests.xctest' passed at 2026-06-05 21:34:05.870.
	 Executed 1 test, with 0 failures (0 unexpected) in 0.152 (0.152) seconds
Test Suite 'Selected tests' passed at 2026-06-05 21:34:05.870.
	 Executed 1 test, with 0 failures (0 unexpected) in 0.152 (0.153) seconds
􀟈  Test run started.
􀄵  Testing Library Version: 1902
􀄵  Target Platform: arm64e-apple-macos14.0
􁁛  Test run with 0 tests in 0 suites passed after 0.001 seconds.
task-8 verify: curl ordered-delivery proof
task-8 verify: PASS
/Users/ngthluu/choscor/test-chat-app/.agentloop/worktrees/task-fix-task8-verify-b3/.agentloop/state/tasks/task-8/verify.sh: line 23: 83208 Terminated: 15          ( cd "${BACKEND_DIR}"; cargo run -- --db-path "${DB_PATH}" --port "${PORT}" ) > "${SERVER_LOG}" 2>&1
verify: RUN (task-9-b2r)
task-9-b2r verify: running swift test --filter ConversationListModelTests
task-9-b2r verify: PASS
verify: RUN (task-9-b3r)
task-9-b3r verify: running swift test --filter ConversationListStoreTests
task-9-b3r verify: PASS
verify: RUN (task-9-b5)
[0/1] Planning build
Building for debugging...
[0/3] Write swift-version--58304C5D6DBC2206.txt
Build complete! (0.12s)
Building for debugging...
[0/4] Write swift-version--58304C5D6DBC2206.txt
Build complete! (0.08s)
[0/1] Planning build
Building for debugging...
[0/4] Write swift-version--58304C5D6DBC2206.txt
Build complete! (0.12s)
Test Suite 'Selected tests' started at 2026-06-05 21:34:09.690.
Test Suite 'ChatAppPackageTests.xctest' started at 2026-06-05 21:34:09.690.
Test Suite 'ConversationsViewWiringTests' started at 2026-06-05 21:34:09.690.
Test Case '-[ChatAppTests.ConversationsViewWiringTests testLiveRecordBumpsSidebarList]' started.
Test Case '-[ChatAppTests.ConversationsViewWiringTests testLiveRecordBumpsSidebarList]' passed (0.021 seconds).
Test Case '-[ChatAppTests.ConversationsViewWiringTests testSelectingConversationLoadsFullDecryptedHistory]' started.
Test Case '-[ChatAppTests.ConversationsViewWiringTests testSelectingConversationLoadsFullDecryptedHistory]' passed (0.032 seconds).
Test Case '-[ChatAppTests.ConversationsViewWiringTests testSidebarOrdersConversationsMostRecentFirst]' started.
Test Case '-[ChatAppTests.ConversationsViewWiringTests testSidebarOrdersConversationsMostRecentFirst]' passed (0.012 seconds).
Test Case '-[ChatAppTests.ConversationsViewWiringTests testTaskPublishesOwnPrekey]' started.
Test Case '-[ChatAppTests.ConversationsViewWiringTests testTaskPublishesOwnPrekey]' passed (0.022 seconds).
Test Suite 'ConversationsViewWiringTests' passed at 2026-06-05 21:34:09.778.
	 Executed 4 tests, with 0 failures (0 unexpected) in 0.087 (0.088) seconds
Test Suite 'ChatAppPackageTests.xctest' passed at 2026-06-05 21:34:09.778.
	 Executed 4 tests, with 0 failures (0 unexpected) in 0.087 (0.088) seconds
Test Suite 'Selected tests' passed at 2026-06-05 21:34:09.778.
	 Executed 4 tests, with 0 failures (0 unexpected) in 0.087 (0.088) seconds
􀟈  Test run started.
􀄵  Testing Library Version: 1902
􀄵  Target Platform: arm64e-apple-macos14.0
􁁛  Test run with 0 tests in 0 suites passed after 0.001 seconds.
Building for debugging...
[0/4] Write swift-version--58304C5D6DBC2206.txt
Build complete! (0.08s)
Test Suite 'Selected tests' started at 2026-06-05 21:34:10.274.
Test Suite 'ChatAppPackageTests.xctest' started at 2026-06-05 21:34:10.275.
Test Suite 'ConversationListModelTests' started at 2026-06-05 21:34:10.275.
Test Case '-[ChatAppTests.ConversationListModelTests testConversationListContainsAndEmptyUpsertRoundTrip]' started.
Test Case '-[ChatAppTests.ConversationListModelTests testConversationListContainsAndEmptyUpsertRoundTrip]' passed (0.000 seconds).
Test Case '-[ChatAppTests.ConversationListModelTests testPeerIdReturnsOtherPartyForInboundAndOutboundRecords]' started.
Test Case '-[ChatAppTests.ConversationListModelTests testPeerIdReturnsOtherPartyForInboundAndOutboundRecords]' passed (0.000 seconds).
Test Case '-[ChatAppTests.ConversationListModelTests testSortedOrdersMostRecentFirstAndTiesByUsername]' started.
Test Case '-[ChatAppTests.ConversationListModelTests testSortedOrdersMostRecentFirstAndTiesByUsername]' passed (0.000 seconds).
Test Case '-[ChatAppTests.ConversationListModelTests testUpsertInsertsBumpsToNewerActivityAndNeverRegresses]' started.
Test Case '-[ChatAppTests.ConversationListModelTests testUpsertInsertsBumpsToNewerActivityAndNeverRegresses]' passed (0.000 seconds).
Test Suite 'ConversationListModelTests' passed at 2026-06-05 21:34:10.276.
	 Executed 4 tests, with 0 failures (0 unexpected) in 0.001 (0.001) seconds
Test Suite 'ChatAppPackageTests.xctest' passed at 2026-06-05 21:34:10.276.
	 Executed 4 tests, with 0 failures (0 unexpected) in 0.001 (0.001) seconds
Test Suite 'Selected tests' passed at 2026-06-05 21:34:10.276.
	 Executed 4 tests, with 0 failures (0 unexpected) in 0.001 (0.002) seconds
􀟈  Test run started.
􀄵  Testing Library Version: 1902
􀄵  Target Platform: arm64e-apple-macos14.0
􁁛  Test run with 0 tests in 0 suites passed after 0.001 seconds.
Building for debugging...
[0/4] Write swift-version--58304C5D6DBC2206.txt
Build complete! (0.08s)
Test Suite 'Selected tests' started at 2026-06-05 21:34:10.749.
Test Suite 'ChatAppPackageTests.xctest' started at 2026-06-05 21:34:10.749.
Test Suite 'ConversationListStoreTests' started at 2026-06-05 21:34:10.749.
Test Case '-[ChatAppTests.ConversationListStoreTests testHandleLiveRecordForKnownPeerBumpsAndDoesNotFetchAgain]' started.
Test Case '-[ChatAppTests.ConversationListStoreTests testHandleLiveRecordForKnownPeerBumpsAndDoesNotFetchAgain]' passed (0.019 seconds).
Test Case '-[ChatAppTests.ConversationListStoreTests testHandleLiveRecordForUnknownPeerRefreshesOnce]' started.
Test Case '-[ChatAppTests.ConversationListStoreTests testHandleLiveRecordForUnknownPeerRefreshesOnce]' passed (0.012 seconds).
Test Case '-[ChatAppTests.ConversationListStoreTests testHandleLiveRecordUpdatesLastActivityAtOnKnownPeer]' started.
Test Case '-[ChatAppTests.ConversationListStoreTests testHandleLiveRecordUpdatesLastActivityAtOnKnownPeer]' passed (0.011 seconds).
Test Case '-[ChatAppTests.ConversationListStoreTests testRefreshIncludesInboundOnlyPeerReturnedByBackend]' started.
Test Case '-[ChatAppTests.ConversationListStoreTests testRefreshIncludesInboundOnlyPeerReturnedByBackend]' passed (0.010 seconds).
Test Case '-[ChatAppTests.ConversationListStoreTests testRefreshMapsRecordsAndSortsMostRecentFirst]' started.
Test Case '-[ChatAppTests.ConversationListStoreTests testRefreshMapsRecordsAndSortsMostRecentFirst]' passed (0.010 seconds).
Test Case '-[ChatAppTests.ConversationListStoreTests testSelectedPeerUsernameRoundTrips]' started.
Test Case '-[ChatAppTests.ConversationListStoreTests testSelectedPeerUsernameRoundTrips]' passed (0.011 seconds).
Test Case '-[ChatAppTests.ConversationListStoreTests testSubscribeConsumesInjectedLiveStream]' started.
Test Case '-[ChatAppTests.ConversationListStoreTests testSubscribeConsumesInjectedLiveStream]' passed (0.064 seconds).
Test Suite 'ConversationListStoreTests' passed at 2026-06-05 21:34:10.887.
	 Executed 7 tests, with 0 failures (0 unexpected) in 0.137 (0.137) seconds
Test Suite 'ChatAppPackageTests.xctest' passed at 2026-06-05 21:34:10.887.
	 Executed 7 tests, with 0 failures (0 unexpected) in 0.137 (0.137) seconds
Test Suite 'Selected tests' passed at 2026-06-05 21:34:10.887.
	 Executed 7 tests, with 0 failures (0 unexpected) in 0.137 (0.138) seconds
􀟈  Test run started.
􀄵  Testing Library Version: 1902
􀄵  Target Platform: arm64e-apple-macos14.0
􁁛  Test run with 0 tests in 0 suites passed after 0.001 seconds.
task-9-b5 wiring verify: PASS
verify: RUN (task-9-b5r)
task-9-b5r scoped verify: running swift build
[0/1] Planning build
Building for debugging...
[0/3] Write swift-version--58304C5D6DBC2206.txt
Build complete! (0.11s)
task-9-b5r scoped verify: running swift build --build-tests
Building for debugging...
[0/4] Write swift-version--58304C5D6DBC2206.txt
Build complete! (0.08s)
task-9-b5r scoped verify: running swift test --filter ConversationsViewWiringTests
[0/1] Planning build
Building for debugging...
[0/4] Write swift-version--58304C5D6DBC2206.txt
Build complete! (0.13s)
Test Suite 'Selected tests' started at 2026-06-05 21:34:12.257.
Test Suite 'ChatAppPackageTests.xctest' started at 2026-06-05 21:34:12.258.
Test Suite 'ConversationsViewWiringTests' started at 2026-06-05 21:34:12.258.
Test Case '-[ChatAppTests.ConversationsViewWiringTests testLiveRecordBumpsSidebarList]' started.
Test Case '-[ChatAppTests.ConversationsViewWiringTests testLiveRecordBumpsSidebarList]' passed (0.021 seconds).
Test Case '-[ChatAppTests.ConversationsViewWiringTests testSelectingConversationLoadsFullDecryptedHistory]' started.
Test Case '-[ChatAppTests.ConversationsViewWiringTests testSelectingConversationLoadsFullDecryptedHistory]' passed (0.029 seconds).
Test Case '-[ChatAppTests.ConversationsViewWiringTests testSidebarOrdersConversationsMostRecentFirst]' started.
Test Case '-[ChatAppTests.ConversationsViewWiringTests testSidebarOrdersConversationsMostRecentFirst]' passed (0.012 seconds).
Test Case '-[ChatAppTests.ConversationsViewWiringTests testTaskPublishesOwnPrekey]' started.
Test Case '-[ChatAppTests.ConversationsViewWiringTests testTaskPublishesOwnPrekey]' passed (0.021 seconds).
Test Suite 'ConversationsViewWiringTests' passed at 2026-06-05 21:34:12.342.
	 Executed 4 tests, with 0 failures (0 unexpected) in 0.083 (0.084) seconds
Test Suite 'ChatAppPackageTests.xctest' passed at 2026-06-05 21:34:12.342.
	 Executed 4 tests, with 0 failures (0 unexpected) in 0.083 (0.084) seconds
Test Suite 'Selected tests' passed at 2026-06-05 21:34:12.342.
	 Executed 4 tests, with 0 failures (0 unexpected) in 0.083 (0.084) seconds
􀟈  Test run started.
􀄵  Testing Library Version: 1902
􀄵  Target Platform: arm64e-apple-macos14.0
􁁛  Test run with 0 tests in 0 suites passed after 0.001 seconds.
task-9-b5r scoped verify: running swift test --filter ConversationListModelTests
Building for debugging...
[0/4] Write swift-version--58304C5D6DBC2206.txt
Build complete! (0.08s)
Test Suite 'Selected tests' started at 2026-06-05 21:34:12.846.
Test Suite 'ChatAppPackageTests.xctest' started at 2026-06-05 21:34:12.847.
Test Suite 'ConversationListModelTests' started at 2026-06-05 21:34:12.847.
Test Case '-[ChatAppTests.ConversationListModelTests testConversationListContainsAndEmptyUpsertRoundTrip]' started.
Test Case '-[ChatAppTests.ConversationListModelTests testConversationListContainsAndEmptyUpsertRoundTrip]' passed (0.000 seconds).
Test Case '-[ChatAppTests.ConversationListModelTests testPeerIdReturnsOtherPartyForInboundAndOutboundRecords]' started.
Test Case '-[ChatAppTests.ConversationListModelTests testPeerIdReturnsOtherPartyForInboundAndOutboundRecords]' passed (0.000 seconds).
Test Case '-[ChatAppTests.ConversationListModelTests testSortedOrdersMostRecentFirstAndTiesByUsername]' started.
Test Case '-[ChatAppTests.ConversationListModelTests testSortedOrdersMostRecentFirstAndTiesByUsername]' passed (0.000 seconds).
Test Case '-[ChatAppTests.ConversationListModelTests testUpsertInsertsBumpsToNewerActivityAndNeverRegresses]' started.
Test Case '-[ChatAppTests.ConversationListModelTests testUpsertInsertsBumpsToNewerActivityAndNeverRegresses]' passed (0.000 seconds).
Test Suite 'ConversationListModelTests' passed at 2026-06-05 21:34:12.848.
	 Executed 4 tests, with 0 failures (0 unexpected) in 0.001 (0.001) seconds
Test Suite 'ChatAppPackageTests.xctest' passed at 2026-06-05 21:34:12.848.
	 Executed 4 tests, with 0 failures (0 unexpected) in 0.001 (0.001) seconds
Test Suite 'Selected tests' passed at 2026-06-05 21:34:12.848.
	 Executed 4 tests, with 0 failures (0 unexpected) in 0.001 (0.002) seconds
􀟈  Test run started.
􀄵  Testing Library Version: 1902
􀄵  Target Platform: arm64e-apple-macos14.0
􁁛  Test run with 0 tests in 0 suites passed after 0.001 seconds.
task-9-b5r scoped verify: running swift test --filter ConversationListStoreTests
Building for debugging...
[0/4] Write swift-version--58304C5D6DBC2206.txt
Build complete! (0.08s)
Test Suite 'Selected tests' started at 2026-06-05 21:34:13.325.
Test Suite 'ChatAppPackageTests.xctest' started at 2026-06-05 21:34:13.325.
Test Suite 'ConversationListStoreTests' started at 2026-06-05 21:34:13.325.
Test Case '-[ChatAppTests.ConversationListStoreTests testHandleLiveRecordForKnownPeerBumpsAndDoesNotFetchAgain]' started.
Test Case '-[ChatAppTests.ConversationListStoreTests testHandleLiveRecordForKnownPeerBumpsAndDoesNotFetchAgain]' passed (0.019 seconds).
Test Case '-[ChatAppTests.ConversationListStoreTests testHandleLiveRecordForUnknownPeerRefreshesOnce]' started.
Test Case '-[ChatAppTests.ConversationListStoreTests testHandleLiveRecordForUnknownPeerRefreshesOnce]' passed (0.013 seconds).
Test Case '-[ChatAppTests.ConversationListStoreTests testHandleLiveRecordUpdatesLastActivityAtOnKnownPeer]' started.
Test Case '-[ChatAppTests.ConversationListStoreTests testHandleLiveRecordUpdatesLastActivityAtOnKnownPeer]' passed (0.013 seconds).
Test Case '-[ChatAppTests.ConversationListStoreTests testRefreshIncludesInboundOnlyPeerReturnedByBackend]' started.
Test Case '-[ChatAppTests.ConversationListStoreTests testRefreshIncludesInboundOnlyPeerReturnedByBackend]' passed (0.012 seconds).
Test Case '-[ChatAppTests.ConversationListStoreTests testRefreshMapsRecordsAndSortsMostRecentFirst]' started.
Test Case '-[ChatAppTests.ConversationListStoreTests testRefreshMapsRecordsAndSortsMostRecentFirst]' passed (0.012 seconds).
Test Case '-[ChatAppTests.ConversationListStoreTests testSelectedPeerUsernameRoundTrips]' started.
Test Case '-[ChatAppTests.ConversationListStoreTests testSelectedPeerUsernameRoundTrips]' passed (0.010 seconds).
Test Case '-[ChatAppTests.ConversationListStoreTests testSubscribeConsumesInjectedLiveStream]' started.
Test Case '-[ChatAppTests.ConversationListStoreTests testSubscribeConsumesInjectedLiveStream]' passed (0.068 seconds).
Test Suite 'ConversationListStoreTests' passed at 2026-06-05 21:34:13.473.
	 Executed 7 tests, with 0 failures (0 unexpected) in 0.147 (0.148) seconds
Test Suite 'ChatAppPackageTests.xctest' passed at 2026-06-05 21:34:13.473.
	 Executed 7 tests, with 0 failures (0 unexpected) in 0.147 (0.148) seconds
Test Suite 'Selected tests' passed at 2026-06-05 21:34:13.473.
	 Executed 7 tests, with 0 failures (0 unexpected) in 0.147 (0.148) seconds
􀟈  Test run started.
􀄵  Testing Library Version: 1902
􀄵  Target Platform: arm64e-apple-macos14.0
􁁛  Test run with 0 tests in 0 suites passed after 0.001 seconds.
task-9-b5r scoped verify: PASS
verify: RUN (task-9)
task-9 verify: building and testing backend
    Finished `dev` profile [unoptimized + debuginfo] target(s) in 0.06s
    Finished `test` profile [unoptimized + debuginfo] target(s) in 0.06s
     Running unittests src/lib.rs (target/debug/deps/test_chat_backend-acfff881fbeff8b8)

running 0 tests

test result: ok. 0 passed; 0 failed; 0 ignored; 0 measured; 0 filtered out; finished in 0.00s

     Running unittests src/main.rs (target/debug/deps/test_chat_backend-9d5476f2c3843da5)

running 0 tests

test result: ok. 0 passed; 0 failed; 0 ignored; 0 measured; 0 filtered out; finished in 0.00s

     Running tests/attachments.rs (target/debug/deps/attachments-14ccd7d85cb70557)

running 5 tests
test attachments_table_stores_no_plaintext_columns ... ok
test attachment_requires_bearer_token ... ok
test attachment_download_unknown_id_is_404 ... ok
test attachment_upload_then_download_round_trips_exact_bytes ... ok
test attachment_upload_rejects_oversize_payload_with_413 ... ok

test result: ok. 5 passed; 0 failed; 0 ignored; 0 measured; 0 filtered out; finished in 0.02s

     Running tests/auth.rs (target/debug/deps/auth-8604fa95047f6e2f)

running 8 tests
test auth_challenge_rejects_unknown_user ... ok
test auth_tables_store_no_private_material ... ok
test auth_session_rejects_unknown_token ... ok
test auth_malformed_json_returns_bad_request ... ok
test auth_challenge_returns_nonce_for_known_user ... ok
test auth_verify_with_bad_signature_is_rejected ... ok
test auth_verify_with_valid_signature_issues_session_token ... ok
test auth_verify_rejects_unknown_or_reused_challenge ... ok

test result: ok. 8 passed; 0 failed; 0 ignored; 0 measured; 0 filtered out; finished in 0.02s

     Running tests/conversations.rs (target/debug/deps/conversations-a7ed8ac73ee40eae)

running 7 tests
test conversations_requires_bearer_token ... ok
test conversations_return_ciphertext_and_metadata_without_plaintext ... ok
test conversations_include_inbound_only_peer_started_while_viewer_was_offline ... ok
test conversations_lists_distinct_peers_ordered_by_recent_activity ... ok
test conversations_empty_for_user_with_no_messages ... ok
test conversations_use_rowid_tiebreaks_instead_of_random_uuid_order ... ok
test conversations_scope_excludes_unrelated_pairs_and_names_the_peer ... ok

test result: ok. 7 passed; 0 failed; 0 ignored; 0 measured; 0 filtered out; finished in 0.02s

     Running tests/groups.rs (target/debug/deps/groups-dd51c3ddb97e60c4)

running 12 tests
test group_stream_requires_bearer_token ... ok
test group_create_requires_bearer_token ... ok
test group_tables_store_no_plaintext_columns ... ok
test group_list_returns_all_member_groups_in_rowid_order ... ok
test group_message_history_returns_same_second_messages_in_send_order ... ok
test group_message_history_returns_only_ciphertext_for_members ... ok
test group_message_post_stores_exactly_the_ciphertext_blob ... ok
test group_create_persists_name_membership_and_epoch_zero_keys ... ok
test group_stream_with_member_returns_sse_headers ... ok
test group_add_member_broadcasts_epoch_event_to_members ... ok
test group_endpoints_reject_non_members_with_403 ... ok
test group_add_member_bumps_epoch_and_blocks_prior_epoch_keys ... ok

test result: ok. 12 passed; 0 failed; 0 ignored; 0 measured; 0 filtered out; finished in 0.04s

     Running tests/messages.rs (target/debug/deps/messages-a293061aac4fd650)

running 14 tests
test messages_post_requires_bearer_token ... ok
test messages_inbox_requires_bearer_token ... ok
test messages_inbox_empty_for_caller_with_no_inbound_messages ... ok
test keys_publish_requires_valid_identity_signature ... ok
test messages_inbox_since_cursor_returns_only_later_rows_and_advances ... ok
test messages_stream_requires_bearer_token ... ok
test messages_history_returns_same_second_messages_in_send_order ... ok
test messages_inbox_delivers_same_second_messages_in_send_order ... ok
test keys_fetch_returns_published_prekey_for_username ... ok
test messages_inbox_is_scoped_to_recipient_inbound_messages_only ... ok
test messages_post_stores_exactly_the_ciphertext_blob ... ok
test messages_table_stores_no_plaintext_columns ... ok
test messages_history_returns_only_ciphertext_and_is_scoped_to_the_pair ... ok
test messages_stream_with_valid_token_returns_sse_headers ... ok

test result: ok. 14 passed; 0 failed; 0 ignored; 0 measured; 0 filtered out; finished in 0.03s

     Running tests/register.rs (target/debug/deps/register-6f9d859b8574001d)

running 3 tests
test register_stores_only_public_account_fields ... ok
test register_rejects_duplicate_username_without_second_row ... ok
test register_rejects_malformed_input ... ok

test result: ok. 3 passed; 0 failed; 0 ignored; 0 measured; 0 filtered out; finished in 0.01s

     Running tests/schema.rs (target/debug/deps/schema-b038f68994545c75)

running 2 tests
test migration_creates_users_table_with_only_public_account_columns ... ok
test schema_dump_prints_schema_sample_row_and_rejects_private_material ... ok

test result: ok. 2 passed; 0 failed; 0 ignored; 0 measured; 0 filtered out; finished in 0.03s

     Running tests/zk_relay_audit.rs (target/debug/deps/zk_relay_audit-bd3d74422e342891)

running 4 tests
test zk_relay_audit_fails_when_attachments_shape_drifts ... ok
test zk_relay_audit_fails_when_plaintext_column_exists ... ok
test zk_relay_audit_fails_when_private_key_column_exists ... ok
test zk_relay_audit_passes_for_ciphertext_only_schema ... ok

test result: ok. 4 passed; 0 failed; 0 ignored; 0 measured; 0 filtered out; finished in 0.36s

     Running tests/zk_sentinel.rs (target/debug/deps/zk_sentinel-1d21ce2d7220d674)

running 1 test
test zk_sentinel_roundtrip_stores_only_ciphertext_in_raw_db ... ok

test result: ok. 1 passed; 0 failed; 0 ignored; 0 measured; 0 filtered out; finished in 0.02s

   Doc-tests test_chat_backend

running 0 tests

test result: ok. 0 passed; 0 failed; 0 ignored; 0 measured; 0 filtered out; finished in 0.00s
task-9 verify: starting backend on http://127.0.0.1:48725
task-9 verify: backend health check returned 200
task-9 verify: building and testing Swift app with live conversations E2E
[0/1] Planning build
Building for debugging...
[0/3] Write swift-version--58304C5D6DBC2206.txt
Build complete! (0.15s)
[0/1] Planning build
Building for debugging...
[0/4] Write swift-version--58304C5D6DBC2206.txt
Build complete! (0.11s)
Test Suite 'Selected tests' started at 2026-06-05 21:34:16.199.
Test Suite 'ChatAppPackageTests.xctest' started at 2026-06-05 21:34:16.199.
Test Suite 'ConversationListModelTests' started at 2026-06-05 21:34:16.199.
Test Case '-[ChatAppTests.ConversationListModelTests testConversationListContainsAndEmptyUpsertRoundTrip]' started.
Test Case '-[ChatAppTests.ConversationListModelTests testConversationListContainsAndEmptyUpsertRoundTrip]' passed (0.000 seconds).
Test Case '-[ChatAppTests.ConversationListModelTests testPeerIdReturnsOtherPartyForInboundAndOutboundRecords]' started.
Test Case '-[ChatAppTests.ConversationListModelTests testPeerIdReturnsOtherPartyForInboundAndOutboundRecords]' passed (0.000 seconds).
Test Case '-[ChatAppTests.ConversationListModelTests testSortedOrdersMostRecentFirstAndTiesByUsername]' started.
Test Case '-[ChatAppTests.ConversationListModelTests testSortedOrdersMostRecentFirstAndTiesByUsername]' passed (0.000 seconds).
Test Case '-[ChatAppTests.ConversationListModelTests testUpsertInsertsBumpsToNewerActivityAndNeverRegresses]' started.
Test Case '-[ChatAppTests.ConversationListModelTests testUpsertInsertsBumpsToNewerActivityAndNeverRegresses]' passed (0.000 seconds).
Test Suite 'ConversationListModelTests' passed at 2026-06-05 21:34:16.200.
	 Executed 4 tests, with 0 failures (0 unexpected) in 0.001 (0.001) seconds
Test Suite 'ConversationListStoreTests' started at 2026-06-05 21:34:16.200.
Test Case '-[ChatAppTests.ConversationListStoreTests testHandleLiveRecordForKnownPeerBumpsAndDoesNotFetchAgain]' started.
Test Case '-[ChatAppTests.ConversationListStoreTests testHandleLiveRecordForKnownPeerBumpsAndDoesNotFetchAgain]' passed (0.019 seconds).
Test Case '-[ChatAppTests.ConversationListStoreTests testHandleLiveRecordForUnknownPeerRefreshesOnce]' started.
Test Case '-[ChatAppTests.ConversationListStoreTests testHandleLiveRecordForUnknownPeerRefreshesOnce]' passed (0.014 seconds).
Test Case '-[ChatAppTests.ConversationListStoreTests testHandleLiveRecordUpdatesLastActivityAtOnKnownPeer]' started.
Test Case '-[ChatAppTests.ConversationListStoreTests testHandleLiveRecordUpdatesLastActivityAtOnKnownPeer]' passed (0.012 seconds).
Test Case '-[ChatAppTests.ConversationListStoreTests testRefreshIncludesInboundOnlyPeerReturnedByBackend]' started.
Test Case '-[ChatAppTests.ConversationListStoreTests testRefreshIncludesInboundOnlyPeerReturnedByBackend]' passed (0.012 seconds).
Test Case '-[ChatAppTests.ConversationListStoreTests testRefreshMapsRecordsAndSortsMostRecentFirst]' started.
Test Case '-[ChatAppTests.ConversationListStoreTests testRefreshMapsRecordsAndSortsMostRecentFirst]' passed (0.013 seconds).
Test Case '-[ChatAppTests.ConversationListStoreTests testSelectedPeerUsernameRoundTrips]' started.
Test Case '-[ChatAppTests.ConversationListStoreTests testSelectedPeerUsernameRoundTrips]' passed (0.010 seconds).
Test Case '-[ChatAppTests.ConversationListStoreTests testSubscribeConsumesInjectedLiveStream]' started.
Test Case '-[ChatAppTests.ConversationListStoreTests testSubscribeConsumesInjectedLiveStream]' passed (0.069 seconds).
Test Suite 'ConversationListStoreTests' passed at 2026-06-05 21:34:16.350.
	 Executed 7 tests, with 0 failures (0 unexpected) in 0.149 (0.149) seconds
Test Suite 'HTTPConversationsServiceTests' started at 2026-06-05 21:34:16.350.
Test Case '-[ChatAppTests.HTTPConversationsServiceTests testConversationsDecodesBackendConversationRecordShape]' started.
Test Case '-[ChatAppTests.HTTPConversationsServiceTests testConversationsDecodesBackendConversationRecordShape]' passed (0.004 seconds).
Test Case '-[ChatAppTests.HTTPConversationsServiceTests testConversationsGetsBearerTokenAndDecodesResponse]' started.
Test Case '-[ChatAppTests.HTTPConversationsServiceTests testConversationsGetsBearerTokenAndDecodesResponse]' passed (0.000 seconds).
Test Case '-[ChatAppTests.HTTPConversationsServiceTests testConversationsGetsBearerTokenAndDecodesSummaries]' started.
Test Case '-[ChatAppTests.HTTPConversationsServiceTests testConversationsGetsBearerTokenAndDecodesSummaries]' passed (0.001 seconds).
Test Case '-[ChatAppTests.HTTPConversationsServiceTests testConversationsMapsNon200ToEmptyArray]' started.
Test Case '-[ChatAppTests.HTTPConversationsServiceTests testConversationsMapsNon200ToEmptyArray]' passed (0.000 seconds).
Test Suite 'HTTPConversationsServiceTests' passed at 2026-06-05 21:34:16.356.
	 Executed 4 tests, with 0 failures (0 unexpected) in 0.006 (0.006) seconds
Test Suite 'LiveConversationsE2ETests' started at 2026-06-05 21:34:16.356.
Test Case '-[ChatAppTests.LiveConversationsE2ETests testLiveConversationListOrderingAndHistory]' started.
Test Case '-[ChatAppTests.LiveConversationsE2ETests testLiveConversationListOrderingAndHistory]' passed (2.537 seconds).
Test Suite 'LiveConversationsE2ETests' passed at 2026-06-05 21:34:18.893.
	 Executed 1 test, with 0 failures (0 unexpected) in 2.537 (2.538) seconds
Test Suite 'ChatAppPackageTests.xctest' passed at 2026-06-05 21:34:18.893.
	 Executed 16 tests, with 0 failures (0 unexpected) in 2.693 (2.694) seconds
Test Suite 'Selected tests' passed at 2026-06-05 21:34:18.893.
	 Executed 16 tests, with 0 failures (0 unexpected) in 2.693 (2.694) seconds
􀟈  Test run started.
􀄵  Testing Library Version: 1902
􀄵  Target Platform: arm64e-apple-macos14.0
􁁛  Test run with 0 tests in 0 suites passed after 0.001 seconds.
task-9 verify: proving /conversations ordering
task-9 verify: proving per-conversation message history counts
task-9 verify: PASS
/Users/ngthluu/choscor/test-chat-app/.agentloop/worktrees/task-fix-task8-verify-b3/.agentloop/state/tasks/task-9/verify.sh: line 25: 84435 Terminated: 15          ( cd "${BACKEND_DIR}"; cargo run -- --db-path "${DB_PATH}" --port "${PORT}" ) > "${SERVER_LOG}" 2>&1
verify: PASS
