verify: RUN (task-1a)
task-1a verify: building ChatApp
Building for debugging...
[0/6] Write ChatApp-entitlement.plist
[0/6] Write sources
[2/6] Write swift-version--58304C5D6DBC2206.txt
[4/49] Compiling ChatApp KeychainStore.swift
[5/49] Compiling ChatApp AttachmentDescriptor.swift
[6/49] Compiling ChatApp AttachmentService.swift
[7/49] Compiling ChatApp ConversationListModel.swift
[8/49] Compiling ChatApp ConversationListStore.swift
[9/53] Compiling ChatApp RegistrationService.swift
[10/53] Compiling ChatApp AccountStore.swift
[11/53] Compiling ChatApp AppRouter.swift
[12/53] Compiling ChatApp Screen.swift
[13/53] Compiling ChatApp DMCoordinator.swift
[14/53] Compiling ChatApp FileCrypto.swift
[15/53] Compiling ChatApp MessageCrypto.swift
[16/53] Compiling ChatApp MessageEnvelope.swift
[17/53] Compiling ChatApp MessageService.swift
[18/53] Compiling ChatApp GroupCrypto.swift
[19/53] Compiling ChatApp GroupEnvelope.swift
[20/53] Compiling ChatApp GroupService.swift
[21/53] Compiling ChatApp CryptoIdentity.swift
[22/53] Compiling ChatApp IdentityManager.swift
[23/53] Compiling ChatApp DraftEditor.swift
[24/53] Compiling ChatApp EmojiCatalog.swift
[25/53] Compiling ChatApp EmojiPickerView.swift
[26/53] Compiling ChatApp MessageComposerModel.swift
[27/53] Compiling ChatApp GroupCoordinator.swift
[28/53] Compiling ChatApp LocalAccount.swift
[29/53] Compiling ChatApp LocalAccountStore.swift
[30/53] Compiling ChatApp SyncCursorStore.swift
[31/53] Compiling ChatApp AppRootView.swift
[32/53] Compiling ChatApp AuthCoordinator.swift
[33/53] Compiling ChatApp MainView.swift
[34/53] Compiling ChatApp RegistrationView.swift
[35/53] Compiling ChatApp RootView.swift
[36/53] Compiling ChatApp SignInView.swift
[37/53] Compiling ChatApp X25519KeyManager.swift
[38/53] Compiling ChatApp IdentityProviding.swift
[39/53] Compiling ChatApp RegisterPayload.swift
[40/53] Compiling ChatApp RegistrationCoordinator.swift
[41/53] Compiling ChatApp AuthPayloads.swift
[42/53] Compiling ChatApp AuthenticationService.swift
[43/53] Compiling ChatApp SessionStore.swift
[44/53] Compiling ChatApp ChatAppApp.swift
[45/53] Compiling ChatApp CursorTrackingTextField.swift
[46/53] Emitting module ChatApp
[47/53] Compiling ChatApp ConversationListView.swift
[48/53] Compiling ChatApp ConversationView.swift
[49/53] Compiling ChatApp ConversationsView.swift
[50/53] Compiling ChatApp GroupView.swift
[50/53] Write Objects.LinkFileList
[51/53] Linking ChatApp
[52/53] Applying ChatApp
Build complete! (6.10s)
task-1a verify: running routing tests
[0/1] Planning build
Building for debugging...
[0/8] Write sources
[1/8] /Users/ngthluu/choscor/test-chat-app/.agentloop/worktrees/task-fix-task9-verify-b3/mac-app/.build/arm64-apple-macosx/debug/ChatAppPackageTests.derived/runner.swift
[2/8] Write sources
[3/8] Write swift-version--58304C5D6DBC2206.txt
[5/46] Compiling ChatAppTests LiveRegistrationE2ETests.swift
[6/46] Compiling ChatAppTests LocalAccountStoreTests.swift
[7/46] Compiling ChatAppTests MessageComposerModelTests.swift
[8/46] Compiling ChatAppTests MessageCryptoTests.swift
[9/50] Emitting module ChatAppTests
[10/50] Compiling ChatAppTests GroupCryptoTests.swift
[11/50] Compiling ChatAppTests GroupEnvelopeTests.swift
[12/50] Compiling ChatAppTests HTTPAttachmentServiceTests.swift
[13/50] Compiling ChatAppTests HTTPAuthClientCaptureTests.swift
[14/50] Compiling ChatAppTests ComposerWiringTests.swift
[15/50] Compiling ChatAppTests ConversationListModelTests.swift
[16/50] Compiling ChatAppTests ConversationListStoreTests.swift
[17/50] Compiling ChatAppTests ConversationsViewWiringTests.swift
[18/50] Compiling ChatAppTests CryptoIdentitySigningTests.swift
[19/50] Compiling ChatAppTests LiveAttachmentE2ETests.swift
[20/50] Compiling ChatAppTests LiveAuthE2ETests.swift
[21/50] Compiling ChatAppTests LiveConversationsE2ETests.swift
[22/50] Compiling ChatAppTests LiveDME2ETests.swift
[23/50] Compiling ChatAppTests RootViewTests.swift
[24/50] Compiling ChatAppTests SessionStoreTests.swift
[25/50] Compiling ChatAppTests SyncCursorStoreTests.swift
[26/50] Compiling ChatAppTests X25519KeyManagerTests.swift
[27/50] Compiling ChatAppTests AppRouterTests.swift
[28/50] Compiling ChatAppTests AttachmentDescriptorTests.swift
[29/50] Compiling ChatAppTests AuthCoordinatorTests.swift
[30/50] Compiling ChatAppTests AuthPayloadsTests.swift
[31/50] Compiling ChatAppTests ChatAppTests.swift
[32/50] Compiling ChatAppTests DMCoordinatorTests.swift
[33/50] Compiling ChatAppTests DraftEditorTests.swift
[34/50] Compiling ChatAppTests EmojiCatalogTests.swift
[35/50] Compiling ChatAppTests FileCryptoTests.swift
[36/50] Compiling ChatAppTests GroupCoordinatorTests.swift
[37/50] Compiling ChatAppTests MessageEnvelopeTests.swift
[38/50] Compiling ChatAppTests RegisterPayloadTests.swift
[39/50] Compiling ChatAppTests RegistrationCoordinatorTests.swift
[40/50] Compiling ChatAppTests RegistrationServiceCaptureTests.swift
[41/50] Compiling ChatAppTests HTTPConversationsServiceTests.swift
[42/50] Compiling ChatAppTests HTTPGroupServiceTests.swift
[43/50] Compiling ChatAppTests HTTPMessageServiceTests.swift
[44/50] Compiling ChatAppTests IdentityKeychainTests.swift
[45/50] Compiling ChatAppTests LiveEmojiDME2ETests.swift
[46/50] Compiling ChatAppTests LiveGroupCoordinatorHarness.swift
[47/50] Compiling ChatAppTests LiveGroupE2ETests.swift
[48/50] Compiling ChatAppTests LiveOfflineDeliveryE2ETests.swift
[49/52] Compiling ChatAppPackageTests runner.swift
[50/52] Emitting module ChatAppPackageTests
[50/52] Write Objects.LinkFileList
[51/52] Linking ChatAppPackageTests
Build complete! (8.46s)
Test Suite 'All tests' started at 2026-06-05 22:02:27.350.
Test Suite 'ChatAppPackageTests.xctest' started at 2026-06-05 22:02:27.351.
Test Suite 'AppRouterTests' started at 2026-06-05 22:02:27.351.
Test Case '-[ChatAppTests.AppRouterTests testResolveReturnsMainWhenAccountExists]' started.
Test Case '-[ChatAppTests.AppRouterTests testResolveReturnsMainWhenAccountExists]' passed (0.000 seconds).
Test Case '-[ChatAppTests.AppRouterTests testResolveReturnsRegistrationWhenNoAccountExists]' started.
Test Case '-[ChatAppTests.AppRouterTests testResolveReturnsRegistrationWhenNoAccountExists]' passed (0.000 seconds).
Test Suite 'AppRouterTests' passed at 2026-06-05 22:02:27.352.
	 Executed 2 tests, with 0 failures (0 unexpected) in 0.000 (0.001) seconds
Test Suite 'AttachmentDescriptorTests' started at 2026-06-05 22:02:27.352.
Test Case '-[ChatAppTests.AttachmentDescriptorTests testDescriptorRoundTripsAndUsesSnakeCaseKeys]' started.
Test Case '-[ChatAppTests.AttachmentDescriptorTests testDescriptorRoundTripsAndUsesSnakeCaseKeys]' passed (0.000 seconds).
Test Case '-[ChatAppTests.AttachmentDescriptorTests testJSONWithoutAttachmentMarkerIsNotMisdetected]' started.
Test Case '-[ChatAppTests.AttachmentDescriptorTests testJSONWithoutAttachmentMarkerIsNotMisdetected]' passed (0.000 seconds).
Test Case '-[ChatAppTests.AttachmentDescriptorTests testJSONWithWrongMarkerIsNotMisdetected]' started.
Test Case '-[ChatAppTests.AttachmentDescriptorTests testJSONWithWrongMarkerIsNotMisdetected]' passed (0.000 seconds).
Test Case '-[ChatAppTests.AttachmentDescriptorTests testPlainTextIsNotMisdetected]' started.
Test Case '-[ChatAppTests.AttachmentDescriptorTests testPlainTextIsNotMisdetected]' passed (0.000 seconds).
Test Suite 'AttachmentDescriptorTests' passed at 2026-06-05 22:02:27.353.
	 Executed 4 tests, with 0 failures (0 unexpected) in 0.001 (0.001) seconds
Test Suite 'AuthCoordinatorTests' started at 2026-06-05 22:02:27.353.
Test Case '-[ChatAppTests.AuthCoordinatorTests testExistingSessionTokenMarksAuthenticatedAtInit]' started.
Test Case '-[ChatAppTests.AuthCoordinatorTests testExistingSessionTokenMarksAuthenticatedAtInit]' passed (0.020 seconds).
Test Case '-[ChatAppTests.AuthCoordinatorTests testRejectedProofLeavesUnauthenticatedShowsStatusAndStoresNoToken]' started.
Test Case '-[ChatAppTests.AuthCoordinatorTests testRejectedProofLeavesUnauthenticatedShowsStatusAndStoresNoToken]' passed (0.002 seconds).
Test Case '-[ChatAppTests.AuthCoordinatorTests testSignOutClearsSessionTokenAndMarksUnauthenticated]' started.
Test Case '-[ChatAppTests.AuthCoordinatorTests testSignOutClearsSessionTokenAndMarksUnauthenticated]' passed (0.013 seconds).
Test Case '-[ChatAppTests.AuthCoordinatorTests testSuccessfulSignInSignsChallengePersistsTokenAndMarksAuthenticated]' started.
Test Case '-[ChatAppTests.AuthCoordinatorTests testSuccessfulSignInSignsChallengePersistsTokenAndMarksAuthenticated]' passed (0.012 seconds).
Test Suite 'AuthCoordinatorTests' passed at 2026-06-05 22:02:27.400.
	 Executed 4 tests, with 0 failures (0 unexpected) in 0.047 (0.047) seconds
Test Suite 'AuthPayloadsTests' started at 2026-06-05 22:02:27.400.
Test Case '-[ChatAppTests.AuthPayloadsTests testChallengeRequestEncodesExactlyUsername]' started.
Test Case '-[ChatAppTests.AuthPayloadsTests testChallengeRequestEncodesExactlyUsername]' passed (0.000 seconds).
Test Case '-[ChatAppTests.AuthPayloadsTests testResponsesDecodeSnakeCaseFields]' started.
Test Case '-[ChatAppTests.AuthPayloadsTests testResponsesDecodeSnakeCaseFields]' passed (0.000 seconds).
Test Case '-[ChatAppTests.AuthPayloadsTests testVerifyRequestEncodesExactlyChallengeIdAndSignature]' started.
Test Case '-[ChatAppTests.AuthPayloadsTests testVerifyRequestEncodesExactlyChallengeIdAndSignature]' passed (0.000 seconds).
Test Suite 'AuthPayloadsTests' passed at 2026-06-05 22:02:27.401.
	 Executed 3 tests, with 0 failures (0 unexpected) in 0.001 (0.001) seconds
Test Suite 'ChatAppTests' started at 2026-06-05 22:02:27.401.
Test Case '-[ChatAppTests.ChatAppTests testPackageTestTargetBuilds]' started.
Test Case '-[ChatAppTests.ChatAppTests testPackageTestTargetBuilds]' passed (0.000 seconds).
Test Suite 'ChatAppTests' passed at 2026-06-05 22:02:27.401.
	 Executed 1 test, with 0 failures (0 unexpected) in 0.000 (0.000) seconds
Test Suite 'ComposerWiringTests' started at 2026-06-05 22:02:27.401.
Test Case '-[ChatAppTests.ComposerWiringTests testComposerDraftIsSentThenReset]' started.
Test Case '-[ChatAppTests.ComposerWiringTests testComposerDraftIsSentThenReset]' passed (0.000 seconds).
Test Case '-[ChatAppTests.ComposerWiringTests testEmojiPickerViewCanBeConstructedWithShippedModel]' started.
Test Case '-[ChatAppTests.ComposerWiringTests testEmojiPickerViewCanBeConstructedWithShippedModel]' passed (0.000 seconds).
Test Suite 'ComposerWiringTests' passed at 2026-06-05 22:02:27.402.
	 Executed 2 tests, with 0 failures (0 unexpected) in 0.000 (0.000) seconds
Test Suite 'ConversationListModelTests' started at 2026-06-05 22:02:27.402.
Test Case '-[ChatAppTests.ConversationListModelTests testConversationListContainsAndEmptyUpsertRoundTrip]' started.
Test Case '-[ChatAppTests.ConversationListModelTests testConversationListContainsAndEmptyUpsertRoundTrip]' passed (0.000 seconds).
Test Case '-[ChatAppTests.ConversationListModelTests testPeerIdReturnsOtherPartyForInboundAndOutboundRecords]' started.
Test Case '-[ChatAppTests.ConversationListModelTests testPeerIdReturnsOtherPartyForInboundAndOutboundRecords]' passed (0.000 seconds).
Test Case '-[ChatAppTests.ConversationListModelTests testSortedOrdersMostRecentFirstAndTiesByUsername]' started.
Test Case '-[ChatAppTests.ConversationListModelTests testSortedOrdersMostRecentFirstAndTiesByUsername]' passed (0.000 seconds).
Test Case '-[ChatAppTests.ConversationListModelTests testUpsertInsertsBumpsToNewerActivityAndNeverRegresses]' started.
Test Case '-[ChatAppTests.ConversationListModelTests testUpsertInsertsBumpsToNewerActivityAndNeverRegresses]' passed (0.000 seconds).
Test Suite 'ConversationListModelTests' passed at 2026-06-05 22:02:27.402.
	 Executed 4 tests, with 0 failures (0 unexpected) in 0.000 (0.000) seconds
Test Suite 'ConversationListStoreTests' started at 2026-06-05 22:02:27.402.
Test Case '-[ChatAppTests.ConversationListStoreTests testHandleLiveRecordForKnownPeerBumpsAndDoesNotFetchAgain]' started.
Test Case '-[ChatAppTests.ConversationListStoreTests testHandleLiveRecordForKnownPeerBumpsAndDoesNotFetchAgain]' passed (0.012 seconds).
Test Case '-[ChatAppTests.ConversationListStoreTests testHandleLiveRecordForUnknownPeerRefreshesOnce]' started.
Test Case '-[ChatAppTests.ConversationListStoreTests testHandleLiveRecordForUnknownPeerRefreshesOnce]' passed (0.012 seconds).
Test Case '-[ChatAppTests.ConversationListStoreTests testHandleLiveRecordUpdatesLastActivityAtOnKnownPeer]' started.
Test Case '-[ChatAppTests.ConversationListStoreTests testHandleLiveRecordUpdatesLastActivityAtOnKnownPeer]' passed (0.012 seconds).
Test Case '-[ChatAppTests.ConversationListStoreTests testRefreshIncludesInboundOnlyPeerReturnedByBackend]' started.
Test Case '-[ChatAppTests.ConversationListStoreTests testRefreshIncludesInboundOnlyPeerReturnedByBackend]' passed (0.012 seconds).
Test Case '-[ChatAppTests.ConversationListStoreTests testRefreshMapsRecordsAndSortsMostRecentFirst]' started.
Test Case '-[ChatAppTests.ConversationListStoreTests testRefreshMapsRecordsAndSortsMostRecentFirst]' passed (0.011 seconds).
Test Case '-[ChatAppTests.ConversationListStoreTests testSelectedPeerUsernameRoundTrips]' started.
Test Case '-[ChatAppTests.ConversationListStoreTests testSelectedPeerUsernameRoundTrips]' passed (0.011 seconds).
Test Case '-[ChatAppTests.ConversationListStoreTests testSubscribeConsumesInjectedLiveStream]' started.
Test Case '-[ChatAppTests.ConversationListStoreTests testSubscribeConsumesInjectedLiveStream]' passed (0.067 seconds).
Test Suite 'ConversationListStoreTests' passed at 2026-06-05 22:02:27.540.
	 Executed 7 tests, with 0 failures (0 unexpected) in 0.137 (0.138) seconds
Test Suite 'ConversationsViewWiringTests' started at 2026-06-05 22:02:27.540.
Test Case '-[ChatAppTests.ConversationsViewWiringTests testLiveRecordBumpsSidebarList]' started.
Test Case '-[ChatAppTests.ConversationsViewWiringTests testLiveRecordBumpsSidebarList]' passed (0.013 seconds).
Test Case '-[ChatAppTests.ConversationsViewWiringTests testSelectingConversationLoadsFullDecryptedHistory]' started.
Test Case '-[ChatAppTests.ConversationsViewWiringTests testSelectingConversationLoadsFullDecryptedHistory]' passed (0.034 seconds).
Test Case '-[ChatAppTests.ConversationsViewWiringTests testSidebarOrdersConversationsMostRecentFirst]' started.
Test Case '-[ChatAppTests.ConversationsViewWiringTests testSidebarOrdersConversationsMostRecentFirst]' passed (0.014 seconds).
Test Case '-[ChatAppTests.ConversationsViewWiringTests testTaskPublishesOwnPrekey]' started.
Test Case '-[ChatAppTests.ConversationsViewWiringTests testTaskPublishesOwnPrekey]' passed (0.022 seconds).
Test Suite 'ConversationsViewWiringTests' passed at 2026-06-05 22:02:27.623.
	 Executed 4 tests, with 0 failures (0 unexpected) in 0.083 (0.083) seconds
Test Suite 'CryptoIdentitySigningTests' started at 2026-06-05 22:02:27.623.
Test Case '-[ChatAppTests.CryptoIdentitySigningTests testSignProducesVerifiableSignatureAndRejectsTamperedMessage]' started.
Test Case '-[ChatAppTests.CryptoIdentitySigningTests testSignProducesVerifiableSignatureAndRejectsTamperedMessage]' passed (0.000 seconds).
Test Suite 'CryptoIdentitySigningTests' passed at 2026-06-05 22:02:27.623.
	 Executed 1 test, with 0 failures (0 unexpected) in 0.000 (0.000) seconds
Test Suite 'DMCoordinatorTests' started at 2026-06-05 22:02:27.623.
Test Case '-[ChatAppTests.DMCoordinatorTests testCancelLiveSubscriptionCancelsWithoutRemovingMessages]' started.
Test Case '-[ChatAppTests.DMCoordinatorTests testCancelLiveSubscriptionCancelsWithoutRemovingMessages]' passed (0.027 seconds).
Test Case '-[ChatAppTests.DMCoordinatorTests testLoadHistoryDecryptsInboundRecordIntoDisplayMessages]' started.
Test Case '-[ChatAppTests.DMCoordinatorTests testLoadHistoryDecryptsInboundRecordIntoDisplayMessages]' passed (0.028 seconds).
Test Case '-[ChatAppTests.DMCoordinatorTests testLoadHistoryDetectsAttachmentDescriptorAndDownloadReturnsOriginalBytes]' started.
Test Case '-[ChatAppTests.DMCoordinatorTests testLoadHistoryDetectsAttachmentDescriptorAndDownloadReturnsOriginalBytes]' passed (0.036 seconds).
Test Case '-[ChatAppTests.DMCoordinatorTests testSendAttachmentUploadsEncryptedBlobAndSendsEncryptedDescriptor]' started.
Test Case '-[ChatAppTests.DMCoordinatorTests testSendAttachmentUploadsEncryptedBlobAndSendsEncryptedDescriptor]' passed (0.028 seconds).
Test Case '-[ChatAppTests.DMCoordinatorTests testSendEncryptsCiphertextAndRecipientCanDecryptIt]' started.
Test Case '-[ChatAppTests.DMCoordinatorTests testSendEncryptsCiphertextAndRecipientCanDecryptIt]' passed (0.029 seconds).
Test Case '-[ChatAppTests.DMCoordinatorTests testStartConversationRejectsPeerWithInvalidPrekeySignature]' started.
Test Case '-[ChatAppTests.DMCoordinatorTests testStartConversationRejectsPeerWithInvalidPrekeySignature]' passed (0.013 seconds).
Test Case '-[ChatAppTests.DMCoordinatorTests testStartConversationShowsUserNotFoundForMissingPeer]' started.
Test Case '-[ChatAppTests.DMCoordinatorTests testStartConversationShowsUserNotFoundForMissingPeer]' passed (0.012 seconds).
Test Case '-[ChatAppTests.DMCoordinatorTests testSubscribeLiveCatchesUpOfflineHistoryInServerOrderAndDedupesSSE]' started.
Test Case '-[ChatAppTests.DMCoordinatorTests testSubscribeLiveCatchesUpOfflineHistoryInServerOrderAndDedupesSSE]' passed (0.032 seconds).
Test Case '-[ChatAppTests.DMCoordinatorTests testSubscribeLiveDecryptsInboundRecordAndDedupesExistingMessages]' started.
Test Case '-[ChatAppTests.DMCoordinatorTests testSubscribeLiveDecryptsInboundRecordAndDedupesExistingMessages]' passed (0.091 seconds).
Test Case '-[ChatAppTests.DMCoordinatorTests testSubscribeLiveDeliversAttachmentDisplayDedupesAndDownloadsOriginalBytes]' started.
Test Case '-[ChatAppTests.DMCoordinatorTests testSubscribeLiveDeliversAttachmentDisplayDedupesAndDownloadsOriginalBytes]' passed (0.185 seconds).
Test Suite 'DMCoordinatorTests' passed at 2026-06-05 22:02:28.107.
	 Executed 10 tests, with 0 failures (0 unexpected) in 0.483 (0.484) seconds
Test Suite 'DraftEditorTests' started at 2026-06-05 22:02:28.107.
Test Case '-[ChatAppTests.DraftEditorTests testCaretAboveLengthClampsToEnd]' started.
Test Case '-[ChatAppTests.DraftEditorTests testCaretAboveLengthClampsToEnd]' passed (0.000 seconds).
Test Case '-[ChatAppTests.DraftEditorTests testCaretBelowZeroClampsToStart]' started.
Test Case '-[ChatAppTests.DraftEditorTests testCaretBelowZeroClampsToStart]' passed (0.000 seconds).
Test Case '-[ChatAppTests.DraftEditorTests testInsertAtEndOfASCIIDraft]' started.
Test Case '-[ChatAppTests.DraftEditorTests testInsertAtEndOfASCIIDraft]' passed (0.000 seconds).
Test Case '-[ChatAppTests.DraftEditorTests testInsertAtMiddleOfASCIIDraft]' started.
Test Case '-[ChatAppTests.DraftEditorTests testInsertAtMiddleOfASCIIDraft]' passed (0.000 seconds).
Test Case '-[ChatAppTests.DraftEditorTests testInsertAtStartOfASCIIDraft]' started.
Test Case '-[ChatAppTests.DraftEditorTests testInsertAtStartOfASCIIDraft]' passed (0.000 seconds).
Test Case '-[ChatAppTests.DraftEditorTests testInsertIntoEmptyDraftYieldsEmojiAndCaretAfterIt]' started.
Test Case '-[ChatAppTests.DraftEditorTests testInsertIntoEmptyDraftYieldsEmojiAndCaretAfterIt]' passed (0.000 seconds).
Test Case '-[ChatAppTests.DraftEditorTests testInsertionInsideExistingEmojiSnapsDownAndDoesNotSplitIt]' started.
Test Case '-[ChatAppTests.DraftEditorTests testInsertionInsideExistingEmojiSnapsDownAndDoesNotSplitIt]' passed (0.000 seconds).
Test Case '-[ChatAppTests.DraftEditorTests testMultiScalarEmojiAreInsertedAsIntactGraphemes]' started.
Test Case '-[ChatAppTests.DraftEditorTests testMultiScalarEmojiAreInsertedAsIntactGraphemes]' passed (0.000 seconds).
Test Suite 'DraftEditorTests' passed at 2026-06-05 22:02:28.108.
	 Executed 8 tests, with 0 failures (0 unexpected) in 0.001 (0.001) seconds
Test Suite 'EmojiCatalogTests' started at 2026-06-05 22:02:28.108.
Test Case '-[ChatAppTests.EmojiCatalogTests testCatalogIncludesMultiScalarExamples]' started.
Test Case '-[ChatAppTests.EmojiCatalogTests testCatalogIncludesMultiScalarExamples]' passed (0.000 seconds).
Test Case '-[ChatAppTests.EmojiCatalogTests testCatalogIsNonEmptyAndEveryCategoryHasEntries]' started.
Test Case '-[ChatAppTests.EmojiCatalogTests testCatalogIsNonEmptyAndEveryCategoryHasEntries]' passed (0.000 seconds).
Test Case '-[ChatAppTests.EmojiCatalogTests testEmojiCharactersAreUnique]' started.
Test Case '-[ChatAppTests.EmojiCatalogTests testEmojiCharactersAreUnique]' passed (0.000 seconds).
Test Case '-[ChatAppTests.EmojiCatalogTests testEmptySearchReturnsAllEmojis]' started.
Test Case '-[ChatAppTests.EmojiCatalogTests testEmptySearchReturnsAllEmojis]' passed (0.000 seconds).
Test Case '-[ChatAppTests.EmojiCatalogTests testEveryEmojiHasMetadataAndIsFiledInItsCategory]' started.
Test Case '-[ChatAppTests.EmojiCatalogTests testEveryEmojiHasMetadataAndIsFiledInItsCategory]' passed (0.000 seconds).
Test Case '-[ChatAppTests.EmojiCatalogTests testNonsenseSearchReturnsNoEmojis]' started.
Test Case '-[ChatAppTests.EmojiCatalogTests testNonsenseSearchReturnsNoEmojis]' passed (0.000 seconds).
Test Case '-[ChatAppTests.EmojiCatalogTests testSearchIsCaseInsensitive]' started.
Test Case '-[ChatAppTests.EmojiCatalogTests testSearchIsCaseInsensitive]' passed (0.000 seconds).
Test Case '-[ChatAppTests.EmojiCatalogTests testSearchMatchesHeartByNameOrKeyword]' started.
Test Case '-[ChatAppTests.EmojiCatalogTests testSearchMatchesHeartByNameOrKeyword]' passed (0.000 seconds).
Test Case '-[ChatAppTests.EmojiCatalogTests testSearchMatchesKeywordThatIsNotPartOfName]' started.
Test Case '-[ChatAppTests.EmojiCatalogTests testSearchMatchesKeywordThatIsNotPartOfName]' passed (0.000 seconds).
Test Suite 'EmojiCatalogTests' passed at 2026-06-05 22:02:28.110.
	 Executed 9 tests, with 0 failures (0 unexpected) in 0.002 (0.002) seconds
Test Suite 'FileCryptoTests' started at 2026-06-05 22:02:28.110.
Test Case '-[ChatAppTests.FileCryptoTests testEncryptDecryptRoundTripReturnsExactBytesForBinaryPayload]' started.
Test Case '-[ChatAppTests.FileCryptoTests testEncryptDecryptRoundTripReturnsExactBytesForBinaryPayload]' passed (0.000 seconds).
Test Case '-[ChatAppTests.FileCryptoTests testEncryptDecryptRoundTripReturnsExactBytesForSmallPayload]' started.
Test Case '-[ChatAppTests.FileCryptoTests testEncryptDecryptRoundTripReturnsExactBytesForSmallPayload]' passed (0.000 seconds).
Test Case '-[ChatAppTests.FileCryptoTests testEncryptedBlobDoesNotContainPlaintextBytes]' started.
Test Case '-[ChatAppTests.FileCryptoTests testEncryptedBlobDoesNotContainPlaintextBytes]' passed (0.000 seconds).
Test Case '-[ChatAppTests.FileCryptoTests testNearTenMegabyteFileRoundTrips]' started.
Test Case '-[ChatAppTests.FileCryptoTests testNearTenMegabyteFileRoundTrips]' passed (0.016 seconds).
Test Case '-[ChatAppTests.FileCryptoTests testTamperedBlobThrows]' started.
Test Case '-[ChatAppTests.FileCryptoTests testTamperedBlobThrows]' passed (0.000 seconds).
Test Case '-[ChatAppTests.FileCryptoTests testWrongKeyFailsToDecrypt]' started.
Test Case '-[ChatAppTests.FileCryptoTests testWrongKeyFailsToDecrypt]' passed (0.000 seconds).
Test Suite 'FileCryptoTests' passed at 2026-06-05 22:02:28.127.
	 Executed 6 tests, with 0 failures (0 unexpected) in 0.017 (0.017) seconds
Test Suite 'GroupCoordinatorTests' started at 2026-06-05 22:02:28.127.
Test Case '-[ChatAppTests.GroupCoordinatorTests testAddMemberRekeyPreservesExistingLiveDeliveryAndBlocksPriorEpochForNewMember]' started.
Test Case '-[ChatAppTests.GroupCoordinatorTests testAddMemberRekeyPreservesExistingLiveDeliveryAndBlocksPriorEpochForNewMember]' passed (0.313 seconds).
Test Case '-[ChatAppTests.GroupCoordinatorTests testCreateGroupRejectsMemberWithInvalidPrekeySignature]' started.
Test Case '-[ChatAppTests.GroupCoordinatorTests testCreateGroupRejectsMemberWithInvalidPrekeySignature]' passed (0.025 seconds).
Test Case '-[ChatAppTests.GroupCoordinatorTests testCreateGroupSubscribesLiveSoCreatorReceivesInboundMessages]' started.
Test Case '-[ChatAppTests.GroupCoordinatorTests testCreateGroupSubscribesLiveSoCreatorReceivesInboundMessages]' passed (0.136 seconds).
Test Case '-[ChatAppTests.GroupCoordinatorTests testCreateGroupWrapsEpochZeroKeyToEveryMember]' started.
Test Case '-[ChatAppTests.GroupCoordinatorTests testCreateGroupWrapsEpochZeroKeyToEveryMember]' passed (0.029 seconds).
Test Case '-[ChatAppTests.GroupCoordinatorTests testEpochEventRefreshesKeysGroupDetailAndGroupListBeforeNextMessage]' started.
Test Case '-[ChatAppTests.GroupCoordinatorTests testEpochEventRefreshesKeysGroupDetailAndGroupListBeforeNextMessage]' passed (0.134 seconds).
Test Case '-[ChatAppTests.GroupCoordinatorTests testExistingMemberReceivesLiveAttachmentAfterRekeyAndLateJoinerCannotDecryptPriorEpochAttachment]' started.
Test Case '-[ChatAppTests.GroupCoordinatorTests testExistingMemberReceivesLiveAttachmentAfterRekeyAndLateJoinerCannotDecryptPriorEpochAttachment]' passed (0.350 seconds).
Test Case '-[ChatAppTests.GroupCoordinatorTests testExistingMemberReceivesLiveMessageAfterRekeyViaKeyRefetch]' started.
Test Case '-[ChatAppTests.GroupCoordinatorTests testExistingMemberReceivesLiveMessageAfterRekeyViaKeyRefetch]' passed (0.083 seconds).
Test Case '-[ChatAppTests.GroupCoordinatorTests testLateAddedMemberCannotDecryptPriorEpochMessage]' started.
Test Case '-[ChatAppTests.GroupCoordinatorTests testLateAddedMemberCannotDecryptPriorEpochMessage]' passed (0.034 seconds).
Test Case '-[ChatAppTests.GroupCoordinatorTests testOpenGroupDecryptsHistoryAndSkipsUndecryptable]' started.
Test Case '-[ChatAppTests.GroupCoordinatorTests testOpenGroupDecryptsHistoryAndSkipsUndecryptable]' passed (0.030 seconds).
Test Case '-[ChatAppTests.GroupCoordinatorTests testOpenGroupDetectsAttachmentDescriptorAndDownloadReturnsOriginalBytes]' started.
Test Case '-[ChatAppTests.GroupCoordinatorTests testOpenGroupDetectsAttachmentDescriptorAndDownloadReturnsOriginalBytes]' passed (0.034 seconds).
Test Case '-[ChatAppTests.GroupCoordinatorTests testOpenGroupKeepsServerHistoryOrderAndDecryptsEveryMessage]' started.
Test Case '-[ChatAppTests.GroupCoordinatorTests testOpenGroupKeepsServerHistoryOrderAndDecryptsEveryMessage]' passed (0.032 seconds).
Test Case '-[ChatAppTests.GroupCoordinatorTests testReconnectCatchesUpOfflineGroupMessagesInOrderAndDedupsLiveDuplicates]' started.
Test Case '-[ChatAppTests.GroupCoordinatorTests testReconnectCatchesUpOfflineGroupMessagesInOrderAndDedupsLiveDuplicates]' passed (0.085 seconds).
Test Case '-[ChatAppTests.GroupCoordinatorTests testRefreshGroupsPublishesAllListedGroupsOnLaunch]' started.
Test Case '-[ChatAppTests.GroupCoordinatorTests testRefreshGroupsPublishesAllListedGroupsOnLaunch]' passed (0.026 seconds).
Test Case '-[ChatAppTests.GroupCoordinatorTests testSendAfterRekeyEncryptsUnderLatestEpoch]' started.
Test Case '-[ChatAppTests.GroupCoordinatorTests testSendAfterRekeyEncryptsUnderLatestEpoch]' passed (0.027 seconds).
Test Case '-[ChatAppTests.GroupCoordinatorTests testSendAttachmentUploadsEncryptedBlobAndSendsGroupEncryptedDescriptor]' started.
Test Case '-[ChatAppTests.GroupCoordinatorTests testSendAttachmentUploadsEncryptedBlobAndSendsGroupEncryptedDescriptor]' passed (0.028 seconds).
Test Case '-[ChatAppTests.GroupCoordinatorTests testSendEncryptsUnderCurrentEpochKey]' started.
Test Case '-[ChatAppTests.GroupCoordinatorTests testSendEncryptsUnderCurrentEpochKey]' passed (0.026 seconds).
Test Case '-[ChatAppTests.GroupCoordinatorTests testSenderAttributionResolvesUsernameAndYouForLocalAccount]' started.
Test Case '-[ChatAppTests.GroupCoordinatorTests testSenderAttributionResolvesUsernameAndYouForLocalAccount]' passed (0.026 seconds).
Test Case '-[ChatAppTests.GroupCoordinatorTests testSubscribeLiveDecryptsInboundGroupRecord]' started.
Test Case '-[ChatAppTests.GroupCoordinatorTests testSubscribeLiveDecryptsInboundGroupRecord]' passed (0.089 seconds).
Test Case '-[ChatAppTests.GroupCoordinatorTests testSubscribeLiveRendersInboundAttachmentAndDownloadsOriginalBytes]' started.
Test Case '-[ChatAppTests.GroupCoordinatorTests testSubscribeLiveRendersInboundAttachmentAndDownloadsOriginalBytes]' passed (0.140 seconds).
Test Case '-[ChatAppTests.GroupCoordinatorTests testThreeMemberCoordinatorsAllSendAndDecryptLiveMessages]' started.
Test Case '-[ChatAppTests.GroupCoordinatorTests testThreeMemberCoordinatorsAllSendAndDecryptLiveMessages]' passed (0.315 seconds).
Test Suite 'GroupCoordinatorTests' passed at 2026-06-05 22:02:30.091.
	 Executed 20 tests, with 0 failures (0 unexpected) in 1.962 (1.964) seconds
Test Suite 'GroupCryptoTests' started at 2026-06-05 22:02:30.091.
Test Case '-[ChatAppTests.GroupCryptoTests testEncryptDecryptGroupMessageRoundTripsToExactPlaintext]' started.
Test Case '-[ChatAppTests.GroupCryptoTests testEncryptDecryptGroupMessageRoundTripsToExactPlaintext]' passed (0.000 seconds).
Test Case '-[ChatAppTests.GroupCryptoTests testInvalidGroupEnvelopeErrorsAreStable]' started.
Test Case '-[ChatAppTests.GroupCryptoTests testInvalidGroupEnvelopeErrorsAreStable]' passed (0.000 seconds).
Test Case '-[ChatAppTests.GroupCryptoTests testMessageEnvelopeDoesNotContainPlaintextBytes]' started.
Test Case '-[ChatAppTests.GroupCryptoTests testMessageEnvelopeDoesNotContainPlaintextBytes]' passed (0.000 seconds).
Test Case '-[ChatAppTests.GroupCryptoTests testMessageEpochRecoversEmbeddedBigEndianEpoch]' started.
Test Case '-[ChatAppTests.GroupCryptoTests testMessageEpochRecoversEmbeddedBigEndianEpoch]' passed (0.000 seconds).
Test Case '-[ChatAppTests.GroupCryptoTests testNewGroupKeyIsThirtyTwoBytes]' started.
Test Case '-[ChatAppTests.GroupCryptoTests testNewGroupKeyIsThirtyTwoBytes]' passed (0.000 seconds).
Test Case '-[ChatAppTests.GroupCryptoTests testSamePlaintextEncryptedTwiceProducesDifferentEnvelopes]' started.
Test Case '-[ChatAppTests.GroupCryptoTests testSamePlaintextEncryptedTwiceProducesDifferentEnvelopes]' passed (0.000 seconds).
Test Case '-[ChatAppTests.GroupCryptoTests testThirdPartyCannotUnwrapGroupKey]' started.
Test Case '-[ChatAppTests.GroupCryptoTests testThirdPartyCannotUnwrapGroupKey]' passed (0.001 seconds).
Test Case '-[ChatAppTests.GroupCryptoTests testWrapAndUnwrapGroupKeyRoundTripsToExactBytes]' started.
Test Case '-[ChatAppTests.GroupCryptoTests testWrapAndUnwrapGroupKeyRoundTripsToExactBytes]' passed (0.001 seconds).
Test Case '-[ChatAppTests.GroupCryptoTests testWrongGroupKeyFailsToDecryptGroupMessage]' started.
Test Case '-[ChatAppTests.GroupCryptoTests testWrongGroupKeyFailsToDecryptGroupMessage]' passed (0.000 seconds).
Test Suite 'GroupCryptoTests' passed at 2026-06-05 22:02:30.094.
	 Executed 9 tests, with 0 failures (0 unexpected) in 0.003 (0.003) seconds
Test Suite 'GroupEnvelopeTests' started at 2026-06-05 22:02:30.094.
Test Case '-[ChatAppTests.GroupEnvelopeTests testAddMemberRequestAndResponseUseSnakeCaseKeys]' started.
Test Case '-[ChatAppTests.GroupEnvelopeTests testAddMemberRequestAndResponseUseSnakeCaseKeys]' passed (0.000 seconds).
Test Case '-[ChatAppTests.GroupEnvelopeTests testCreateGroupRequestEncodesSnakeCaseKeys]' started.
Test Case '-[ChatAppTests.GroupEnvelopeTests testCreateGroupRequestEncodesSnakeCaseKeys]' passed (0.000 seconds).
Test Case '-[ChatAppTests.GroupEnvelopeTests testCreateGroupResponseDecodesSnakeCaseFields]' started.
Test Case '-[ChatAppTests.GroupEnvelopeTests testCreateGroupResponseDecodesSnakeCaseFields]' passed (0.000 seconds).
Test Case '-[ChatAppTests.GroupEnvelopeTests testEncodedPayloadsContainNoPlaintextBodyOrTextKeys]' started.
Test Case '-[ChatAppTests.GroupEnvelopeTests testEncodedPayloadsContainNoPlaintextBodyOrTextKeys]' passed (0.000 seconds).
Test Case '-[ChatAppTests.GroupEnvelopeTests testGroupSummaryAndDetailDecodeSnakeCaseFields]' started.
Test Case '-[ChatAppTests.GroupEnvelopeTests testGroupSummaryAndDetailDecodeSnakeCaseFields]' passed (0.000 seconds).
Test Case '-[ChatAppTests.GroupEnvelopeTests testKeyRecordAndMessageResponsesDecodeSnakeCaseFields]' started.
Test Case '-[ChatAppTests.GroupEnvelopeTests testKeyRecordAndMessageResponsesDecodeSnakeCaseFields]' passed (0.000 seconds).
Test Case '-[ChatAppTests.GroupEnvelopeTests testSendGroupMessageRequestEncodesExactlyEpochAndCiphertext]' started.
Test Case '-[ChatAppTests.GroupEnvelopeTests testSendGroupMessageRequestEncodesExactlyEpochAndCiphertext]' passed (0.000 seconds).
Test Suite 'GroupEnvelopeTests' passed at 2026-06-05 22:02:30.096.
	 Executed 7 tests, with 0 failures (0 unexpected) in 0.001 (0.001) seconds
Test Suite 'HTTPAttachmentServiceTests' started at 2026-06-05 22:02:30.096.
Test Case '-[ChatAppTests.HTTPAttachmentServiceTests testDownloadGetsAttachmentWithBearerTokenAndReturnsRawBytesOn200]' started.
Test Case '-[ChatAppTests.HTTPAttachmentServiceTests testDownloadGetsAttachmentWithBearerTokenAndReturnsRawBytesOn200]' passed (0.006 seconds).
Test Case '-[ChatAppTests.HTTPAttachmentServiceTests testDownloadReturnsNilFor404AndOtherErrors]' started.
Test Case '-[ChatAppTests.HTTPAttachmentServiceTests testDownloadReturnsNilFor404AndOtherErrors]' passed (0.001 seconds).
Test Case '-[ChatAppTests.HTTPAttachmentServiceTests testUploadPostsOctetStreamBlobWithBearerTokenAndParsesAttachmentId]' started.
Test Case '-[ChatAppTests.HTTPAttachmentServiceTests testUploadPostsOctetStreamBlobWithBearerTokenAndParsesAttachmentId]' passed (0.001 seconds).
Test Case '-[ChatAppTests.HTTPAttachmentServiceTests testUploadReturnsNilForNonSuccessStatusAndMalformedResponse]' started.
Test Case '-[ChatAppTests.HTTPAttachmentServiceTests testUploadReturnsNilForNonSuccessStatusAndMalformedResponse]' passed (0.001 seconds).
Test Suite 'HTTPAttachmentServiceTests' passed at 2026-06-05 22:02:30.105.
	 Executed 4 tests, with 0 failures (0 unexpected) in 0.009 (0.009) seconds
Test Suite 'HTTPAuthClientCaptureTests' started at 2026-06-05 22:02:30.105.
Test Case '-[ChatAppTests.HTTPAuthClientCaptureTests testRequestChallengeMapsUnknownAccount]' started.
Test Case '-[ChatAppTests.HTTPAuthClientCaptureTests testRequestChallengeMapsUnknownAccount]' passed (0.001 seconds).
Test Case '-[ChatAppTests.HTTPAuthClientCaptureTests testRequestChallengeTransmitsExactlyUsernameAndMapsCreated]' started.
Test Case '-[ChatAppTests.HTTPAuthClientCaptureTests testRequestChallengeTransmitsExactlyUsernameAndMapsCreated]' passed (0.000 seconds).
Test Case '-[ChatAppTests.HTTPAuthClientCaptureTests testValidateSessionSendsBearerTokenAndMapsStatus]' started.
Test Case '-[ChatAppTests.HTTPAuthClientCaptureTests testValidateSessionSendsBearerTokenAndMapsStatus]' passed (0.001 seconds).
Test Case '-[ChatAppTests.HTTPAuthClientCaptureTests testVerifyMapsUnauthorizedToRejected]' started.
Test Case '-[ChatAppTests.HTTPAuthClientCaptureTests testVerifyMapsUnauthorizedToRejected]' passed (0.000 seconds).
Test Case '-[ChatAppTests.HTTPAuthClientCaptureTests testVerifyTransmitsExactlyChallengeIdAndSignatureAndMapsSuccess]' started.
Test Case '-[ChatAppTests.HTTPAuthClientCaptureTests testVerifyTransmitsExactlyChallengeIdAndSignatureAndMapsSuccess]' passed (0.001 seconds).
Test Suite 'HTTPAuthClientCaptureTests' passed at 2026-06-05 22:02:30.108.
	 Executed 5 tests, with 0 failures (0 unexpected) in 0.002 (0.003) seconds
Test Suite 'HTTPConversationsServiceTests' started at 2026-06-05 22:02:30.108.
Test Case '-[ChatAppTests.HTTPConversationsServiceTests testConversationsDecodesBackendConversationRecordShape]' started.
Test Case '-[ChatAppTests.HTTPConversationsServiceTests testConversationsDecodesBackendConversationRecordShape]' passed (0.001 seconds).
Test Case '-[ChatAppTests.HTTPConversationsServiceTests testConversationsGetsBearerTokenAndDecodesResponse]' started.
Test Case '-[ChatAppTests.HTTPConversationsServiceTests testConversationsGetsBearerTokenAndDecodesResponse]' passed (0.001 seconds).
Test Case '-[ChatAppTests.HTTPConversationsServiceTests testConversationsGetsBearerTokenAndDecodesSummaries]' started.
Test Case '-[ChatAppTests.HTTPConversationsServiceTests testConversationsGetsBearerTokenAndDecodesSummaries]' passed (0.000 seconds).
Test Case '-[ChatAppTests.HTTPConversationsServiceTests testConversationsMapsNon200ToEmptyArray]' started.
Test Case '-[ChatAppTests.HTTPConversationsServiceTests testConversationsMapsNon200ToEmptyArray]' passed (0.000 seconds).
Test Suite 'HTTPConversationsServiceTests' passed at 2026-06-05 22:02:30.110.
	 Executed 4 tests, with 0 failures (0 unexpected) in 0.002 (0.003) seconds
Test Suite 'HTTPGroupServiceTests' started at 2026-06-05 22:02:30.110.
Test Case '-[ChatAppTests.HTTPGroupServiceTests testAddMemberPostsEpochKeysAndDecodesResponse]' started.
Test Case '-[ChatAppTests.HTTPGroupServiceTests testAddMemberPostsEpochKeysAndDecodesResponse]' passed (0.000 seconds).
Test Case '-[ChatAppTests.HTTPGroupServiceTests testCreateGroupPostsMembersWithBearerTokenAndDecodesResponse]' started.
Test Case '-[ChatAppTests.HTTPGroupServiceTests testCreateGroupPostsMembersWithBearerTokenAndDecodesResponse]' passed (0.000 seconds).
Test Case '-[ChatAppTests.HTTPGroupServiceTests testGetEndpointsDecodeGroupPayloads]' started.
Test Case '-[ChatAppTests.HTTPGroupServiceTests testGetEndpointsDecodeGroupPayloads]' passed (0.001 seconds).
Test Case '-[ChatAppTests.HTTPGroupServiceTests testLiveGroupMessagesSurfacesEpochEventsThroughHookWithoutYieldingRecord]' started.
Test Case '-[ChatAppTests.HTTPGroupServiceTests testLiveGroupMessagesSurfacesEpochEventsThroughHookWithoutYieldingRecord]' passed (0.001 seconds).
Test Case '-[ChatAppTests.HTTPGroupServiceTests testLiveGroupMessagesYieldsSSERecordsAndCompletes]' started.
Test Case '-[ChatAppTests.HTTPGroupServiceTests testLiveGroupMessagesYieldsSSERecordsAndCompletes]' passed (0.000 seconds).
Test Case '-[ChatAppTests.HTTPGroupServiceTests testParseGroupSSEEventDecodesDataLineAndIgnoresOtherLines]' started.
Test Case '-[ChatAppTests.HTTPGroupServiceTests testParseGroupSSEEventDecodesDataLineAndIgnoresOtherLines]' passed (0.000 seconds).
Test Case '-[ChatAppTests.HTTPGroupServiceTests testSendGroupMessagePostsCiphertextOnlyAndMapsStatuses]' started.
Test Case '-[ChatAppTests.HTTPGroupServiceTests testSendGroupMessagePostsCiphertextOnlyAndMapsStatuses]' passed (0.001 seconds).
Test Suite 'HTTPGroupServiceTests' passed at 2026-06-05 22:02:30.115.
	 Executed 7 tests, with 0 failures (0 unexpected) in 0.004 (0.004) seconds
Test Suite 'HTTPMessageServiceTests' started at 2026-06-05 22:02:30.115.
Test Case '-[ChatAppTests.HTTPMessageServiceTests testFetchPrekeyDecodesResponseAndMaps404ToNil]' started.
Test Case '-[ChatAppTests.HTTPMessageServiceTests testFetchPrekeyDecodesResponseAndMaps404ToNil]' passed (0.001 seconds).
Test Case '-[ChatAppTests.HTTPMessageServiceTests testHistoryDecodesBackendObjectResponse]' started.
Test Case '-[ChatAppTests.HTTPMessageServiceTests testHistoryDecodesBackendObjectResponse]' passed (0.001 seconds).
Test Case '-[ChatAppTests.HTTPMessageServiceTests testHistoryDecodesMessageRecords]' started.
Test Case '-[ChatAppTests.HTTPMessageServiceTests testHistoryDecodesMessageRecords]' passed (0.000 seconds).
Test Case '-[ChatAppTests.HTTPMessageServiceTests testInboxGetsSinceCursorWithBearerTokenAndDecodesPage]' started.
Test Case '-[ChatAppTests.HTTPMessageServiceTests testInboxGetsSinceCursorWithBearerTokenAndDecodesPage]' passed (0.000 seconds).
Test Case '-[ChatAppTests.HTTPMessageServiceTests testLiveMessagesYieldsSSERecordsAndCompletes]' started.
Test Case '-[ChatAppTests.HTTPMessageServiceTests testLiveMessagesYieldsSSERecordsAndCompletes]' passed (0.001 seconds).
Test Case '-[ChatAppTests.HTTPMessageServiceTests testParseSSEEventDecodesDataLineAndIgnoresOtherLines]' started.
Test Case '-[ChatAppTests.HTTPMessageServiceTests testParseSSEEventDecodesDataLineAndIgnoresOtherLines]' passed (0.000 seconds).
Test Case '-[ChatAppTests.HTTPMessageServiceTests testPublishPrekeyPutsSignedPrekeyWithBearerToken]' started.
Test Case '-[ChatAppTests.HTTPMessageServiceTests testPublishPrekeyPutsSignedPrekeyWithBearerToken]' passed (0.000 seconds).
Test Case '-[ChatAppTests.HTTPMessageServiceTests testSendMapsRecipientNotFoundAndFailure]' started.
Test Case '-[ChatAppTests.HTTPMessageServiceTests testSendMapsRecipientNotFoundAndFailure]' passed (0.001 seconds).
Test Case '-[ChatAppTests.HTTPMessageServiceTests testSendPostsCiphertextOnlyWithBearerToken]' started.
Test Case '-[ChatAppTests.HTTPMessageServiceTests testSendPostsCiphertextOnlyWithBearerToken]' passed (0.001 seconds).
Test Suite 'HTTPMessageServiceTests' passed at 2026-06-05 22:02:30.120.
	 Executed 9 tests, with 0 failures (0 unexpected) in 0.005 (0.005) seconds
Test Suite 'IdentityKeychainTests' started at 2026-06-05 22:02:30.120.
Test Case '-[ChatAppTests.IdentityKeychainTests testDeletingKeychainItemMakesIdentityUnrecoverable]' started.
Test Case '-[ChatAppTests.IdentityKeychainTests testDeletingKeychainItemMakesIdentityUnrecoverable]' passed (0.028 seconds).
Test Case '-[ChatAppTests.IdentityKeychainTests testIdentityExposesNoRawPrivateBytes]' started.
Test Case '-[ChatAppTests.IdentityKeychainTests testIdentityExposesNoRawPrivateBytes]' passed (0.002 seconds).
Test Case '-[ChatAppTests.IdentityKeychainTests testIdentityRoundTripsThroughKeychainWithStablePublicKey]' started.
Test Case '-[ChatAppTests.IdentityKeychainTests testIdentityRoundTripsThroughKeychainWithStablePublicKey]' passed (0.015 seconds).
Test Case '-[ChatAppTests.IdentityKeychainTests testPrivateKeyIsReachableViaKeychainAPI]' started.
Test Case '-[ChatAppTests.IdentityKeychainTests testPrivateKeyIsReachableViaKeychainAPI]' passed (0.016 seconds).
Test Suite 'IdentityKeychainTests' passed at 2026-06-05 22:02:30.182.
	 Executed 4 tests, with 0 failures (0 unexpected) in 0.061 (0.061) seconds
Test Suite 'LiveAttachmentE2ETests' started at 2026-06-05 22:02:30.182.
Test Case '-[ChatAppTests.LiveAttachmentE2ETests testAlreadySubscribedRecipientReceivesLiveAttachmentsAndWritesByteIdenticalDownloads]' started.
/Users/ngthluu/choscor/test-chat-app/.agentloop/worktrees/task-fix-task9-verify-b3/mac-app/Tests/ChatAppTests/LiveAttachmentE2ETests.swift:128: -[ChatAppTests.LiveAttachmentE2ETests testAlreadySubscribedRecipientReceivesLiveAttachmentsAndWritesByteIdenticalDownloads] : Test skipped - CHATAPP_LIVE_BACKEND_URL is not set
Test Case '-[ChatAppTests.LiveAttachmentE2ETests testAlreadySubscribedRecipientReceivesLiveAttachmentsAndWritesByteIdenticalDownloads]' skipped (0.001 seconds).
Test Case '-[ChatAppTests.LiveAttachmentE2ETests testLiveAttachmentDMAndGroupRoundTripStoresOnlyCiphertext]' started.
/Users/ngthluu/choscor/test-chat-app/.agentloop/worktrees/task-fix-task9-verify-b3/mac-app/Tests/ChatAppTests/LiveAttachmentE2ETests.swift:23: -[ChatAppTests.LiveAttachmentE2ETests testLiveAttachmentDMAndGroupRoundTripStoresOnlyCiphertext] : Test skipped - CHATAPP_LIVE_BACKEND_URL is not set
Test Case '-[ChatAppTests.LiveAttachmentE2ETests testLiveAttachmentDMAndGroupRoundTripStoresOnlyCiphertext]' skipped (0.000 seconds).
Test Suite 'LiveAttachmentE2ETests' passed at 2026-06-05 22:02:30.183.
	 Executed 2 tests, with 2 tests skipped and 0 failures (0 unexpected) in 0.001 (0.002) seconds
Test Suite 'LiveAuthE2ETests' started at 2026-06-05 22:02:30.183.
Test Case '-[ChatAppTests.LiveAuthE2ETests testLivePasswordFreeAuthRoundTripAndRejectsCorruptedSignature]' started.
/Users/ngthluu/choscor/test-chat-app/.agentloop/worktrees/task-fix-task9-verify-b3/mac-app/Tests/ChatAppTests/LiveAuthE2ETests.swift:9: -[ChatAppTests.LiveAuthE2ETests testLivePasswordFreeAuthRoundTripAndRejectsCorruptedSignature] : Test skipped - CHATAPP_LIVE_BACKEND_URL is not set
Test Case '-[ChatAppTests.LiveAuthE2ETests testLivePasswordFreeAuthRoundTripAndRejectsCorruptedSignature]' skipped (0.000 seconds).
Test Suite 'LiveAuthE2ETests' passed at 2026-06-05 22:02:30.184.
	 Executed 1 test, with 1 test skipped and 0 failures (0 unexpected) in 0.000 (0.000) seconds
Test Suite 'LiveConversationsE2ETests' started at 2026-06-05 22:02:30.184.
Test Case '-[ChatAppTests.LiveConversationsE2ETests testLiveConversationListOrderingAndHistory]' started.
/Users/ngthluu/choscor/test-chat-app/.agentloop/worktrees/task-fix-task9-verify-b3/mac-app/Tests/ChatAppTests/LiveConversationsE2ETests.swift:9: -[ChatAppTests.LiveConversationsE2ETests testLiveConversationListOrderingAndHistory] : Test skipped - CHATAPP_LIVE_BACKEND_URL is not set
Test Case '-[ChatAppTests.LiveConversationsE2ETests testLiveConversationListOrderingAndHistory]' skipped (0.000 seconds).
Test Suite 'LiveConversationsE2ETests' passed at 2026-06-05 22:02:30.184.
	 Executed 1 test, with 1 test skipped and 0 failures (0 unexpected) in 0.000 (0.000) seconds
Test Suite 'LiveDME2ETests' started at 2026-06-05 22:02:30.184.
Test Case '-[ChatAppTests.LiveDME2ETests testLiveEncryptedDirectMessageRoundTripStoresOnlyCiphertext]' started.
/Users/ngthluu/choscor/test-chat-app/.agentloop/worktrees/task-fix-task9-verify-b3/mac-app/Tests/ChatAppTests/LiveDME2ETests.swift:9: -[ChatAppTests.LiveDME2ETests testLiveEncryptedDirectMessageRoundTripStoresOnlyCiphertext] : Test skipped - CHATAPP_LIVE_BACKEND_URL is not set
Test Case '-[ChatAppTests.LiveDME2ETests testLiveEncryptedDirectMessageRoundTripStoresOnlyCiphertext]' skipped (0.000 seconds).
Test Suite 'LiveDME2ETests' passed at 2026-06-05 22:02:30.185.
	 Executed 1 test, with 1 test skipped and 0 failures (0 unexpected) in 0.000 (0.000) seconds
Test Suite 'LiveEmojiDME2ETests' started at 2026-06-05 22:02:30.185.
Test Case '-[ChatAppTests.LiveEmojiDME2ETests testLiveEmojiOnlyDirectMessageRoundTripRendersForRecipient]' started.
/Users/ngthluu/choscor/test-chat-app/.agentloop/worktrees/task-fix-task9-verify-b3/mac-app/Tests/ChatAppTests/LiveEmojiDME2ETests.swift:9: -[ChatAppTests.LiveEmojiDME2ETests testLiveEmojiOnlyDirectMessageRoundTripRendersForRecipient] : Test skipped - CHATAPP_LIVE_BACKEND_URL is not set
Test Case '-[ChatAppTests.LiveEmojiDME2ETests testLiveEmojiOnlyDirectMessageRoundTripRendersForRecipient]' skipped (0.000 seconds).
Test Suite 'LiveEmojiDME2ETests' passed at 2026-06-05 22:02:30.185.
	 Executed 1 test, with 1 test skipped and 0 failures (0 unexpected) in 0.000 (0.000) seconds
Test Suite 'LiveGroupE2ETests' started at 2026-06-05 22:02:30.185.
Test Case '-[ChatAppTests.LiveGroupE2ETests testLiveCoordinatorCreatesGroupAndPeerReceivesDecryptedMessage]' started.
/Users/ngthluu/choscor/test-chat-app/.agentloop/worktrees/task-fix-task9-verify-b3/mac-app/Tests/ChatAppTests/LiveGroupE2ETests.swift:18: -[ChatAppTests.LiveGroupE2ETests testLiveCoordinatorCreatesGroupAndPeerReceivesDecryptedMessage] : Test skipped - CHATAPP_LIVE_BACKEND_URL is not set
Test Case '-[ChatAppTests.LiveGroupE2ETests testLiveCoordinatorCreatesGroupAndPeerReceivesDecryptedMessage]' skipped (0.000 seconds).
Test Case '-[ChatAppTests.LiveGroupE2ETests testLiveEncryptedGroupMessageRoundTripAndLateMemberCannotReadPriorMessages]' started.
/Users/ngthluu/choscor/test-chat-app/.agentloop/worktrees/task-fix-task9-verify-b3/mac-app/Tests/ChatAppTests/LiveGroupE2ETests.swift:235: -[ChatAppTests.LiveGroupE2ETests testLiveEncryptedGroupMessageRoundTripAndLateMemberCannotReadPriorMessages] : Test skipped - CHATAPP_LIVE_BACKEND_URL is not set
Test Case '-[ChatAppTests.LiveGroupE2ETests testLiveEncryptedGroupMessageRoundTripAndLateMemberCannotReadPriorMessages]' skipped (0.000 seconds).
Test Case '-[ChatAppTests.LiveGroupE2ETests testLiveGroupAllThreeMembersSendAndReceiveThroughCoordinators]' started.
/Users/ngthluu/choscor/test-chat-app/.agentloop/worktrees/task-fix-task9-verify-b3/mac-app/Tests/ChatAppTests/LiveGroupE2ETests.swift:68: -[ChatAppTests.LiveGroupE2ETests testLiveGroupAllThreeMembersSendAndReceiveThroughCoordinators] : Test skipped - CHATAPP_LIVE_BACKEND_URL is not set
Test Case '-[ChatAppTests.LiveGroupE2ETests testLiveGroupAllThreeMembersSendAndReceiveThroughCoordinators]' skipped (0.001 seconds).
Test Case '-[ChatAppTests.LiveGroupE2ETests testLiveGroupExistingMembersKeepReceivingAfterAddWhileNewMemberExcluded]' started.
/Users/ngthluu/choscor/test-chat-app/.agentloop/worktrees/task-fix-task9-verify-b3/mac-app/Tests/ChatAppTests/LiveGroupE2ETests.swift:135: -[ChatAppTests.LiveGroupE2ETests testLiveGroupExistingMembersKeepReceivingAfterAddWhileNewMemberExcluded] : Test skipped - CHATAPP_LIVE_BACKEND_URL is not set
Test Case '-[ChatAppTests.LiveGroupE2ETests testLiveGroupExistingMembersKeepReceivingAfterAddWhileNewMemberExcluded]' skipped (0.000 seconds).
Test Suite 'LiveGroupE2ETests' passed at 2026-06-05 22:02:30.187.
	 Executed 4 tests, with 4 tests skipped and 0 failures (0 unexpected) in 0.002 (0.002) seconds
Test Suite 'LiveOfflineDeliveryE2ETests' started at 2026-06-05 22:02:30.187.
Test Case '-[ChatAppTests.LiveOfflineDeliveryE2ETests testOfflineRecipientReceivesQueuedMessagesInOrderAndRestartReloadsHistory]' started.
/Users/ngthluu/choscor/test-chat-app/.agentloop/worktrees/task-fix-task9-verify-b3/mac-app/Tests/ChatAppTests/LiveOfflineDeliveryE2ETests.swift:23: -[ChatAppTests.LiveOfflineDeliveryE2ETests testOfflineRecipientReceivesQueuedMessagesInOrderAndRestartReloadsHistory] : Test skipped - CHATAPP_LIVE_BACKEND_URL is not set
Test Case '-[ChatAppTests.LiveOfflineDeliveryE2ETests testOfflineRecipientReceivesQueuedMessagesInOrderAndRestartReloadsHistory]' skipped (0.000 seconds).
Test Suite 'LiveOfflineDeliveryE2ETests' passed at 2026-06-05 22:02:30.188.
	 Executed 1 test, with 1 test skipped and 0 failures (0 unexpected) in 0.000 (0.000) seconds
Test Suite 'LiveRegistrationE2ETests' started at 2026-06-05 22:02:30.188.
Test Case '-[ChatAppTests.LiveRegistrationE2ETests testLiveRegistrationPersistsAccountAndDuplicateShowsTakenError]' started.
/Users/ngthluu/choscor/test-chat-app/.agentloop/worktrees/task-fix-task9-verify-b3/mac-app/Tests/ChatAppTests/LiveRegistrationE2ETests.swift:9: -[ChatAppTests.LiveRegistrationE2ETests testLiveRegistrationPersistsAccountAndDuplicateShowsTakenError] : Test skipped - CHATAPP_LIVE_BACKEND_URL is not set
Test Case '-[ChatAppTests.LiveRegistrationE2ETests testLiveRegistrationPersistsAccountAndDuplicateShowsTakenError]' skipped (0.000 seconds).
Test Suite 'LiveRegistrationE2ETests' passed at 2026-06-05 22:02:30.188.
	 Executed 1 test, with 1 test skipped and 0 failures (0 unexpected) in 0.000 (0.000) seconds
Test Suite 'LocalAccountStoreTests' started at 2026-06-05 22:02:30.188.
Test Case '-[ChatAppTests.LocalAccountStoreTests testAccountFileContainsOnlyPublicAccountMaterial]' started.
Test Case '-[ChatAppTests.LocalAccountStoreTests testAccountFileContainsOnlyPublicAccountMaterial]' passed (0.002 seconds).
Test Case '-[ChatAppTests.LocalAccountStoreTests testClearRemovesPersistedAccount]' started.
Test Case '-[ChatAppTests.LocalAccountStoreTests testClearRemovesPersistedAccount]' passed (0.001 seconds).
Test Case '-[ChatAppTests.LocalAccountStoreTests testFreshStoreInSameDirectoryLoadsPersistedAccount]' started.
Test Case '-[ChatAppTests.LocalAccountStoreTests testFreshStoreInSameDirectoryLoadsPersistedAccount]' passed (0.001 seconds).
Test Case '-[ChatAppTests.LocalAccountStoreTests testSaveRoundTripsCurrentAccountAndHasAccount]' started.
Test Case '-[ChatAppTests.LocalAccountStoreTests testSaveRoundTripsCurrentAccountAndHasAccount]' passed (0.000 seconds).
Test Suite 'LocalAccountStoreTests' passed at 2026-06-05 22:02:30.192.
	 Executed 4 tests, with 0 failures (0 unexpected) in 0.004 (0.004) seconds
Test Suite 'MessageComposerModelTests' started at 2026-06-05 22:02:30.192.
Test Case '-[ChatAppTests.MessageComposerModelTests testCanSendUsesTrimmedDraftRule]' started.
Test Case '-[ChatAppTests.MessageComposerModelTests testCanSendUsesTrimmedDraftRule]' passed (0.000 seconds).
Test Case '-[ChatAppTests.MessageComposerModelTests testFilteredEmojisUsesSearchWhenQueryIsNonEmpty]' started.
Test Case '-[ChatAppTests.MessageComposerModelTests testFilteredEmojisUsesSearchWhenQueryIsNonEmpty]' passed (0.000 seconds).
Test Case '-[ChatAppTests.MessageComposerModelTests testFilteredEmojisUsesSelectedCategoryWhenQueryIsEmpty]' started.
Test Case '-[ChatAppTests.MessageComposerModelTests testFilteredEmojisUsesSelectedCategoryWhenQueryIsEmpty]' passed (0.000 seconds).
Test Case '-[ChatAppTests.MessageComposerModelTests testInsertEmojiAtCaretAdvancesCaretAndDismissesPicker]' started.
Test Case '-[ChatAppTests.MessageComposerModelTests testInsertEmojiAtCaretAdvancesCaretAndDismissesPicker]' passed (0.000 seconds).
Test Case '-[ChatAppTests.MessageComposerModelTests testPickerPresentationMethodsUpdateState]' started.
Test Case '-[ChatAppTests.MessageComposerModelTests testPickerPresentationMethodsUpdateState]' passed (0.000 seconds).
Test Case '-[ChatAppTests.MessageComposerModelTests testResetClearsDraftAndCaret]' started.
Test Case '-[ChatAppTests.MessageComposerModelTests testResetClearsDraftAndCaret]' passed (0.000 seconds).
Test Case '-[ChatAppTests.MessageComposerModelTests testSequentialInsertsPreserveOrder]' started.
Test Case '-[ChatAppTests.MessageComposerModelTests testSequentialInsertsPreserveOrder]' passed (0.000 seconds).
Test Suite 'MessageComposerModelTests' passed at 2026-06-05 22:02:30.193.
	 Executed 7 tests, with 0 failures (0 unexpected) in 0.001 (0.001) seconds
Test Suite 'MessageCryptoTests' started at 2026-06-05 22:02:30.193.
Test Case '-[ChatAppTests.MessageCryptoTests testEncryptDecryptRoundTripsToExactPlaintext]' started.
Test Case '-[ChatAppTests.MessageCryptoTests testEncryptDecryptRoundTripsToExactPlaintext]' passed (0.000 seconds).
Test Case '-[ChatAppTests.MessageCryptoTests testEnvelopeBytesDoNotContainPlaintext]' started.
Test Case '-[ChatAppTests.MessageCryptoTests testEnvelopeBytesDoNotContainPlaintext]' passed (0.000 seconds).
Test Case '-[ChatAppTests.MessageCryptoTests testPrekeySignatureVerifiesAndRejectsTampering]' started.
Test Case '-[ChatAppTests.MessageCryptoTests testPrekeySignatureVerifiesAndRejectsTampering]' passed (0.000 seconds).
Test Case '-[ChatAppTests.MessageCryptoTests testSamePlaintextEncryptsToDifferentEnvelopes]' started.
Test Case '-[ChatAppTests.MessageCryptoTests testSamePlaintextEncryptsToDifferentEnvelopes]' passed (0.000 seconds).
Test Case '-[ChatAppTests.MessageCryptoTests testTamperedEnvelopeThrows]' started.
Test Case '-[ChatAppTests.MessageCryptoTests testTamperedEnvelopeThrows]' passed (0.000 seconds).
Test Case '-[ChatAppTests.MessageCryptoTests testThirdPartyCannotDecrypt]' started.
Test Case '-[ChatAppTests.MessageCryptoTests testThirdPartyCannotDecrypt]' passed (0.000 seconds).
Test Suite 'MessageCryptoTests' passed at 2026-06-05 22:02:30.194.
	 Executed 6 tests, with 0 failures (0 unexpected) in 0.001 (0.001) seconds
Test Suite 'MessageEnvelopeTests' started at 2026-06-05 22:02:30.195.
Test Case '-[ChatAppTests.MessageEnvelopeTests testEncodedPayloadsContainNoPlaintextBodyOrTextFields]' started.
Test Case '-[ChatAppTests.MessageEnvelopeTests testEncodedPayloadsContainNoPlaintextBodyOrTextFields]' passed (0.000 seconds).
Test Case '-[ChatAppTests.MessageEnvelopeTests testMessageRecordDecodesSnakeCaseFields]' started.
Test Case '-[ChatAppTests.MessageEnvelopeTests testMessageRecordDecodesSnakeCaseFields]' passed (0.000 seconds).
Test Case '-[ChatAppTests.MessageEnvelopeTests testPrekeyResponseDecodesSnakeCaseFields]' started.
Test Case '-[ChatAppTests.MessageEnvelopeTests testPrekeyResponseDecodesSnakeCaseFields]' passed (0.000 seconds).
Test Case '-[ChatAppTests.MessageEnvelopeTests testPublishPrekeyRequestEncodesExactSnakeCaseKeys]' started.
Test Case '-[ChatAppTests.MessageEnvelopeTests testPublishPrekeyRequestEncodesExactSnakeCaseKeys]' passed (0.000 seconds).
Test Case '-[ChatAppTests.MessageEnvelopeTests testSendMessageRequestEncodesExactCiphertextKeys]' started.
Test Case '-[ChatAppTests.MessageEnvelopeTests testSendMessageRequestEncodesExactCiphertextKeys]' passed (0.000 seconds).
Test Case '-[ChatAppTests.MessageEnvelopeTests testSendMessageResponseDecodesSnakeCaseFields]' started.
Test Case '-[ChatAppTests.MessageEnvelopeTests testSendMessageResponseDecodesSnakeCaseFields]' passed (0.000 seconds).
Test Suite 'MessageEnvelopeTests' passed at 2026-06-05 22:02:30.195.
	 Executed 6 tests, with 0 failures (0 unexpected) in 0.001 (0.001) seconds
Test Suite 'RegisterPayloadTests' started at 2026-06-05 22:02:30.195.
Test Case '-[ChatAppTests.RegisterPayloadTests testEncodesExactlyUsernameAndIdentityPublicKey]' started.
Test Case '-[ChatAppTests.RegisterPayloadTests testEncodesExactlyUsernameAndIdentityPublicKey]' passed (0.000 seconds).
Test Suite 'RegisterPayloadTests' passed at 2026-06-05 22:02:30.195.
	 Executed 1 test, with 0 failures (0 unexpected) in 0.000 (0.000) seconds
Test Suite 'RegistrationCoordinatorTests' started at 2026-06-05 22:02:30.195.
Test Case '-[ChatAppTests.RegistrationCoordinatorTests testExistingAccountMarksCoordinatorRegisteredAtInit]' started.
Test Case '-[ChatAppTests.RegistrationCoordinatorTests testExistingAccountMarksCoordinatorRegisteredAtInit]' passed (0.001 seconds).
Test Case '-[ChatAppTests.RegistrationCoordinatorTests testSuccessfulRegistrationPersistsAccountAndMarksRegistered]' started.
Test Case '-[ChatAppTests.RegistrationCoordinatorTests testSuccessfulRegistrationPersistsAccountAndMarksRegistered]' passed (0.001 seconds).
Test Case '-[ChatAppTests.RegistrationCoordinatorTests testUsernameTakenShowsClearErrorAndDoesNotPersistAccount]' started.
Test Case '-[ChatAppTests.RegistrationCoordinatorTests testUsernameTakenShowsClearErrorAndDoesNotPersistAccount]' passed (0.001 seconds).
Test Suite 'RegistrationCoordinatorTests' passed at 2026-06-05 22:02:30.198.
	 Executed 3 tests, with 0 failures (0 unexpected) in 0.003 (0.003) seconds
Test Suite 'RegistrationServiceCaptureTests' started at 2026-06-05 22:02:30.198.
Test Case '-[ChatAppTests.RegistrationServiceCaptureTests testHTTPClientMapsBadRequestToInvalid]' started.
Test Case '-[ChatAppTests.RegistrationServiceCaptureTests testHTTPClientMapsBadRequestToInvalid]' passed (0.001 seconds).
Test Case '-[ChatAppTests.RegistrationServiceCaptureTests testHTTPClientMapsConflictToUsernameTaken]' started.
Test Case '-[ChatAppTests.RegistrationServiceCaptureTests testHTTPClientMapsConflictToUsernameTaken]' passed (0.000 seconds).
Test Case '-[ChatAppTests.RegistrationServiceCaptureTests testHTTPClientTransmitsExactlyTwoFieldRegisterPayload]' started.
Test Case '-[ChatAppTests.RegistrationServiceCaptureTests testHTTPClientTransmitsExactlyTwoFieldRegisterPayload]' passed (0.001 seconds).
Test Suite 'RegistrationServiceCaptureTests' passed at 2026-06-05 22:02:30.200.
	 Executed 3 tests, with 0 failures (0 unexpected) in 0.002 (0.002) seconds
Test Suite 'RootViewTests' started at 2026-06-05 22:02:30.200.
Test Case '-[ChatAppTests.RootViewTests testResolvedScreenIsMainWhenAccountExists]' started.
Test Case '-[ChatAppTests.RootViewTests testResolvedScreenIsMainWhenAccountExists]' passed (0.000 seconds).
Test Case '-[ChatAppTests.RootViewTests testResolvedScreenIsRegistrationWhenNoAccountExists]' started.
Test Case '-[ChatAppTests.RootViewTests testResolvedScreenIsRegistrationWhenNoAccountExists]' passed (0.000 seconds).
Test Suite 'RootViewTests' passed at 2026-06-05 22:02:30.201.
	 Executed 2 tests, with 0 failures (0 unexpected) in 0.000 (0.000) seconds
Test Suite 'SessionStoreTests' started at 2026-06-05 22:02:30.201.
Test Case '-[ChatAppTests.SessionStoreTests testClearRemovesTokenForFreshSessionStore]' started.
Test Case '-[ChatAppTests.SessionStoreTests testClearRemovesTokenForFreshSessionStore]' passed (0.016 seconds).
Test Case '-[ChatAppTests.SessionStoreTests testFreshSessionStoreLoadsPersistedTokenFromSameKeychainAccount]' started.
Test Case '-[ChatAppTests.SessionStoreTests testFreshSessionStoreLoadsPersistedTokenFromSameKeychainAccount]' passed (0.014 seconds).
Test Case '-[ChatAppTests.SessionStoreTests testSessionTokenRoundTripsThroughKeychainAndCanBeCleared]' started.
Test Case '-[ChatAppTests.SessionStoreTests testSessionTokenRoundTripsThroughKeychainAndCanBeCleared]' passed (0.016 seconds).
Test Suite 'SessionStoreTests' passed at 2026-06-05 22:02:30.248.
	 Executed 3 tests, with 0 failures (0 unexpected) in 0.047 (0.047) seconds
Test Suite 'SyncCursorStoreTests' started at 2026-06-05 22:02:30.248.
Test Case '-[ChatAppTests.SyncCursorStoreTests testRoundTripsLastInboxSeqPerUserId]' started.
Test Case '-[ChatAppTests.SyncCursorStoreTests testRoundTripsLastInboxSeqPerUserId]' passed (0.001 seconds).
Test Case '-[ChatAppTests.SyncCursorStoreTests testUnknownUserDefaultsToZero]' started.
Test Case '-[ChatAppTests.SyncCursorStoreTests testUnknownUserDefaultsToZero]' passed (0.001 seconds).
Test Suite 'SyncCursorStoreTests' passed at 2026-06-05 22:02:30.249.
	 Executed 2 tests, with 0 failures (0 unexpected) in 0.002 (0.002) seconds
Test Suite 'X25519KeyManagerTests' started at 2026-06-05 22:02:30.249.
Test Case '-[ChatAppTests.X25519KeyManagerTests testLoadReturnsNilBeforeCreate]' started.
Test Case '-[ChatAppTests.X25519KeyManagerTests testLoadReturnsNilBeforeCreate]' passed (0.001 seconds).
Test Case '-[ChatAppTests.X25519KeyManagerTests testX25519KeyRoundTripsThroughDistinctKeychainAccount]' started.
Test Case '-[ChatAppTests.X25519KeyManagerTests testX25519KeyRoundTripsThroughDistinctKeychainAccount]' passed (0.016 seconds).
Test Suite 'X25519KeyManagerTests' passed at 2026-06-05 22:02:30.266.
	 Executed 2 tests, with 0 failures (0 unexpected) in 0.017 (0.017) seconds
Test Suite 'ChatAppPackageTests.xctest' passed at 2026-06-05 22:02:30.266.
	 Executed 185 tests, with 12 tests skipped and 0 failures (0 unexpected) in 2.903 (2.915) seconds
Test Suite 'All tests' passed at 2026-06-05 22:02:30.267.
	 Executed 185 tests, with 12 tests skipped and 0 failures (0 unexpected) in 2.903 (2.916) seconds
􀟈  Test run started.
􀄵  Testing Library Version: 1902
􀄵  Target Platform: arm64e-apple-macos14.0
􁁛  Test run with 0 tests in 0 suites passed after 0.001 seconds.
task-1a verify: running non-fatal launch smoke check
launch_smoke: starting ChatApp
launch_smoke: PASS - ChatApp started at registration entry point (default no-account route)
task-1a verify: launch smoke completed
task-1a verify: PASS
verify: RUN (task-1b)
task-1b verify: building ChatApp
[0/1] Planning build
Building for debugging...
[0/3] Write swift-version--58304C5D6DBC2206.txt
Build complete! (0.14s)
task-1b verify: running identity tests
[0/1] Planning build
Building for debugging...
[0/4] Write swift-version--58304C5D6DBC2206.txt
Build complete! (0.12s)
Test Suite 'All tests' started at 2026-06-05 22:02:36.867.
Test Suite 'ChatAppPackageTests.xctest' started at 2026-06-05 22:02:36.867.
Test Suite 'AppRouterTests' started at 2026-06-05 22:02:36.867.
Test Case '-[ChatAppTests.AppRouterTests testResolveReturnsMainWhenAccountExists]' started.
Test Case '-[ChatAppTests.AppRouterTests testResolveReturnsMainWhenAccountExists]' passed (0.000 seconds).
Test Case '-[ChatAppTests.AppRouterTests testResolveReturnsRegistrationWhenNoAccountExists]' started.
Test Case '-[ChatAppTests.AppRouterTests testResolveReturnsRegistrationWhenNoAccountExists]' passed (0.000 seconds).
Test Suite 'AppRouterTests' passed at 2026-06-05 22:02:36.868.
	 Executed 2 tests, with 0 failures (0 unexpected) in 0.000 (0.001) seconds
Test Suite 'AttachmentDescriptorTests' started at 2026-06-05 22:02:36.868.
Test Case '-[ChatAppTests.AttachmentDescriptorTests testDescriptorRoundTripsAndUsesSnakeCaseKeys]' started.
Test Case '-[ChatAppTests.AttachmentDescriptorTests testDescriptorRoundTripsAndUsesSnakeCaseKeys]' passed (0.000 seconds).
Test Case '-[ChatAppTests.AttachmentDescriptorTests testJSONWithoutAttachmentMarkerIsNotMisdetected]' started.
Test Case '-[ChatAppTests.AttachmentDescriptorTests testJSONWithoutAttachmentMarkerIsNotMisdetected]' passed (0.000 seconds).
Test Case '-[ChatAppTests.AttachmentDescriptorTests testJSONWithWrongMarkerIsNotMisdetected]' started.
Test Case '-[ChatAppTests.AttachmentDescriptorTests testJSONWithWrongMarkerIsNotMisdetected]' passed (0.000 seconds).
Test Case '-[ChatAppTests.AttachmentDescriptorTests testPlainTextIsNotMisdetected]' started.
Test Case '-[ChatAppTests.AttachmentDescriptorTests testPlainTextIsNotMisdetected]' passed (0.000 seconds).
Test Suite 'AttachmentDescriptorTests' passed at 2026-06-05 22:02:36.869.
	 Executed 4 tests, with 0 failures (0 unexpected) in 0.001 (0.001) seconds
Test Suite 'AuthCoordinatorTests' started at 2026-06-05 22:02:36.869.
Test Case '-[ChatAppTests.AuthCoordinatorTests testExistingSessionTokenMarksAuthenticatedAtInit]' started.
Test Case '-[ChatAppTests.AuthCoordinatorTests testExistingSessionTokenMarksAuthenticatedAtInit]' passed (0.019 seconds).
Test Case '-[ChatAppTests.AuthCoordinatorTests testRejectedProofLeavesUnauthenticatedShowsStatusAndStoresNoToken]' started.
Test Case '-[ChatAppTests.AuthCoordinatorTests testRejectedProofLeavesUnauthenticatedShowsStatusAndStoresNoToken]' passed (0.002 seconds).
Test Case '-[ChatAppTests.AuthCoordinatorTests testSignOutClearsSessionTokenAndMarksUnauthenticated]' started.
Test Case '-[ChatAppTests.AuthCoordinatorTests testSignOutClearsSessionTokenAndMarksUnauthenticated]' passed (0.013 seconds).
Test Case '-[ChatAppTests.AuthCoordinatorTests testSuccessfulSignInSignsChallengePersistsTokenAndMarksAuthenticated]' started.
Test Case '-[ChatAppTests.AuthCoordinatorTests testSuccessfulSignInSignsChallengePersistsTokenAndMarksAuthenticated]' passed (0.012 seconds).
Test Suite 'AuthCoordinatorTests' passed at 2026-06-05 22:02:36.916.
	 Executed 4 tests, with 0 failures (0 unexpected) in 0.047 (0.047) seconds
Test Suite 'AuthPayloadsTests' started at 2026-06-05 22:02:36.916.
Test Case '-[ChatAppTests.AuthPayloadsTests testChallengeRequestEncodesExactlyUsername]' started.
Test Case '-[ChatAppTests.AuthPayloadsTests testChallengeRequestEncodesExactlyUsername]' passed (0.000 seconds).
Test Case '-[ChatAppTests.AuthPayloadsTests testResponsesDecodeSnakeCaseFields]' started.
Test Case '-[ChatAppTests.AuthPayloadsTests testResponsesDecodeSnakeCaseFields]' passed (0.000 seconds).
Test Case '-[ChatAppTests.AuthPayloadsTests testVerifyRequestEncodesExactlyChallengeIdAndSignature]' started.
Test Case '-[ChatAppTests.AuthPayloadsTests testVerifyRequestEncodesExactlyChallengeIdAndSignature]' passed (0.000 seconds).
Test Suite 'AuthPayloadsTests' passed at 2026-06-05 22:02:36.917.
	 Executed 3 tests, with 0 failures (0 unexpected) in 0.000 (0.001) seconds
Test Suite 'ChatAppTests' started at 2026-06-05 22:02:36.917.
Test Case '-[ChatAppTests.ChatAppTests testPackageTestTargetBuilds]' started.
Test Case '-[ChatAppTests.ChatAppTests testPackageTestTargetBuilds]' passed (0.000 seconds).
Test Suite 'ChatAppTests' passed at 2026-06-05 22:02:36.917.
	 Executed 1 test, with 0 failures (0 unexpected) in 0.000 (0.000) seconds
Test Suite 'ComposerWiringTests' started at 2026-06-05 22:02:36.917.
Test Case '-[ChatAppTests.ComposerWiringTests testComposerDraftIsSentThenReset]' started.
Test Case '-[ChatAppTests.ComposerWiringTests testComposerDraftIsSentThenReset]' passed (0.000 seconds).
Test Case '-[ChatAppTests.ComposerWiringTests testEmojiPickerViewCanBeConstructedWithShippedModel]' started.
Test Case '-[ChatAppTests.ComposerWiringTests testEmojiPickerViewCanBeConstructedWithShippedModel]' passed (0.000 seconds).
Test Suite 'ComposerWiringTests' passed at 2026-06-05 22:02:36.917.
	 Executed 2 tests, with 0 failures (0 unexpected) in 0.000 (0.000) seconds
Test Suite 'ConversationListModelTests' started at 2026-06-05 22:02:36.917.
Test Case '-[ChatAppTests.ConversationListModelTests testConversationListContainsAndEmptyUpsertRoundTrip]' started.
Test Case '-[ChatAppTests.ConversationListModelTests testConversationListContainsAndEmptyUpsertRoundTrip]' passed (0.000 seconds).
Test Case '-[ChatAppTests.ConversationListModelTests testPeerIdReturnsOtherPartyForInboundAndOutboundRecords]' started.
Test Case '-[ChatAppTests.ConversationListModelTests testPeerIdReturnsOtherPartyForInboundAndOutboundRecords]' passed (0.000 seconds).
Test Case '-[ChatAppTests.ConversationListModelTests testSortedOrdersMostRecentFirstAndTiesByUsername]' started.
Test Case '-[ChatAppTests.ConversationListModelTests testSortedOrdersMostRecentFirstAndTiesByUsername]' passed (0.000 seconds).
Test Case '-[ChatAppTests.ConversationListModelTests testUpsertInsertsBumpsToNewerActivityAndNeverRegresses]' started.
Test Case '-[ChatAppTests.ConversationListModelTests testUpsertInsertsBumpsToNewerActivityAndNeverRegresses]' passed (0.000 seconds).
Test Suite 'ConversationListModelTests' passed at 2026-06-05 22:02:36.917.
	 Executed 4 tests, with 0 failures (0 unexpected) in 0.000 (0.000) seconds
Test Suite 'ConversationListStoreTests' started at 2026-06-05 22:02:36.917.
Test Case '-[ChatAppTests.ConversationListStoreTests testHandleLiveRecordForKnownPeerBumpsAndDoesNotFetchAgain]' started.
Test Case '-[ChatAppTests.ConversationListStoreTests testHandleLiveRecordForKnownPeerBumpsAndDoesNotFetchAgain]' passed (0.013 seconds).
Test Case '-[ChatAppTests.ConversationListStoreTests testHandleLiveRecordForUnknownPeerRefreshesOnce]' started.
Test Case '-[ChatAppTests.ConversationListStoreTests testHandleLiveRecordForUnknownPeerRefreshesOnce]' passed (0.014 seconds).
Test Case '-[ChatAppTests.ConversationListStoreTests testHandleLiveRecordUpdatesLastActivityAtOnKnownPeer]' started.
Test Case '-[ChatAppTests.ConversationListStoreTests testHandleLiveRecordUpdatesLastActivityAtOnKnownPeer]' passed (0.012 seconds).
Test Case '-[ChatAppTests.ConversationListStoreTests testRefreshIncludesInboundOnlyPeerReturnedByBackend]' started.
Test Case '-[ChatAppTests.ConversationListStoreTests testRefreshIncludesInboundOnlyPeerReturnedByBackend]' passed (0.014 seconds).
Test Case '-[ChatAppTests.ConversationListStoreTests testRefreshMapsRecordsAndSortsMostRecentFirst]' started.
Test Case '-[ChatAppTests.ConversationListStoreTests testRefreshMapsRecordsAndSortsMostRecentFirst]' passed (0.013 seconds).
Test Case '-[ChatAppTests.ConversationListStoreTests testSelectedPeerUsernameRoundTrips]' started.
Test Case '-[ChatAppTests.ConversationListStoreTests testSelectedPeerUsernameRoundTrips]' passed (0.013 seconds).
Test Case '-[ChatAppTests.ConversationListStoreTests testSubscribeConsumesInjectedLiveStream]' started.
Test Case '-[ChatAppTests.ConversationListStoreTests testSubscribeConsumesInjectedLiveStream]' passed (0.066 seconds).
Test Suite 'ConversationListStoreTests' passed at 2026-06-05 22:02:37.062.
	 Executed 7 tests, with 0 failures (0 unexpected) in 0.144 (0.145) seconds
Test Suite 'ConversationsViewWiringTests' started at 2026-06-05 22:02:37.062.
Test Case '-[ChatAppTests.ConversationsViewWiringTests testLiveRecordBumpsSidebarList]' started.
Test Case '-[ChatAppTests.ConversationsViewWiringTests testLiveRecordBumpsSidebarList]' passed (0.014 seconds).
Test Case '-[ChatAppTests.ConversationsViewWiringTests testSelectingConversationLoadsFullDecryptedHistory]' started.
Test Case '-[ChatAppTests.ConversationsViewWiringTests testSelectingConversationLoadsFullDecryptedHistory]' passed (0.036 seconds).
Test Case '-[ChatAppTests.ConversationsViewWiringTests testSidebarOrdersConversationsMostRecentFirst]' started.
Test Case '-[ChatAppTests.ConversationsViewWiringTests testSidebarOrdersConversationsMostRecentFirst]' passed (0.015 seconds).
Test Case '-[ChatAppTests.ConversationsViewWiringTests testTaskPublishesOwnPrekey]' started.
Test Case '-[ChatAppTests.ConversationsViewWiringTests testTaskPublishesOwnPrekey]' passed (0.027 seconds).
Test Suite 'ConversationsViewWiringTests' passed at 2026-06-05 22:02:37.154.
	 Executed 4 tests, with 0 failures (0 unexpected) in 0.092 (0.092) seconds
Test Suite 'CryptoIdentitySigningTests' started at 2026-06-05 22:02:37.154.
Test Case '-[ChatAppTests.CryptoIdentitySigningTests testSignProducesVerifiableSignatureAndRejectsTamperedMessage]' started.
Test Case '-[ChatAppTests.CryptoIdentitySigningTests testSignProducesVerifiableSignatureAndRejectsTamperedMessage]' passed (0.000 seconds).
Test Suite 'CryptoIdentitySigningTests' passed at 2026-06-05 22:02:37.154.
	 Executed 1 test, with 0 failures (0 unexpected) in 0.000 (0.000) seconds
Test Suite 'DMCoordinatorTests' started at 2026-06-05 22:02:37.154.
Test Case '-[ChatAppTests.DMCoordinatorTests testCancelLiveSubscriptionCancelsWithoutRemovingMessages]' started.
Test Case '-[ChatAppTests.DMCoordinatorTests testCancelLiveSubscriptionCancelsWithoutRemovingMessages]' passed (0.029 seconds).
Test Case '-[ChatAppTests.DMCoordinatorTests testLoadHistoryDecryptsInboundRecordIntoDisplayMessages]' started.
Test Case '-[ChatAppTests.DMCoordinatorTests testLoadHistoryDecryptsInboundRecordIntoDisplayMessages]' passed (0.032 seconds).
Test Case '-[ChatAppTests.DMCoordinatorTests testLoadHistoryDetectsAttachmentDescriptorAndDownloadReturnsOriginalBytes]' started.
Test Case '-[ChatAppTests.DMCoordinatorTests testLoadHistoryDetectsAttachmentDescriptorAndDownloadReturnsOriginalBytes]' passed (0.031 seconds).
Test Case '-[ChatAppTests.DMCoordinatorTests testSendAttachmentUploadsEncryptedBlobAndSendsEncryptedDescriptor]' started.
Test Case '-[ChatAppTests.DMCoordinatorTests testSendAttachmentUploadsEncryptedBlobAndSendsEncryptedDescriptor]' passed (0.030 seconds).
Test Case '-[ChatAppTests.DMCoordinatorTests testSendEncryptsCiphertextAndRecipientCanDecryptIt]' started.
Test Case '-[ChatAppTests.DMCoordinatorTests testSendEncryptsCiphertextAndRecipientCanDecryptIt]' passed (0.029 seconds).
Test Case '-[ChatAppTests.DMCoordinatorTests testStartConversationRejectsPeerWithInvalidPrekeySignature]' started.
Test Case '-[ChatAppTests.DMCoordinatorTests testStartConversationRejectsPeerWithInvalidPrekeySignature]' passed (0.013 seconds).
Test Case '-[ChatAppTests.DMCoordinatorTests testStartConversationShowsUserNotFoundForMissingPeer]' started.
Test Case '-[ChatAppTests.DMCoordinatorTests testStartConversationShowsUserNotFoundForMissingPeer]' passed (0.014 seconds).
Test Case '-[ChatAppTests.DMCoordinatorTests testSubscribeLiveCatchesUpOfflineHistoryInServerOrderAndDedupesSSE]' started.
Test Case '-[ChatAppTests.DMCoordinatorTests testSubscribeLiveCatchesUpOfflineHistoryInServerOrderAndDedupesSSE]' passed (0.035 seconds).
Test Case '-[ChatAppTests.DMCoordinatorTests testSubscribeLiveDecryptsInboundRecordAndDedupesExistingMessages]' started.
Test Case '-[ChatAppTests.DMCoordinatorTests testSubscribeLiveDecryptsInboundRecordAndDedupesExistingMessages]' passed (0.091 seconds).
Test Case '-[ChatAppTests.DMCoordinatorTests testSubscribeLiveDeliversAttachmentDisplayDedupesAndDownloadsOriginalBytes]' started.
Test Case '-[ChatAppTests.DMCoordinatorTests testSubscribeLiveDeliversAttachmentDisplayDedupesAndDownloadsOriginalBytes]' passed (0.192 seconds).
Test Suite 'DMCoordinatorTests' passed at 2026-06-05 22:02:37.650.
	 Executed 10 tests, with 0 failures (0 unexpected) in 0.495 (0.495) seconds
Test Suite 'DraftEditorTests' started at 2026-06-05 22:02:37.650.
Test Case '-[ChatAppTests.DraftEditorTests testCaretAboveLengthClampsToEnd]' started.
Test Case '-[ChatAppTests.DraftEditorTests testCaretAboveLengthClampsToEnd]' passed (0.000 seconds).
Test Case '-[ChatAppTests.DraftEditorTests testCaretBelowZeroClampsToStart]' started.
Test Case '-[ChatAppTests.DraftEditorTests testCaretBelowZeroClampsToStart]' passed (0.000 seconds).
Test Case '-[ChatAppTests.DraftEditorTests testInsertAtEndOfASCIIDraft]' started.
Test Case '-[ChatAppTests.DraftEditorTests testInsertAtEndOfASCIIDraft]' passed (0.000 seconds).
Test Case '-[ChatAppTests.DraftEditorTests testInsertAtMiddleOfASCIIDraft]' started.
Test Case '-[ChatAppTests.DraftEditorTests testInsertAtMiddleOfASCIIDraft]' passed (0.000 seconds).
Test Case '-[ChatAppTests.DraftEditorTests testInsertAtStartOfASCIIDraft]' started.
Test Case '-[ChatAppTests.DraftEditorTests testInsertAtStartOfASCIIDraft]' passed (0.000 seconds).
Test Case '-[ChatAppTests.DraftEditorTests testInsertIntoEmptyDraftYieldsEmojiAndCaretAfterIt]' started.
Test Case '-[ChatAppTests.DraftEditorTests testInsertIntoEmptyDraftYieldsEmojiAndCaretAfterIt]' passed (0.000 seconds).
Test Case '-[ChatAppTests.DraftEditorTests testInsertionInsideExistingEmojiSnapsDownAndDoesNotSplitIt]' started.
Test Case '-[ChatAppTests.DraftEditorTests testInsertionInsideExistingEmojiSnapsDownAndDoesNotSplitIt]' passed (0.000 seconds).
Test Case '-[ChatAppTests.DraftEditorTests testMultiScalarEmojiAreInsertedAsIntactGraphemes]' started.
Test Case '-[ChatAppTests.DraftEditorTests testMultiScalarEmojiAreInsertedAsIntactGraphemes]' passed (0.000 seconds).
Test Suite 'DraftEditorTests' passed at 2026-06-05 22:02:37.651.
	 Executed 8 tests, with 0 failures (0 unexpected) in 0.001 (0.001) seconds
Test Suite 'EmojiCatalogTests' started at 2026-06-05 22:02:37.651.
Test Case '-[ChatAppTests.EmojiCatalogTests testCatalogIncludesMultiScalarExamples]' started.
Test Case '-[ChatAppTests.EmojiCatalogTests testCatalogIncludesMultiScalarExamples]' passed (0.000 seconds).
Test Case '-[ChatAppTests.EmojiCatalogTests testCatalogIsNonEmptyAndEveryCategoryHasEntries]' started.
Test Case '-[ChatAppTests.EmojiCatalogTests testCatalogIsNonEmptyAndEveryCategoryHasEntries]' passed (0.000 seconds).
Test Case '-[ChatAppTests.EmojiCatalogTests testEmojiCharactersAreUnique]' started.
Test Case '-[ChatAppTests.EmojiCatalogTests testEmojiCharactersAreUnique]' passed (0.000 seconds).
Test Case '-[ChatAppTests.EmojiCatalogTests testEmptySearchReturnsAllEmojis]' started.
Test Case '-[ChatAppTests.EmojiCatalogTests testEmptySearchReturnsAllEmojis]' passed (0.000 seconds).
Test Case '-[ChatAppTests.EmojiCatalogTests testEveryEmojiHasMetadataAndIsFiledInItsCategory]' started.
Test Case '-[ChatAppTests.EmojiCatalogTests testEveryEmojiHasMetadataAndIsFiledInItsCategory]' passed (0.000 seconds).
Test Case '-[ChatAppTests.EmojiCatalogTests testNonsenseSearchReturnsNoEmojis]' started.
Test Case '-[ChatAppTests.EmojiCatalogTests testNonsenseSearchReturnsNoEmojis]' passed (0.000 seconds).
Test Case '-[ChatAppTests.EmojiCatalogTests testSearchIsCaseInsensitive]' started.
Test Case '-[ChatAppTests.EmojiCatalogTests testSearchIsCaseInsensitive]' passed (0.000 seconds).
Test Case '-[ChatAppTests.EmojiCatalogTests testSearchMatchesHeartByNameOrKeyword]' started.
Test Case '-[ChatAppTests.EmojiCatalogTests testSearchMatchesHeartByNameOrKeyword]' passed (0.000 seconds).
Test Case '-[ChatAppTests.EmojiCatalogTests testSearchMatchesKeywordThatIsNotPartOfName]' started.
Test Case '-[ChatAppTests.EmojiCatalogTests testSearchMatchesKeywordThatIsNotPartOfName]' passed (0.000 seconds).
Test Suite 'EmojiCatalogTests' passed at 2026-06-05 22:02:37.653.
	 Executed 9 tests, with 0 failures (0 unexpected) in 0.002 (0.002) seconds
Test Suite 'FileCryptoTests' started at 2026-06-05 22:02:37.653.
Test Case '-[ChatAppTests.FileCryptoTests testEncryptDecryptRoundTripReturnsExactBytesForBinaryPayload]' started.
Test Case '-[ChatAppTests.FileCryptoTests testEncryptDecryptRoundTripReturnsExactBytesForBinaryPayload]' passed (0.000 seconds).
Test Case '-[ChatAppTests.FileCryptoTests testEncryptDecryptRoundTripReturnsExactBytesForSmallPayload]' started.
Test Case '-[ChatAppTests.FileCryptoTests testEncryptDecryptRoundTripReturnsExactBytesForSmallPayload]' passed (0.000 seconds).
Test Case '-[ChatAppTests.FileCryptoTests testEncryptedBlobDoesNotContainPlaintextBytes]' started.
Test Case '-[ChatAppTests.FileCryptoTests testEncryptedBlobDoesNotContainPlaintextBytes]' passed (0.000 seconds).
Test Case '-[ChatAppTests.FileCryptoTests testNearTenMegabyteFileRoundTrips]' started.
Test Case '-[ChatAppTests.FileCryptoTests testNearTenMegabyteFileRoundTrips]' passed (0.016 seconds).
Test Case '-[ChatAppTests.FileCryptoTests testTamperedBlobThrows]' started.
Test Case '-[ChatAppTests.FileCryptoTests testTamperedBlobThrows]' passed (0.000 seconds).
Test Case '-[ChatAppTests.FileCryptoTests testWrongKeyFailsToDecrypt]' started.
Test Case '-[ChatAppTests.FileCryptoTests testWrongKeyFailsToDecrypt]' passed (0.000 seconds).
Test Suite 'FileCryptoTests' passed at 2026-06-05 22:02:37.669.
	 Executed 6 tests, with 0 failures (0 unexpected) in 0.016 (0.017) seconds
Test Suite 'GroupCoordinatorTests' started at 2026-06-05 22:02:37.669.
Test Case '-[ChatAppTests.GroupCoordinatorTests testAddMemberRekeyPreservesExistingLiveDeliveryAndBlocksPriorEpochForNewMember]' started.
Test Case '-[ChatAppTests.GroupCoordinatorTests testAddMemberRekeyPreservesExistingLiveDeliveryAndBlocksPriorEpochForNewMember]' passed (0.317 seconds).
Test Case '-[ChatAppTests.GroupCoordinatorTests testCreateGroupRejectsMemberWithInvalidPrekeySignature]' started.
Test Case '-[ChatAppTests.GroupCoordinatorTests testCreateGroupRejectsMemberWithInvalidPrekeySignature]' passed (0.021 seconds).
Test Case '-[ChatAppTests.GroupCoordinatorTests testCreateGroupSubscribesLiveSoCreatorReceivesInboundMessages]' started.
Test Case '-[ChatAppTests.GroupCoordinatorTests testCreateGroupSubscribesLiveSoCreatorReceivesInboundMessages]' passed (0.130 seconds).
Test Case '-[ChatAppTests.GroupCoordinatorTests testCreateGroupWrapsEpochZeroKeyToEveryMember]' started.
Test Case '-[ChatAppTests.GroupCoordinatorTests testCreateGroupWrapsEpochZeroKeyToEveryMember]' passed (0.028 seconds).
Test Case '-[ChatAppTests.GroupCoordinatorTests testEpochEventRefreshesKeysGroupDetailAndGroupListBeforeNextMessage]' started.
Test Case '-[ChatAppTests.GroupCoordinatorTests testEpochEventRefreshesKeysGroupDetailAndGroupListBeforeNextMessage]' passed (0.137 seconds).
Test Case '-[ChatAppTests.GroupCoordinatorTests testExistingMemberReceivesLiveAttachmentAfterRekeyAndLateJoinerCannotDecryptPriorEpochAttachment]' started.
Test Case '-[ChatAppTests.GroupCoordinatorTests testExistingMemberReceivesLiveAttachmentAfterRekeyAndLateJoinerCannotDecryptPriorEpochAttachment]' passed (0.389 seconds).
Test Case '-[ChatAppTests.GroupCoordinatorTests testExistingMemberReceivesLiveMessageAfterRekeyViaKeyRefetch]' started.
Test Case '-[ChatAppTests.GroupCoordinatorTests testExistingMemberReceivesLiveMessageAfterRekeyViaKeyRefetch]' passed (0.086 seconds).
Test Case '-[ChatAppTests.GroupCoordinatorTests testLateAddedMemberCannotDecryptPriorEpochMessage]' started.
Test Case '-[ChatAppTests.GroupCoordinatorTests testLateAddedMemberCannotDecryptPriorEpochMessage]' passed (0.028 seconds).
Test Case '-[ChatAppTests.GroupCoordinatorTests testOpenGroupDecryptsHistoryAndSkipsUndecryptable]' started.
Test Case '-[ChatAppTests.GroupCoordinatorTests testOpenGroupDecryptsHistoryAndSkipsUndecryptable]' passed (0.028 seconds).
Test Case '-[ChatAppTests.GroupCoordinatorTests testOpenGroupDetectsAttachmentDescriptorAndDownloadReturnsOriginalBytes]' started.
Test Case '-[ChatAppTests.GroupCoordinatorTests testOpenGroupDetectsAttachmentDescriptorAndDownloadReturnsOriginalBytes]' passed (0.032 seconds).
Test Case '-[ChatAppTests.GroupCoordinatorTests testOpenGroupKeepsServerHistoryOrderAndDecryptsEveryMessage]' started.
Test Case '-[ChatAppTests.GroupCoordinatorTests testOpenGroupKeepsServerHistoryOrderAndDecryptsEveryMessage]' passed (0.028 seconds).
Test Case '-[ChatAppTests.GroupCoordinatorTests testReconnectCatchesUpOfflineGroupMessagesInOrderAndDedupsLiveDuplicates]' started.
Test Case '-[ChatAppTests.GroupCoordinatorTests testReconnectCatchesUpOfflineGroupMessagesInOrderAndDedupsLiveDuplicates]' passed (0.086 seconds).
Test Case '-[ChatAppTests.GroupCoordinatorTests testRefreshGroupsPublishesAllListedGroupsOnLaunch]' started.
Test Case '-[ChatAppTests.GroupCoordinatorTests testRefreshGroupsPublishesAllListedGroupsOnLaunch]' passed (0.025 seconds).
Test Case '-[ChatAppTests.GroupCoordinatorTests testSendAfterRekeyEncryptsUnderLatestEpoch]' started.
Test Case '-[ChatAppTests.GroupCoordinatorTests testSendAfterRekeyEncryptsUnderLatestEpoch]' passed (0.031 seconds).
Test Case '-[ChatAppTests.GroupCoordinatorTests testSendAttachmentUploadsEncryptedBlobAndSendsGroupEncryptedDescriptor]' started.
Test Case '-[ChatAppTests.GroupCoordinatorTests testSendAttachmentUploadsEncryptedBlobAndSendsGroupEncryptedDescriptor]' passed (0.029 seconds).
Test Case '-[ChatAppTests.GroupCoordinatorTests testSendEncryptsUnderCurrentEpochKey]' started.
Test Case '-[ChatAppTests.GroupCoordinatorTests testSendEncryptsUnderCurrentEpochKey]' passed (0.030 seconds).
Test Case '-[ChatAppTests.GroupCoordinatorTests testSenderAttributionResolvesUsernameAndYouForLocalAccount]' started.
Test Case '-[ChatAppTests.GroupCoordinatorTests testSenderAttributionResolvesUsernameAndYouForLocalAccount]' passed (0.052 seconds).
Test Case '-[ChatAppTests.GroupCoordinatorTests testSubscribeLiveDecryptsInboundGroupRecord]' started.
Test Case '-[ChatAppTests.GroupCoordinatorTests testSubscribeLiveDecryptsInboundGroupRecord]' passed (0.081 seconds).
Test Case '-[ChatAppTests.GroupCoordinatorTests testSubscribeLiveRendersInboundAttachmentAndDownloadsOriginalBytes]' started.
Test Case '-[ChatAppTests.GroupCoordinatorTests testSubscribeLiveRendersInboundAttachmentAndDownloadsOriginalBytes]' passed (0.140 seconds).
Test Case '-[ChatAppTests.GroupCoordinatorTests testThreeMemberCoordinatorsAllSendAndDecryptLiveMessages]' started.
Test Case '-[ChatAppTests.GroupCoordinatorTests testThreeMemberCoordinatorsAllSendAndDecryptLiveMessages]' passed (0.299 seconds).
Test Suite 'GroupCoordinatorTests' passed at 2026-06-05 22:02:39.668.
	 Executed 20 tests, with 0 failures (0 unexpected) in 1.997 (1.999) seconds
Test Suite 'GroupCryptoTests' started at 2026-06-05 22:02:39.668.
Test Case '-[ChatAppTests.GroupCryptoTests testEncryptDecryptGroupMessageRoundTripsToExactPlaintext]' started.
Test Case '-[ChatAppTests.GroupCryptoTests testEncryptDecryptGroupMessageRoundTripsToExactPlaintext]' passed (0.000 seconds).
Test Case '-[ChatAppTests.GroupCryptoTests testInvalidGroupEnvelopeErrorsAreStable]' started.
Test Case '-[ChatAppTests.GroupCryptoTests testInvalidGroupEnvelopeErrorsAreStable]' passed (0.000 seconds).
Test Case '-[ChatAppTests.GroupCryptoTests testMessageEnvelopeDoesNotContainPlaintextBytes]' started.
Test Case '-[ChatAppTests.GroupCryptoTests testMessageEnvelopeDoesNotContainPlaintextBytes]' passed (0.000 seconds).
Test Case '-[ChatAppTests.GroupCryptoTests testMessageEpochRecoversEmbeddedBigEndianEpoch]' started.
Test Case '-[ChatAppTests.GroupCryptoTests testMessageEpochRecoversEmbeddedBigEndianEpoch]' passed (0.000 seconds).
Test Case '-[ChatAppTests.GroupCryptoTests testNewGroupKeyIsThirtyTwoBytes]' started.
Test Case '-[ChatAppTests.GroupCryptoTests testNewGroupKeyIsThirtyTwoBytes]' passed (0.000 seconds).
Test Case '-[ChatAppTests.GroupCryptoTests testSamePlaintextEncryptedTwiceProducesDifferentEnvelopes]' started.
Test Case '-[ChatAppTests.GroupCryptoTests testSamePlaintextEncryptedTwiceProducesDifferentEnvelopes]' passed (0.000 seconds).
Test Case '-[ChatAppTests.GroupCryptoTests testThirdPartyCannotUnwrapGroupKey]' started.
Test Case '-[ChatAppTests.GroupCryptoTests testThirdPartyCannotUnwrapGroupKey]' passed (0.000 seconds).
Test Case '-[ChatAppTests.GroupCryptoTests testWrapAndUnwrapGroupKeyRoundTripsToExactBytes]' started.
Test Case '-[ChatAppTests.GroupCryptoTests testWrapAndUnwrapGroupKeyRoundTripsToExactBytes]' passed (0.000 seconds).
Test Case '-[ChatAppTests.GroupCryptoTests testWrongGroupKeyFailsToDecryptGroupMessage]' started.
Test Case '-[ChatAppTests.GroupCryptoTests testWrongGroupKeyFailsToDecryptGroupMessage]' passed (0.000 seconds).
Test Suite 'GroupCryptoTests' passed at 2026-06-05 22:02:39.669.
	 Executed 9 tests, with 0 failures (0 unexpected) in 0.001 (0.001) seconds
Test Suite 'GroupEnvelopeTests' started at 2026-06-05 22:02:39.669.
Test Case '-[ChatAppTests.GroupEnvelopeTests testAddMemberRequestAndResponseUseSnakeCaseKeys]' started.
Test Case '-[ChatAppTests.GroupEnvelopeTests testAddMemberRequestAndResponseUseSnakeCaseKeys]' passed (0.000 seconds).
Test Case '-[ChatAppTests.GroupEnvelopeTests testCreateGroupRequestEncodesSnakeCaseKeys]' started.
Test Case '-[ChatAppTests.GroupEnvelopeTests testCreateGroupRequestEncodesSnakeCaseKeys]' passed (0.000 seconds).
Test Case '-[ChatAppTests.GroupEnvelopeTests testCreateGroupResponseDecodesSnakeCaseFields]' started.
Test Case '-[ChatAppTests.GroupEnvelopeTests testCreateGroupResponseDecodesSnakeCaseFields]' passed (0.000 seconds).
Test Case '-[ChatAppTests.GroupEnvelopeTests testEncodedPayloadsContainNoPlaintextBodyOrTextKeys]' started.
Test Case '-[ChatAppTests.GroupEnvelopeTests testEncodedPayloadsContainNoPlaintextBodyOrTextKeys]' passed (0.000 seconds).
Test Case '-[ChatAppTests.GroupEnvelopeTests testGroupSummaryAndDetailDecodeSnakeCaseFields]' started.
Test Case '-[ChatAppTests.GroupEnvelopeTests testGroupSummaryAndDetailDecodeSnakeCaseFields]' passed (0.000 seconds).
Test Case '-[ChatAppTests.GroupEnvelopeTests testKeyRecordAndMessageResponsesDecodeSnakeCaseFields]' started.
Test Case '-[ChatAppTests.GroupEnvelopeTests testKeyRecordAndMessageResponsesDecodeSnakeCaseFields]' passed (0.000 seconds).
Test Case '-[ChatAppTests.GroupEnvelopeTests testSendGroupMessageRequestEncodesExactlyEpochAndCiphertext]' started.
Test Case '-[ChatAppTests.GroupEnvelopeTests testSendGroupMessageRequestEncodesExactlyEpochAndCiphertext]' passed (0.000 seconds).
Test Suite 'GroupEnvelopeTests' passed at 2026-06-05 22:02:39.671.
	 Executed 7 tests, with 0 failures (0 unexpected) in 0.001 (0.001) seconds
Test Suite 'HTTPAttachmentServiceTests' started at 2026-06-05 22:02:39.671.
Test Case '-[ChatAppTests.HTTPAttachmentServiceTests testDownloadGetsAttachmentWithBearerTokenAndReturnsRawBytesOn200]' started.
Test Case '-[ChatAppTests.HTTPAttachmentServiceTests testDownloadGetsAttachmentWithBearerTokenAndReturnsRawBytesOn200]' passed (0.005 seconds).
Test Case '-[ChatAppTests.HTTPAttachmentServiceTests testDownloadReturnsNilFor404AndOtherErrors]' started.
Test Case '-[ChatAppTests.HTTPAttachmentServiceTests testDownloadReturnsNilFor404AndOtherErrors]' passed (0.001 seconds).
Test Case '-[ChatAppTests.HTTPAttachmentServiceTests testUploadPostsOctetStreamBlobWithBearerTokenAndParsesAttachmentId]' started.
Test Case '-[ChatAppTests.HTTPAttachmentServiceTests testUploadPostsOctetStreamBlobWithBearerTokenAndParsesAttachmentId]' passed (0.000 seconds).
Test Case '-[ChatAppTests.HTTPAttachmentServiceTests testUploadReturnsNilForNonSuccessStatusAndMalformedResponse]' started.
Test Case '-[ChatAppTests.HTTPAttachmentServiceTests testUploadReturnsNilForNonSuccessStatusAndMalformedResponse]' passed (0.001 seconds).
Test Suite 'HTTPAttachmentServiceTests' passed at 2026-06-05 22:02:39.678.
	 Executed 4 tests, with 0 failures (0 unexpected) in 0.007 (0.007) seconds
Test Suite 'HTTPAuthClientCaptureTests' started at 2026-06-05 22:02:39.678.
Test Case '-[ChatAppTests.HTTPAuthClientCaptureTests testRequestChallengeMapsUnknownAccount]' started.
Test Case '-[ChatAppTests.HTTPAuthClientCaptureTests testRequestChallengeMapsUnknownAccount]' passed (0.000 seconds).
Test Case '-[ChatAppTests.HTTPAuthClientCaptureTests testRequestChallengeTransmitsExactlyUsernameAndMapsCreated]' started.
Test Case '-[ChatAppTests.HTTPAuthClientCaptureTests testRequestChallengeTransmitsExactlyUsernameAndMapsCreated]' passed (0.000 seconds).
Test Case '-[ChatAppTests.HTTPAuthClientCaptureTests testValidateSessionSendsBearerTokenAndMapsStatus]' started.
Test Case '-[ChatAppTests.HTTPAuthClientCaptureTests testValidateSessionSendsBearerTokenAndMapsStatus]' passed (0.001 seconds).
Test Case '-[ChatAppTests.HTTPAuthClientCaptureTests testVerifyMapsUnauthorizedToRejected]' started.
Test Case '-[ChatAppTests.HTTPAuthClientCaptureTests testVerifyMapsUnauthorizedToRejected]' passed (0.000 seconds).
Test Case '-[ChatAppTests.HTTPAuthClientCaptureTests testVerifyTransmitsExactlyChallengeIdAndSignatureAndMapsSuccess]' started.
Test Case '-[ChatAppTests.HTTPAuthClientCaptureTests testVerifyTransmitsExactlyChallengeIdAndSignatureAndMapsSuccess]' passed (0.000 seconds).
Test Suite 'HTTPAuthClientCaptureTests' passed at 2026-06-05 22:02:39.680.
	 Executed 5 tests, with 0 failures (0 unexpected) in 0.002 (0.002) seconds
Test Suite 'HTTPConversationsServiceTests' started at 2026-06-05 22:02:39.680.
Test Case '-[ChatAppTests.HTTPConversationsServiceTests testConversationsDecodesBackendConversationRecordShape]' started.
Test Case '-[ChatAppTests.HTTPConversationsServiceTests testConversationsDecodesBackendConversationRecordShape]' passed (0.001 seconds).
Test Case '-[ChatAppTests.HTTPConversationsServiceTests testConversationsGetsBearerTokenAndDecodesResponse]' started.
Test Case '-[ChatAppTests.HTTPConversationsServiceTests testConversationsGetsBearerTokenAndDecodesResponse]' passed (0.000 seconds).
Test Case '-[ChatAppTests.HTTPConversationsServiceTests testConversationsGetsBearerTokenAndDecodesSummaries]' started.
Test Case '-[ChatAppTests.HTTPConversationsServiceTests testConversationsGetsBearerTokenAndDecodesSummaries]' passed (0.000 seconds).
Test Case '-[ChatAppTests.HTTPConversationsServiceTests testConversationsMapsNon200ToEmptyArray]' started.
Test Case '-[ChatAppTests.HTTPConversationsServiceTests testConversationsMapsNon200ToEmptyArray]' passed (0.000 seconds).
Test Suite 'HTTPConversationsServiceTests' passed at 2026-06-05 22:02:39.682.
	 Executed 4 tests, with 0 failures (0 unexpected) in 0.002 (0.002) seconds
Test Suite 'HTTPGroupServiceTests' started at 2026-06-05 22:02:39.682.
Test Case '-[ChatAppTests.HTTPGroupServiceTests testAddMemberPostsEpochKeysAndDecodesResponse]' started.
Test Case '-[ChatAppTests.HTTPGroupServiceTests testAddMemberPostsEpochKeysAndDecodesResponse]' passed (0.000 seconds).
Test Case '-[ChatAppTests.HTTPGroupServiceTests testCreateGroupPostsMembersWithBearerTokenAndDecodesResponse]' started.
Test Case '-[ChatAppTests.HTTPGroupServiceTests testCreateGroupPostsMembersWithBearerTokenAndDecodesResponse]' passed (0.000 seconds).
Test Case '-[ChatAppTests.HTTPGroupServiceTests testGetEndpointsDecodeGroupPayloads]' started.
Test Case '-[ChatAppTests.HTTPGroupServiceTests testGetEndpointsDecodeGroupPayloads]' passed (0.001 seconds).
Test Case '-[ChatAppTests.HTTPGroupServiceTests testLiveGroupMessagesSurfacesEpochEventsThroughHookWithoutYieldingRecord]' started.
Test Case '-[ChatAppTests.HTTPGroupServiceTests testLiveGroupMessagesSurfacesEpochEventsThroughHookWithoutYieldingRecord]' passed (0.000 seconds).
Test Case '-[ChatAppTests.HTTPGroupServiceTests testLiveGroupMessagesYieldsSSERecordsAndCompletes]' started.
Test Case '-[ChatAppTests.HTTPGroupServiceTests testLiveGroupMessagesYieldsSSERecordsAndCompletes]' passed (0.000 seconds).
Test Case '-[ChatAppTests.HTTPGroupServiceTests testParseGroupSSEEventDecodesDataLineAndIgnoresOtherLines]' started.
Test Case '-[ChatAppTests.HTTPGroupServiceTests testParseGroupSSEEventDecodesDataLineAndIgnoresOtherLines]' passed (0.000 seconds).
Test Case '-[ChatAppTests.HTTPGroupServiceTests testSendGroupMessagePostsCiphertextOnlyAndMapsStatuses]' started.
Test Case '-[ChatAppTests.HTTPGroupServiceTests testSendGroupMessagePostsCiphertextOnlyAndMapsStatuses]' passed (0.001 seconds).
Test Suite 'HTTPGroupServiceTests' passed at 2026-06-05 22:02:39.685.
	 Executed 7 tests, with 0 failures (0 unexpected) in 0.003 (0.004) seconds
Test Suite 'HTTPMessageServiceTests' started at 2026-06-05 22:02:39.685.
Test Case '-[ChatAppTests.HTTPMessageServiceTests testFetchPrekeyDecodesResponseAndMaps404ToNil]' started.
Test Case '-[ChatAppTests.HTTPMessageServiceTests testFetchPrekeyDecodesResponseAndMaps404ToNil]' passed (0.000 seconds).
Test Case '-[ChatAppTests.HTTPMessageServiceTests testHistoryDecodesBackendObjectResponse]' started.
Test Case '-[ChatAppTests.HTTPMessageServiceTests testHistoryDecodesBackendObjectResponse]' passed (0.000 seconds).
Test Case '-[ChatAppTests.HTTPMessageServiceTests testHistoryDecodesMessageRecords]' started.
Test Case '-[ChatAppTests.HTTPMessageServiceTests testHistoryDecodesMessageRecords]' passed (0.000 seconds).
Test Case '-[ChatAppTests.HTTPMessageServiceTests testInboxGetsSinceCursorWithBearerTokenAndDecodesPage]' started.
Test Case '-[ChatAppTests.HTTPMessageServiceTests testInboxGetsSinceCursorWithBearerTokenAndDecodesPage]' passed (0.000 seconds).
Test Case '-[ChatAppTests.HTTPMessageServiceTests testLiveMessagesYieldsSSERecordsAndCompletes]' started.
Test Case '-[ChatAppTests.HTTPMessageServiceTests testLiveMessagesYieldsSSERecordsAndCompletes]' passed (0.000 seconds).
Test Case '-[ChatAppTests.HTTPMessageServiceTests testParseSSEEventDecodesDataLineAndIgnoresOtherLines]' started.
Test Case '-[ChatAppTests.HTTPMessageServiceTests testParseSSEEventDecodesDataLineAndIgnoresOtherLines]' passed (0.000 seconds).
Test Case '-[ChatAppTests.HTTPMessageServiceTests testPublishPrekeyPutsSignedPrekeyWithBearerToken]' started.
Test Case '-[ChatAppTests.HTTPMessageServiceTests testPublishPrekeyPutsSignedPrekeyWithBearerToken]' passed (0.000 seconds).
Test Case '-[ChatAppTests.HTTPMessageServiceTests testSendMapsRecipientNotFoundAndFailure]' started.
Test Case '-[ChatAppTests.HTTPMessageServiceTests testSendMapsRecipientNotFoundAndFailure]' passed (0.000 seconds).
Test Case '-[ChatAppTests.HTTPMessageServiceTests testSendPostsCiphertextOnlyWithBearerToken]' started.
Test Case '-[ChatAppTests.HTTPMessageServiceTests testSendPostsCiphertextOnlyWithBearerToken]' passed (0.000 seconds).
Test Suite 'HTTPMessageServiceTests' passed at 2026-06-05 22:02:39.689.
	 Executed 9 tests, with 0 failures (0 unexpected) in 0.003 (0.003) seconds
Test Suite 'IdentityKeychainTests' started at 2026-06-05 22:02:39.689.
Test Case '-[ChatAppTests.IdentityKeychainTests testDeletingKeychainItemMakesIdentityUnrecoverable]' started.
Test Case '-[ChatAppTests.IdentityKeychainTests testDeletingKeychainItemMakesIdentityUnrecoverable]' passed (0.023 seconds).
Test Case '-[ChatAppTests.IdentityKeychainTests testIdentityExposesNoRawPrivateBytes]' started.
Test Case '-[ChatAppTests.IdentityKeychainTests testIdentityExposesNoRawPrivateBytes]' passed (0.001 seconds).
Test Case '-[ChatAppTests.IdentityKeychainTests testIdentityRoundTripsThroughKeychainWithStablePublicKey]' started.
Test Case '-[ChatAppTests.IdentityKeychainTests testIdentityRoundTripsThroughKeychainWithStablePublicKey]' passed (0.012 seconds).
Test Case '-[ChatAppTests.IdentityKeychainTests testPrivateKeyIsReachableViaKeychainAPI]' started.
Test Case '-[ChatAppTests.IdentityKeychainTests testPrivateKeyIsReachableViaKeychainAPI]' passed (0.012 seconds).
Test Suite 'IdentityKeychainTests' passed at 2026-06-05 22:02:39.737.
	 Executed 4 tests, with 0 failures (0 unexpected) in 0.048 (0.049) seconds
Test Suite 'LiveAttachmentE2ETests' started at 2026-06-05 22:02:39.737.
Test Case '-[ChatAppTests.LiveAttachmentE2ETests testAlreadySubscribedRecipientReceivesLiveAttachmentsAndWritesByteIdenticalDownloads]' started.
/Users/ngthluu/choscor/test-chat-app/.agentloop/worktrees/task-fix-task9-verify-b3/mac-app/Tests/ChatAppTests/LiveAttachmentE2ETests.swift:128: -[ChatAppTests.LiveAttachmentE2ETests testAlreadySubscribedRecipientReceivesLiveAttachmentsAndWritesByteIdenticalDownloads] : Test skipped - CHATAPP_LIVE_BACKEND_URL is not set
Test Case '-[ChatAppTests.LiveAttachmentE2ETests testAlreadySubscribedRecipientReceivesLiveAttachmentsAndWritesByteIdenticalDownloads]' skipped (0.001 seconds).
Test Case '-[ChatAppTests.LiveAttachmentE2ETests testLiveAttachmentDMAndGroupRoundTripStoresOnlyCiphertext]' started.
/Users/ngthluu/choscor/test-chat-app/.agentloop/worktrees/task-fix-task9-verify-b3/mac-app/Tests/ChatAppTests/LiveAttachmentE2ETests.swift:23: -[ChatAppTests.LiveAttachmentE2ETests testLiveAttachmentDMAndGroupRoundTripStoresOnlyCiphertext] : Test skipped - CHATAPP_LIVE_BACKEND_URL is not set
Test Case '-[ChatAppTests.LiveAttachmentE2ETests testLiveAttachmentDMAndGroupRoundTripStoresOnlyCiphertext]' skipped (0.000 seconds).
Test Suite 'LiveAttachmentE2ETests' passed at 2026-06-05 22:02:39.738.
	 Executed 2 tests, with 2 tests skipped and 0 failures (0 unexpected) in 0.001 (0.001) seconds
Test Suite 'LiveAuthE2ETests' started at 2026-06-05 22:02:39.738.
Test Case '-[ChatAppTests.LiveAuthE2ETests testLivePasswordFreeAuthRoundTripAndRejectsCorruptedSignature]' started.
/Users/ngthluu/choscor/test-chat-app/.agentloop/worktrees/task-fix-task9-verify-b3/mac-app/Tests/ChatAppTests/LiveAuthE2ETests.swift:9: -[ChatAppTests.LiveAuthE2ETests testLivePasswordFreeAuthRoundTripAndRejectsCorruptedSignature] : Test skipped - CHATAPP_LIVE_BACKEND_URL is not set
Test Case '-[ChatAppTests.LiveAuthE2ETests testLivePasswordFreeAuthRoundTripAndRejectsCorruptedSignature]' skipped (0.000 seconds).
Test Suite 'LiveAuthE2ETests' passed at 2026-06-05 22:02:39.738.
	 Executed 1 test, with 1 test skipped and 0 failures (0 unexpected) in 0.000 (0.000) seconds
Test Suite 'LiveConversationsE2ETests' started at 2026-06-05 22:02:39.738.
Test Case '-[ChatAppTests.LiveConversationsE2ETests testLiveConversationListOrderingAndHistory]' started.
/Users/ngthluu/choscor/test-chat-app/.agentloop/worktrees/task-fix-task9-verify-b3/mac-app/Tests/ChatAppTests/LiveConversationsE2ETests.swift:9: -[ChatAppTests.LiveConversationsE2ETests testLiveConversationListOrderingAndHistory] : Test skipped - CHATAPP_LIVE_BACKEND_URL is not set
Test Case '-[ChatAppTests.LiveConversationsE2ETests testLiveConversationListOrderingAndHistory]' skipped (0.000 seconds).
Test Suite 'LiveConversationsE2ETests' passed at 2026-06-05 22:02:39.739.
	 Executed 1 test, with 1 test skipped and 0 failures (0 unexpected) in 0.000 (0.000) seconds
Test Suite 'LiveDME2ETests' started at 2026-06-05 22:02:39.739.
Test Case '-[ChatAppTests.LiveDME2ETests testLiveEncryptedDirectMessageRoundTripStoresOnlyCiphertext]' started.
/Users/ngthluu/choscor/test-chat-app/.agentloop/worktrees/task-fix-task9-verify-b3/mac-app/Tests/ChatAppTests/LiveDME2ETests.swift:9: -[ChatAppTests.LiveDME2ETests testLiveEncryptedDirectMessageRoundTripStoresOnlyCiphertext] : Test skipped - CHATAPP_LIVE_BACKEND_URL is not set
Test Case '-[ChatAppTests.LiveDME2ETests testLiveEncryptedDirectMessageRoundTripStoresOnlyCiphertext]' skipped (0.000 seconds).
Test Suite 'LiveDME2ETests' passed at 2026-06-05 22:02:39.739.
	 Executed 1 test, with 1 test skipped and 0 failures (0 unexpected) in 0.000 (0.000) seconds
Test Suite 'LiveEmojiDME2ETests' started at 2026-06-05 22:02:39.739.
Test Case '-[ChatAppTests.LiveEmojiDME2ETests testLiveEmojiOnlyDirectMessageRoundTripRendersForRecipient]' started.
/Users/ngthluu/choscor/test-chat-app/.agentloop/worktrees/task-fix-task9-verify-b3/mac-app/Tests/ChatAppTests/LiveEmojiDME2ETests.swift:9: -[ChatAppTests.LiveEmojiDME2ETests testLiveEmojiOnlyDirectMessageRoundTripRendersForRecipient] : Test skipped - CHATAPP_LIVE_BACKEND_URL is not set
Test Case '-[ChatAppTests.LiveEmojiDME2ETests testLiveEmojiOnlyDirectMessageRoundTripRendersForRecipient]' skipped (0.000 seconds).
Test Suite 'LiveEmojiDME2ETests' passed at 2026-06-05 22:02:39.739.
	 Executed 1 test, with 1 test skipped and 0 failures (0 unexpected) in 0.000 (0.000) seconds
Test Suite 'LiveGroupE2ETests' started at 2026-06-05 22:02:39.739.
Test Case '-[ChatAppTests.LiveGroupE2ETests testLiveCoordinatorCreatesGroupAndPeerReceivesDecryptedMessage]' started.
/Users/ngthluu/choscor/test-chat-app/.agentloop/worktrees/task-fix-task9-verify-b3/mac-app/Tests/ChatAppTests/LiveGroupE2ETests.swift:18: -[ChatAppTests.LiveGroupE2ETests testLiveCoordinatorCreatesGroupAndPeerReceivesDecryptedMessage] : Test skipped - CHATAPP_LIVE_BACKEND_URL is not set
Test Case '-[ChatAppTests.LiveGroupE2ETests testLiveCoordinatorCreatesGroupAndPeerReceivesDecryptedMessage]' skipped (0.000 seconds).
Test Case '-[ChatAppTests.LiveGroupE2ETests testLiveEncryptedGroupMessageRoundTripAndLateMemberCannotReadPriorMessages]' started.
/Users/ngthluu/choscor/test-chat-app/.agentloop/worktrees/task-fix-task9-verify-b3/mac-app/Tests/ChatAppTests/LiveGroupE2ETests.swift:235: -[ChatAppTests.LiveGroupE2ETests testLiveEncryptedGroupMessageRoundTripAndLateMemberCannotReadPriorMessages] : Test skipped - CHATAPP_LIVE_BACKEND_URL is not set
Test Case '-[ChatAppTests.LiveGroupE2ETests testLiveEncryptedGroupMessageRoundTripAndLateMemberCannotReadPriorMessages]' skipped (0.000 seconds).
Test Case '-[ChatAppTests.LiveGroupE2ETests testLiveGroupAllThreeMembersSendAndReceiveThroughCoordinators]' started.
/Users/ngthluu/choscor/test-chat-app/.agentloop/worktrees/task-fix-task9-verify-b3/mac-app/Tests/ChatAppTests/LiveGroupE2ETests.swift:68: -[ChatAppTests.LiveGroupE2ETests testLiveGroupAllThreeMembersSendAndReceiveThroughCoordinators] : Test skipped - CHATAPP_LIVE_BACKEND_URL is not set
Test Case '-[ChatAppTests.LiveGroupE2ETests testLiveGroupAllThreeMembersSendAndReceiveThroughCoordinators]' skipped (0.000 seconds).
Test Case '-[ChatAppTests.LiveGroupE2ETests testLiveGroupExistingMembersKeepReceivingAfterAddWhileNewMemberExcluded]' started.
/Users/ngthluu/choscor/test-chat-app/.agentloop/worktrees/task-fix-task9-verify-b3/mac-app/Tests/ChatAppTests/LiveGroupE2ETests.swift:135: -[ChatAppTests.LiveGroupE2ETests testLiveGroupExistingMembersKeepReceivingAfterAddWhileNewMemberExcluded] : Test skipped - CHATAPP_LIVE_BACKEND_URL is not set
Test Case '-[ChatAppTests.LiveGroupE2ETests testLiveGroupExistingMembersKeepReceivingAfterAddWhileNewMemberExcluded]' skipped (0.000 seconds).
Test Suite 'LiveGroupE2ETests' passed at 2026-06-05 22:02:39.740.
	 Executed 4 tests, with 4 tests skipped and 0 failures (0 unexpected) in 0.001 (0.001) seconds
Test Suite 'LiveOfflineDeliveryE2ETests' started at 2026-06-05 22:02:39.740.
Test Case '-[ChatAppTests.LiveOfflineDeliveryE2ETests testOfflineRecipientReceivesQueuedMessagesInOrderAndRestartReloadsHistory]' started.
/Users/ngthluu/choscor/test-chat-app/.agentloop/worktrees/task-fix-task9-verify-b3/mac-app/Tests/ChatAppTests/LiveOfflineDeliveryE2ETests.swift:23: -[ChatAppTests.LiveOfflineDeliveryE2ETests testOfflineRecipientReceivesQueuedMessagesInOrderAndRestartReloadsHistory] : Test skipped - CHATAPP_LIVE_BACKEND_URL is not set
Test Case '-[ChatAppTests.LiveOfflineDeliveryE2ETests testOfflineRecipientReceivesQueuedMessagesInOrderAndRestartReloadsHistory]' skipped (0.000 seconds).
Test Suite 'LiveOfflineDeliveryE2ETests' passed at 2026-06-05 22:02:39.740.
	 Executed 1 test, with 1 test skipped and 0 failures (0 unexpected) in 0.000 (0.000) seconds
Test Suite 'LiveRegistrationE2ETests' started at 2026-06-05 22:02:39.740.
Test Case '-[ChatAppTests.LiveRegistrationE2ETests testLiveRegistrationPersistsAccountAndDuplicateShowsTakenError]' started.
/Users/ngthluu/choscor/test-chat-app/.agentloop/worktrees/task-fix-task9-verify-b3/mac-app/Tests/ChatAppTests/LiveRegistrationE2ETests.swift:9: -[ChatAppTests.LiveRegistrationE2ETests testLiveRegistrationPersistsAccountAndDuplicateShowsTakenError] : Test skipped - CHATAPP_LIVE_BACKEND_URL is not set
Test Case '-[ChatAppTests.LiveRegistrationE2ETests testLiveRegistrationPersistsAccountAndDuplicateShowsTakenError]' skipped (0.000 seconds).
Test Suite 'LiveRegistrationE2ETests' passed at 2026-06-05 22:02:39.740.
	 Executed 1 test, with 1 test skipped and 0 failures (0 unexpected) in 0.000 (0.000) seconds
Test Suite 'LocalAccountStoreTests' started at 2026-06-05 22:02:39.741.
Test Case '-[ChatAppTests.LocalAccountStoreTests testAccountFileContainsOnlyPublicAccountMaterial]' started.
Test Case '-[ChatAppTests.LocalAccountStoreTests testAccountFileContainsOnlyPublicAccountMaterial]' passed (0.002 seconds).
Test Case '-[ChatAppTests.LocalAccountStoreTests testClearRemovesPersistedAccount]' started.
Test Case '-[ChatAppTests.LocalAccountStoreTests testClearRemovesPersistedAccount]' passed (0.001 seconds).
Test Case '-[ChatAppTests.LocalAccountStoreTests testFreshStoreInSameDirectoryLoadsPersistedAccount]' started.
Test Case '-[ChatAppTests.LocalAccountStoreTests testFreshStoreInSameDirectoryLoadsPersistedAccount]' passed (0.001 seconds).
Test Case '-[ChatAppTests.LocalAccountStoreTests testSaveRoundTripsCurrentAccountAndHasAccount]' started.
Test Case '-[ChatAppTests.LocalAccountStoreTests testSaveRoundTripsCurrentAccountAndHasAccount]' passed (0.001 seconds).
Test Suite 'LocalAccountStoreTests' passed at 2026-06-05 22:02:39.745.
	 Executed 4 tests, with 0 failures (0 unexpected) in 0.004 (0.004) seconds
Test Suite 'MessageComposerModelTests' started at 2026-06-05 22:02:39.745.
Test Case '-[ChatAppTests.MessageComposerModelTests testCanSendUsesTrimmedDraftRule]' started.
Test Case '-[ChatAppTests.MessageComposerModelTests testCanSendUsesTrimmedDraftRule]' passed (0.000 seconds).
Test Case '-[ChatAppTests.MessageComposerModelTests testFilteredEmojisUsesSearchWhenQueryIsNonEmpty]' started.
Test Case '-[ChatAppTests.MessageComposerModelTests testFilteredEmojisUsesSearchWhenQueryIsNonEmpty]' passed (0.000 seconds).
Test Case '-[ChatAppTests.MessageComposerModelTests testFilteredEmojisUsesSelectedCategoryWhenQueryIsEmpty]' started.
Test Case '-[ChatAppTests.MessageComposerModelTests testFilteredEmojisUsesSelectedCategoryWhenQueryIsEmpty]' passed (0.000 seconds).
Test Case '-[ChatAppTests.MessageComposerModelTests testInsertEmojiAtCaretAdvancesCaretAndDismissesPicker]' started.
Test Case '-[ChatAppTests.MessageComposerModelTests testInsertEmojiAtCaretAdvancesCaretAndDismissesPicker]' passed (0.000 seconds).
Test Case '-[ChatAppTests.MessageComposerModelTests testPickerPresentationMethodsUpdateState]' started.
Test Case '-[ChatAppTests.MessageComposerModelTests testPickerPresentationMethodsUpdateState]' passed (0.000 seconds).
Test Case '-[ChatAppTests.MessageComposerModelTests testResetClearsDraftAndCaret]' started.
Test Case '-[ChatAppTests.MessageComposerModelTests testResetClearsDraftAndCaret]' passed (0.000 seconds).
Test Case '-[ChatAppTests.MessageComposerModelTests testSequentialInsertsPreserveOrder]' started.
Test Case '-[ChatAppTests.MessageComposerModelTests testSequentialInsertsPreserveOrder]' passed (0.000 seconds).
Test Suite 'MessageComposerModelTests' passed at 2026-06-05 22:02:39.746.
	 Executed 7 tests, with 0 failures (0 unexpected) in 0.001 (0.001) seconds
Test Suite 'MessageCryptoTests' started at 2026-06-05 22:02:39.746.
Test Case '-[ChatAppTests.MessageCryptoTests testEncryptDecryptRoundTripsToExactPlaintext]' started.
Test Case '-[ChatAppTests.MessageCryptoTests testEncryptDecryptRoundTripsToExactPlaintext]' passed (0.000 seconds).
Test Case '-[ChatAppTests.MessageCryptoTests testEnvelopeBytesDoNotContainPlaintext]' started.
Test Case '-[ChatAppTests.MessageCryptoTests testEnvelopeBytesDoNotContainPlaintext]' passed (0.000 seconds).
Test Case '-[ChatAppTests.MessageCryptoTests testPrekeySignatureVerifiesAndRejectsTampering]' started.
Test Case '-[ChatAppTests.MessageCryptoTests testPrekeySignatureVerifiesAndRejectsTampering]' passed (0.000 seconds).
Test Case '-[ChatAppTests.MessageCryptoTests testSamePlaintextEncryptsToDifferentEnvelopes]' started.
Test Case '-[ChatAppTests.MessageCryptoTests testSamePlaintextEncryptsToDifferentEnvelopes]' passed (0.000 seconds).
Test Case '-[ChatAppTests.MessageCryptoTests testTamperedEnvelopeThrows]' started.
Test Case '-[ChatAppTests.MessageCryptoTests testTamperedEnvelopeThrows]' passed (0.000 seconds).
Test Case '-[ChatAppTests.MessageCryptoTests testThirdPartyCannotDecrypt]' started.
Test Case '-[ChatAppTests.MessageCryptoTests testThirdPartyCannotDecrypt]' passed (0.000 seconds).
Test Suite 'MessageCryptoTests' passed at 2026-06-05 22:02:39.747.
	 Executed 6 tests, with 0 failures (0 unexpected) in 0.001 (0.001) seconds
Test Suite 'MessageEnvelopeTests' started at 2026-06-05 22:02:39.747.
Test Case '-[ChatAppTests.MessageEnvelopeTests testEncodedPayloadsContainNoPlaintextBodyOrTextFields]' started.
Test Case '-[ChatAppTests.MessageEnvelopeTests testEncodedPayloadsContainNoPlaintextBodyOrTextFields]' passed (0.000 seconds).
Test Case '-[ChatAppTests.MessageEnvelopeTests testMessageRecordDecodesSnakeCaseFields]' started.
Test Case '-[ChatAppTests.MessageEnvelopeTests testMessageRecordDecodesSnakeCaseFields]' passed (0.000 seconds).
Test Case '-[ChatAppTests.MessageEnvelopeTests testPrekeyResponseDecodesSnakeCaseFields]' started.
Test Case '-[ChatAppTests.MessageEnvelopeTests testPrekeyResponseDecodesSnakeCaseFields]' passed (0.000 seconds).
Test Case '-[ChatAppTests.MessageEnvelopeTests testPublishPrekeyRequestEncodesExactSnakeCaseKeys]' started.
Test Case '-[ChatAppTests.MessageEnvelopeTests testPublishPrekeyRequestEncodesExactSnakeCaseKeys]' passed (0.000 seconds).
Test Case '-[ChatAppTests.MessageEnvelopeTests testSendMessageRequestEncodesExactCiphertextKeys]' started.
Test Case '-[ChatAppTests.MessageEnvelopeTests testSendMessageRequestEncodesExactCiphertextKeys]' passed (0.000 seconds).
Test Case '-[ChatAppTests.MessageEnvelopeTests testSendMessageResponseDecodesSnakeCaseFields]' started.
Test Case '-[ChatAppTests.MessageEnvelopeTests testSendMessageResponseDecodesSnakeCaseFields]' passed (0.000 seconds).
Test Suite 'MessageEnvelopeTests' passed at 2026-06-05 22:02:39.748.
	 Executed 6 tests, with 0 failures (0 unexpected) in 0.001 (0.001) seconds
Test Suite 'RegisterPayloadTests' started at 2026-06-05 22:02:39.748.
Test Case '-[ChatAppTests.RegisterPayloadTests testEncodesExactlyUsernameAndIdentityPublicKey]' started.
Test Case '-[ChatAppTests.RegisterPayloadTests testEncodesExactlyUsernameAndIdentityPublicKey]' passed (0.000 seconds).
Test Suite 'RegisterPayloadTests' passed at 2026-06-05 22:02:39.748.
	 Executed 1 test, with 0 failures (0 unexpected) in 0.000 (0.000) seconds
Test Suite 'RegistrationCoordinatorTests' started at 2026-06-05 22:02:39.748.
Test Case '-[ChatAppTests.RegistrationCoordinatorTests testExistingAccountMarksCoordinatorRegisteredAtInit]' started.
Test Case '-[ChatAppTests.RegistrationCoordinatorTests testExistingAccountMarksCoordinatorRegisteredAtInit]' passed (0.001 seconds).
Test Case '-[ChatAppTests.RegistrationCoordinatorTests testSuccessfulRegistrationPersistsAccountAndMarksRegistered]' started.
Test Case '-[ChatAppTests.RegistrationCoordinatorTests testSuccessfulRegistrationPersistsAccountAndMarksRegistered]' passed (0.001 seconds).
Test Case '-[ChatAppTests.RegistrationCoordinatorTests testUsernameTakenShowsClearErrorAndDoesNotPersistAccount]' started.
Test Case '-[ChatAppTests.RegistrationCoordinatorTests testUsernameTakenShowsClearErrorAndDoesNotPersistAccount]' passed (0.001 seconds).
Test Suite 'RegistrationCoordinatorTests' passed at 2026-06-05 22:02:39.750.
	 Executed 3 tests, with 0 failures (0 unexpected) in 0.002 (0.002) seconds
Test Suite 'RegistrationServiceCaptureTests' started at 2026-06-05 22:02:39.750.
Test Case '-[ChatAppTests.RegistrationServiceCaptureTests testHTTPClientMapsBadRequestToInvalid]' started.
Test Case '-[ChatAppTests.RegistrationServiceCaptureTests testHTTPClientMapsBadRequestToInvalid]' passed (0.001 seconds).
Test Case '-[ChatAppTests.RegistrationServiceCaptureTests testHTTPClientMapsConflictToUsernameTaken]' started.
Test Case '-[ChatAppTests.RegistrationServiceCaptureTests testHTTPClientMapsConflictToUsernameTaken]' passed (0.000 seconds).
Test Case '-[ChatAppTests.RegistrationServiceCaptureTests testHTTPClientTransmitsExactlyTwoFieldRegisterPayload]' started.
Test Case '-[ChatAppTests.RegistrationServiceCaptureTests testHTTPClientTransmitsExactlyTwoFieldRegisterPayload]' passed (0.000 seconds).
Test Suite 'RegistrationServiceCaptureTests' passed at 2026-06-05 22:02:39.752.
	 Executed 3 tests, with 0 failures (0 unexpected) in 0.001 (0.001) seconds
Test Suite 'RootViewTests' started at 2026-06-05 22:02:39.752.
Test Case '-[ChatAppTests.RootViewTests testResolvedScreenIsMainWhenAccountExists]' started.
Test Case '-[ChatAppTests.RootViewTests testResolvedScreenIsMainWhenAccountExists]' passed (0.000 seconds).
Test Case '-[ChatAppTests.RootViewTests testResolvedScreenIsRegistrationWhenNoAccountExists]' started.
Test Case '-[ChatAppTests.RootViewTests testResolvedScreenIsRegistrationWhenNoAccountExists]' passed (0.000 seconds).
Test Suite 'RootViewTests' passed at 2026-06-05 22:02:39.752.
	 Executed 2 tests, with 0 failures (0 unexpected) in 0.000 (0.000) seconds
Test Suite 'SessionStoreTests' started at 2026-06-05 22:02:39.752.
Test Case '-[ChatAppTests.SessionStoreTests testClearRemovesTokenForFreshSessionStore]' started.
Test Case '-[ChatAppTests.SessionStoreTests testClearRemovesTokenForFreshSessionStore]' passed (0.012 seconds).
Test Case '-[ChatAppTests.SessionStoreTests testFreshSessionStoreLoadsPersistedTokenFromSameKeychainAccount]' started.
Test Case '-[ChatAppTests.SessionStoreTests testFreshSessionStoreLoadsPersistedTokenFromSameKeychainAccount]' passed (0.011 seconds).
Test Case '-[ChatAppTests.SessionStoreTests testSessionTokenRoundTripsThroughKeychainAndCanBeCleared]' started.
Test Case '-[ChatAppTests.SessionStoreTests testSessionTokenRoundTripsThroughKeychainAndCanBeCleared]' passed (0.019 seconds).
Test Suite 'SessionStoreTests' passed at 2026-06-05 22:02:39.794.
	 Executed 3 tests, with 0 failures (0 unexpected) in 0.042 (0.042) seconds
Test Suite 'SyncCursorStoreTests' started at 2026-06-05 22:02:39.794.
Test Case '-[ChatAppTests.SyncCursorStoreTests testRoundTripsLastInboxSeqPerUserId]' started.
Test Case '-[ChatAppTests.SyncCursorStoreTests testRoundTripsLastInboxSeqPerUserId]' passed (0.001 seconds).
Test Case '-[ChatAppTests.SyncCursorStoreTests testUnknownUserDefaultsToZero]' started.
Test Case '-[ChatAppTests.SyncCursorStoreTests testUnknownUserDefaultsToZero]' passed (0.000 seconds).
Test Suite 'SyncCursorStoreTests' passed at 2026-06-05 22:02:39.796.
	 Executed 2 tests, with 0 failures (0 unexpected) in 0.002 (0.002) seconds
Test Suite 'X25519KeyManagerTests' started at 2026-06-05 22:02:39.796.
Test Case '-[ChatAppTests.X25519KeyManagerTests testLoadReturnsNilBeforeCreate]' started.
Test Case '-[ChatAppTests.X25519KeyManagerTests testLoadReturnsNilBeforeCreate]' passed (0.001 seconds).
Test Case '-[ChatAppTests.X25519KeyManagerTests testX25519KeyRoundTripsThroughDistinctKeychainAccount]' started.
Test Case '-[ChatAppTests.X25519KeyManagerTests testX25519KeyRoundTripsThroughDistinctKeychainAccount]' passed (0.018 seconds).
Test Suite 'X25519KeyManagerTests' passed at 2026-06-05 22:02:39.815.
	 Executed 2 tests, with 0 failures (0 unexpected) in 0.019 (0.019) seconds
Test Suite 'ChatAppPackageTests.xctest' passed at 2026-06-05 22:02:39.815.
	 Executed 185 tests, with 12 tests skipped and 0 failures (0 unexpected) in 2.938 (2.948) seconds
Test Suite 'All tests' passed at 2026-06-05 22:02:39.815.
	 Executed 185 tests, with 12 tests skipped and 0 failures (0 unexpected) in 2.938 (2.949) seconds
􀟈  Test run started.
􀄵  Testing Library Version: 1902
􀄵  Target Platform: arm64e-apple-macos14.0
􁁛  Test run with 0 tests in 0 suites passed after 0.001 seconds.
task-1b verify: PASS
verify: RUN (task-1c)
task-1c verify: running cargo build
   Compiling proc-macro2 v1.0.106
   Compiling unicode-ident v1.0.24
   Compiling quote v1.0.45
   Compiling libc v0.2.186
   Compiling cfg-if v1.0.4
   Compiling futures-core v0.3.32
   Compiling pin-project-lite v0.2.17
   Compiling stable_deref_trait v1.2.1
   Compiling scopeguard v1.2.0
   Compiling parking_lot_core v0.9.12
   Compiling bytes v1.11.1
   Compiling lock_api v0.4.14
   Compiling litemap v0.8.2
   Compiling writeable v0.6.3
   Compiling utf8_iter v1.0.4
   Compiling icu_normalizer_data v2.2.0
   Compiling smallvec v1.15.1
   Compiling version_check v0.9.5
   Compiling itoa v1.0.18
   Compiling memchr v2.8.1
   Compiling serde_core v1.0.228
   Compiling icu_properties_data v2.2.0
   Compiling generic-array v0.14.7
   Compiling typenum v1.20.1
   Compiling futures-sink v0.3.32
   Compiling futures-io v0.3.32
   Compiling slab v0.4.12
   Compiling futures-task v0.3.32
   Compiling crossbeam-utils v0.8.21
   Compiling once_cell v1.21.4
   Compiling percent-encoding v2.3.2
   Compiling serde v1.0.228
   Compiling form_urlencoded v1.2.2
   Compiling tracing-core v0.1.36
   Compiling log v0.4.31
   Compiling equivalent v1.0.2
   Compiling foldhash v0.1.5
   Compiling find-msvc-tools v0.1.9
   Compiling allocator-api2 v0.2.21
   Compiling thiserror v2.0.18
   Compiling autocfg v1.5.1
   Compiling shlex v2.0.1
   Compiling cc v1.2.63
   Compiling num-traits v0.2.19
   Compiling hashbrown v0.15.5
   Compiling syn v2.0.117
   Compiling pkg-config v0.3.33
   Compiling socket2 v0.6.4
   Compiling mio v1.2.1
   Compiling errno v0.3.14
   Compiling parking_lot v0.12.5
   Compiling signal-hook-registry v1.4.8
   Compiling block-buffer v0.10.4
   Compiling crypto-common v0.1.7
   Compiling cpufeatures v0.2.17
   Compiling digest v0.10.7
   Compiling parking v2.2.1
   Compiling zmij v1.0.21
   Compiling vcpkg v0.2.15
   Compiling crc-catalog v2.5.0
   Compiling hashbrown v0.17.1
   Compiling crc v3.4.0
   Compiling hashlink v0.10.0
   Compiling futures-util v0.3.32
   Compiling concurrent-queue v2.5.0
   Compiling crossbeam-queue v0.3.12
   Compiling spin v0.9.8
   Compiling event-listener v5.4.1
   Compiling ryu v1.0.23
   Compiling tokio v1.52.3
   Compiling libsqlite3-sys v0.30.1
   Compiling http v1.4.1
   Compiling futures-intrusive v0.5.0
   Compiling indexmap v2.14.0
   Compiling sha2 v0.10.9
   Compiling atoi v2.0.0
   Compiling futures-channel v0.3.32
   Compiling serde_json v1.0.150
   Compiling httparse v1.10.1
   Compiling base64 v0.22.1
   Compiling semver v1.0.28
   Compiling rustc_version v0.4.1
   Compiling flume v0.11.1
   Compiling http-body v1.0.1
   Compiling rustversion v1.0.22
   Compiling tower-service v0.3.3
   Compiling curve25519-dalek v4.1.3
   Compiling getrandom v0.4.2
   Compiling sync_wrapper v1.0.2
   Compiling httpdate v1.0.3
   Compiling dotenvy v0.15.7
   Compiling tower-layer v0.3.3
   Compiling hex v0.4.3
   Compiling heck v0.5.0
   Compiling atomic-waker v1.1.2
   Compiling http-body-util v0.1.3
   Compiling zeroize v1.8.2
   Compiling signature v2.2.0
   Compiling mime v0.3.17
   Compiling subtle v2.6.1
   Compiling ed25519 v2.2.3
   Compiling serde_path_to_error v0.1.20
   Compiling matchit v0.7.3
   Compiling uuid v1.23.2
   Compiling getrandom v0.2.17
   Compiling ed25519-dalek v2.2.0
   Compiling futures-executor v0.3.32
   Compiling synstructure v0.13.2
   Compiling zerofrom-derive v0.1.7
   Compiling yoke-derive v0.8.2
   Compiling zerovec-derive v0.11.3
   Compiling displaydoc v0.2.6
   Compiling serde_derive v1.0.228
   Compiling tracing-attributes v0.1.31
   Compiling tokio-macros v2.7.0
   Compiling thiserror-impl v2.0.18
   Compiling async-trait v0.1.89
   Compiling zerofrom v0.1.8
   Compiling tracing v0.1.44
   Compiling tokio-stream v0.1.18
   Compiling yoke v0.8.2
   Compiling axum-core v0.4.5
   Compiling tokio-util v0.7.18
   Compiling hyper v1.10.1
   Compiling tower v0.5.3
   Compiling hyper-util v0.1.20
   Compiling either v1.16.0
   Compiling serde_urlencoded v0.7.1
   Compiling zerovec v0.11.6
   Compiling zerotrie v0.2.4
   Compiling tinystr v0.8.3
   Compiling potential_utf v0.1.5
   Compiling icu_collections v2.2.0
   Compiling icu_locale_core v2.2.0
   Compiling icu_provider v2.2.0
   Compiling icu_properties v2.2.0
   Compiling icu_normalizer v2.2.0
   Compiling axum v0.7.9
   Compiling idna_adapter v1.2.2
   Compiling idna v1.1.0
   Compiling url v2.5.8
   Compiling sqlx-core v0.8.6
   Compiling sqlx-sqlite v0.8.6
   Compiling sqlx-macros-core v0.8.6
   Compiling sqlx-macros v0.8.6
   Compiling sqlx v0.8.6
   Compiling test-chat-backend v0.1.0 (/Users/ngthluu/choscor/test-chat-app/.agentloop/worktrees/task-fix-task9-verify-b3/backend)
    Finished `dev` profile [unoptimized + debuginfo] target(s) in 29.61s
task-1c verify: running cargo test
   Compiling test-chat-backend v0.1.0 (/Users/ngthluu/choscor/test-chat-app/.agentloop/worktrees/task-fix-task9-verify-b3/backend)
    Finished `test` profile [unoptimized + debuginfo] target(s) in 5.83s
     Running unittests src/lib.rs (target/debug/deps/test_chat_backend-acfff881fbeff8b8)

running 0 tests

test result: ok. 0 passed; 0 failed; 0 ignored; 0 measured; 0 filtered out; finished in 0.00s

     Running unittests src/main.rs (target/debug/deps/test_chat_backend-9d5476f2c3843da5)

running 0 tests

test result: ok. 0 passed; 0 failed; 0 ignored; 0 measured; 0 filtered out; finished in 0.00s

     Running tests/attachments.rs (target/debug/deps/attachments-14ccd7d85cb70557)

running 5 tests
test attachments_table_stores_no_plaintext_columns ... ok
test attachment_requires_bearer_token ... ok
test attachment_download_unknown_id_is_404 ... ok
test attachment_upload_then_download_round_trips_exact_bytes ... ok
test attachment_upload_rejects_oversize_payload_with_413 ... ok

test result: ok. 5 passed; 0 failed; 0 ignored; 0 measured; 0 filtered out; finished in 0.03s

     Running tests/auth.rs (target/debug/deps/auth-8604fa95047f6e2f)

running 8 tests
test auth_session_rejects_unknown_token ... ok
test auth_challenge_rejects_unknown_user ... ok
test auth_tables_store_no_private_material ... ok
test auth_malformed_json_returns_bad_request ... ok
test auth_challenge_returns_nonce_for_known_user ... ok
test auth_verify_with_bad_signature_is_rejected ... ok
test auth_verify_with_valid_signature_issues_session_token ... ok
test auth_verify_rejects_unknown_or_reused_challenge ... ok

test result: ok. 8 passed; 0 failed; 0 ignored; 0 measured; 0 filtered out; finished in 0.03s

     Running tests/conversations.rs (target/debug/deps/conversations-a7ed8ac73ee40eae)

running 7 tests
test conversations_requires_bearer_token ... ok
test conversations_include_inbound_only_peer_started_while_viewer_was_offline ... ok
test conversations_return_ciphertext_and_metadata_without_plaintext ... ok
test conversations_scope_excludes_unrelated_pairs_and_names_the_peer ... ok
test conversations_empty_for_user_with_no_messages ... ok
test conversations_use_rowid_tiebreaks_instead_of_random_uuid_order ... ok
test conversations_lists_distinct_peers_ordered_by_recent_activity ... ok

test result: ok. 7 passed; 0 failed; 0 ignored; 0 measured; 0 filtered out; finished in 0.03s

     Running tests/groups.rs (target/debug/deps/groups-dd51c3ddb97e60c4)

running 12 tests
test group_create_requires_bearer_token ... ok
test group_stream_requires_bearer_token ... ok
test group_tables_store_no_plaintext_columns ... ok
test group_list_returns_all_member_groups_in_rowid_order ... ok
test group_message_post_stores_exactly_the_ciphertext_blob ... ok
test group_message_history_returns_same_second_messages_in_send_order ... ok
test group_message_history_returns_only_ciphertext_for_members ... ok
test group_add_member_broadcasts_epoch_event_to_members ... ok
test group_stream_with_member_returns_sse_headers ... ok
test group_create_persists_name_membership_and_epoch_zero_keys ... ok
test group_endpoints_reject_non_members_with_403 ... ok
test group_add_member_bumps_epoch_and_blocks_prior_epoch_keys ... ok

test result: ok. 12 passed; 0 failed; 0 ignored; 0 measured; 0 filtered out; finished in 0.04s

     Running tests/messages.rs (target/debug/deps/messages-a293061aac4fd650)

running 14 tests
test messages_inbox_requires_bearer_token ... ok
test messages_post_requires_bearer_token ... ok
test messages_inbox_empty_for_caller_with_no_inbound_messages ... ok
test keys_publish_requires_valid_identity_signature ... ok
test messages_inbox_since_cursor_returns_only_later_rows_and_advances ... ok
test messages_stream_requires_bearer_token ... ok
test messages_history_returns_same_second_messages_in_send_order ... ok
test messages_inbox_delivers_same_second_messages_in_send_order ... ok
test keys_fetch_returns_published_prekey_for_username ... ok
test messages_inbox_is_scoped_to_recipient_inbound_messages_only ... ok
test messages_history_returns_only_ciphertext_and_is_scoped_to_the_pair ... ok
test messages_post_stores_exactly_the_ciphertext_blob ... ok
test messages_table_stores_no_plaintext_columns ... ok
test messages_stream_with_valid_token_returns_sse_headers ... ok

test result: ok. 14 passed; 0 failed; 0 ignored; 0 measured; 0 filtered out; finished in 0.05s

     Running tests/register.rs (target/debug/deps/register-6f9d859b8574001d)

running 3 tests
test register_stores_only_public_account_fields ... ok
test register_rejects_duplicate_username_without_second_row ... ok
test register_rejects_malformed_input ... ok

test result: ok. 3 passed; 0 failed; 0 ignored; 0 measured; 0 filtered out; finished in 0.02s

     Running tests/schema.rs (target/debug/deps/schema-b038f68994545c75)

running 2 tests
test migration_creates_users_table_with_only_public_account_columns ... ok
test schema_dump_prints_schema_sample_row_and_rejects_private_material ... ok

test result: ok. 2 passed; 0 failed; 0 ignored; 0 measured; 0 filtered out; finished in 0.20s

     Running tests/zk_relay_audit.rs (target/debug/deps/zk_relay_audit-bd3d74422e342891)

running 4 tests
test zk_relay_audit_fails_when_attachments_shape_drifts ... ok
test zk_relay_audit_fails_when_plaintext_column_exists ... ok
test zk_relay_audit_fails_when_private_key_column_exists ... ok
test zk_relay_audit_passes_for_ciphertext_only_schema ... ok

test result: ok. 4 passed; 0 failed; 0 ignored; 0 measured; 0 filtered out; finished in 0.91s

     Running tests/zk_sentinel.rs (target/debug/deps/zk_sentinel-1d21ce2d7220d674)

running 1 test
test zk_sentinel_roundtrip_stores_only_ciphertext_in_raw_db ... ok

test result: ok. 1 passed; 0 failed; 0 ignored; 0 measured; 0 filtered out; finished in 0.05s

   Doc-tests test_chat_backend

running 0 tests

test result: ok. 0 passed; 0 failed; 0 ignored; 0 measured; 0 filtered out; finished in 0.00s
task-1c verify: running live registration + schema/row dump
task-1c live-register-dump: starting backend on http://127.0.0.1:43982
task-1c live-register-dump: backend health check returned 200
task-1c live-register-dump: registration returned 201 with user_id 1d4c811e-d955-480b-a2a5-e933e163a523
task-1c live-register-dump: duplicate username returned 409
task-1c live-register-dump: malformed input returned 400
task-1c live-register-dump: running schema/row dump
PRAGMA table_info(users)
cid  name                 type  notnull  dflt_value  pk
---  -------------------  ----  -------  ----------  --
0    id                   TEXT  0                    1 
1    username             TEXT  1                    0 
2    identity_public_key  TEXT  1                    0 
3    created_at           TEXT  1                    0 

sample stored user row
id                                    username      identity_public_key   created_at          
------------------------------------  ------------  --------------------  --------------------
1d4c811e-d955-480b-a2a5-e933e163a523  task_1c_live  cHVibGljLWtleS0xMjM0  2026-06-05T15:03:31Z

confirmed no private/secret columns or private material in users schema or sample row
task-1c live-register-dump: PASS
task-1c verify: PASS
verify: RUN (task-1d)
task-1d verify: starting backend on http://127.0.0.1:45693
task-1d verify: backend health check returned 200
task-1d verify: building ChatApp
[0/1] Planning build
Building for debugging...
[0/3] Write swift-version--58304C5D6DBC2206.txt
Build complete! (0.15s)
task-1d verify: running scoped Swift account-flow tests (no live group E2E)
[0/1] Planning build
Test Suite 'Selected tests' started at 2026-06-05 22:03:35.650.
Test Suite 'ChatAppPackageTests.xctest' started at 2026-06-05 22:03:35.651.
Test Suite 'AppRouterTests' started at 2026-06-05 22:03:35.651.
Test Case '-[ChatAppTests.AppRouterTests testResolveReturnsMainWhenAccountExists]' started.
Test Case '-[ChatAppTests.AppRouterTests testResolveReturnsMainWhenAccountExists]' passed (0.001 seconds).
Test Case '-[ChatAppTests.AppRouterTests testResolveReturnsRegistrationWhenNoAccountExists]' started.
Test Case '-[ChatAppTests.AppRouterTests testResolveReturnsRegistrationWhenNoAccountExists]' passed (0.000 seconds).
Test Suite 'AppRouterTests' passed at 2026-06-05 22:03:35.653.
	 Executed 2 tests, with 0 failures (0 unexpected) in 0.001 (0.002) seconds
Test Suite 'LiveRegistrationE2ETests' started at 2026-06-05 22:03:35.653.
Test Case '-[ChatAppTests.LiveRegistrationE2ETests testLiveRegistrationPersistsAccountAndDuplicateShowsTakenError]' started.
Test Case '-[ChatAppTests.LiveRegistrationE2ETests testLiveRegistrationPersistsAccountAndDuplicateShowsTakenError]' passed (0.042 seconds).
Test Suite 'LiveRegistrationE2ETests' passed at 2026-06-05 22:03:35.696.
	 Executed 1 test, with 0 failures (0 unexpected) in 0.042 (0.043) seconds
Test Suite 'LocalAccountStoreTests' started at 2026-06-05 22:03:35.696.
Test Case '-[ChatAppTests.LocalAccountStoreTests testAccountFileContainsOnlyPublicAccountMaterial]' started.
Test Case '-[ChatAppTests.LocalAccountStoreTests testAccountFileContainsOnlyPublicAccountMaterial]' passed (0.002 seconds).
Test Case '-[ChatAppTests.LocalAccountStoreTests testClearRemovesPersistedAccount]' started.
Test Case '-[ChatAppTests.LocalAccountStoreTests testClearRemovesPersistedAccount]' passed (0.001 seconds).
Test Case '-[ChatAppTests.LocalAccountStoreTests testFreshStoreInSameDirectoryLoadsPersistedAccount]' started.
Test Case '-[ChatAppTests.LocalAccountStoreTests testFreshStoreInSameDirectoryLoadsPersistedAccount]' passed (0.002 seconds).
Test Case '-[ChatAppTests.LocalAccountStoreTests testSaveRoundTripsCurrentAccountAndHasAccount]' started.
Test Case '-[ChatAppTests.LocalAccountStoreTests testSaveRoundTripsCurrentAccountAndHasAccount]' passed (0.001 seconds).
Test Suite 'LocalAccountStoreTests' passed at 2026-06-05 22:03:35.701.
	 Executed 4 tests, with 0 failures (0 unexpected) in 0.005 (0.005) seconds
Test Suite 'RegisterPayloadTests' started at 2026-06-05 22:03:35.701.
Test Case '-[ChatAppTests.RegisterPayloadTests testEncodesExactlyUsernameAndIdentityPublicKey]' started.
Test Case '-[ChatAppTests.RegisterPayloadTests testEncodesExactlyUsernameAndIdentityPublicKey]' passed (0.000 seconds).
Test Suite 'RegisterPayloadTests' passed at 2026-06-05 22:03:35.701.
	 Executed 1 test, with 0 failures (0 unexpected) in 0.000 (0.000) seconds
Test Suite 'RegistrationCoordinatorTests' started at 2026-06-05 22:03:35.701.
Test Case '-[ChatAppTests.RegistrationCoordinatorTests testExistingAccountMarksCoordinatorRegisteredAtInit]' started.
Test Case '-[ChatAppTests.RegistrationCoordinatorTests testExistingAccountMarksCoordinatorRegisteredAtInit]' passed (0.001 seconds).
Test Case '-[ChatAppTests.RegistrationCoordinatorTests testSuccessfulRegistrationPersistsAccountAndMarksRegistered]' started.
Test Case '-[ChatAppTests.RegistrationCoordinatorTests testSuccessfulRegistrationPersistsAccountAndMarksRegistered]' passed (0.001 seconds).
Test Case '-[ChatAppTests.RegistrationCoordinatorTests testUsernameTakenShowsClearErrorAndDoesNotPersistAccount]' started.
Test Case '-[ChatAppTests.RegistrationCoordinatorTests testUsernameTakenShowsClearErrorAndDoesNotPersistAccount]' passed (0.001 seconds).
Test Suite 'RegistrationCoordinatorTests' passed at 2026-06-05 22:03:35.704.
	 Executed 3 tests, with 0 failures (0 unexpected) in 0.003 (0.003) seconds
Test Suite 'RegistrationServiceCaptureTests' started at 2026-06-05 22:03:35.704.
Test Case '-[ChatAppTests.RegistrationServiceCaptureTests testHTTPClientMapsBadRequestToInvalid]' started.
Test Case '-[ChatAppTests.RegistrationServiceCaptureTests testHTTPClientMapsBadRequestToInvalid]' passed (0.001 seconds).
Test Case '-[ChatAppTests.RegistrationServiceCaptureTests testHTTPClientMapsConflictToUsernameTaken]' started.
Test Case '-[ChatAppTests.RegistrationServiceCaptureTests testHTTPClientMapsConflictToUsernameTaken]' passed (0.003 seconds).
Test Case '-[ChatAppTests.RegistrationServiceCaptureTests testHTTPClientTransmitsExactlyTwoFieldRegisterPayload]' started.
Test Case '-[ChatAppTests.RegistrationServiceCaptureTests testHTTPClientTransmitsExactlyTwoFieldRegisterPayload]' passed (0.001 seconds).
Test Suite 'RegistrationServiceCaptureTests' passed at 2026-06-05 22:03:35.710.
	 Executed 3 tests, with 0 failures (0 unexpected) in 0.005 (0.005) seconds
Test Suite 'ChatAppPackageTests.xctest' passed at 2026-06-05 22:03:35.710.
	 Executed 14 tests, with 0 failures (0 unexpected) in 0.056 (0.058) seconds
Test Suite 'Selected tests' passed at 2026-06-05 22:03:35.710.
	 Executed 14 tests, with 0 failures (0 unexpected) in 0.056 (0.060) seconds
􀟈  Test run started.
􀄵  Testing Library Version: 1902
􀄵  Target Platform: arm64e-apple-macos14.0
􁁛  Test run with 0 tests in 0 suites passed after 0.001 seconds.
task-1d verify: running schema/row dump
PRAGMA table_info(users)
cid  name                 type  notnull  dflt_value  pk
---  -------------------  ----  -------  ----------  --
0    id                   TEXT  0                    1 
1    username             TEXT  1                    0 
2    identity_public_key  TEXT  1                    0 
3    created_at           TEXT  1                    0 

sample stored user row
id                                    username                   identity_public_key                           created_at          
------------------------------------  -------------------------  --------------------------------------------  --------------------
d29f967a-cddc-4ab0-b7ae-d0c94e806679  live_FEC524D4BE7B4C2E910C  +ggEGfmCcNH/PvSqz4B5BXNTeBAliT+fYTrrBu7eigw=  2026-06-05T15:03:35Z

confirmed no private/secret columns or private material in users schema or sample row
task-1d verify: PASS
/Users/ngthluu/choscor/test-chat-app/.agentloop/worktrees/task-fix-task9-verify-b3/.agentloop/state/tasks/task-1d/verify.sh: line 22: 92701 Terminated: 15          ( cd "${BACKEND_DIR}"; cargo run -- --db-path "${DB_PATH}" --port "${PORT}" ) > "${SERVER_LOG}" 2>&1
verify: RUN (task-3)
task-3 verify: building and testing backend
    Finished `dev` profile [unoptimized + debuginfo] target(s) in 0.07s
    Finished `test` profile [unoptimized + debuginfo] target(s) in 0.11s
     Running unittests src/lib.rs (target/debug/deps/test_chat_backend-acfff881fbeff8b8)

running 0 tests

test result: ok. 0 passed; 0 failed; 0 ignored; 0 measured; 0 filtered out; finished in 0.00s

     Running unittests src/main.rs (target/debug/deps/test_chat_backend-9d5476f2c3843da5)

running 0 tests

test result: ok. 0 passed; 0 failed; 0 ignored; 0 measured; 0 filtered out; finished in 0.00s

     Running tests/attachments.rs (target/debug/deps/attachments-14ccd7d85cb70557)

running 5 tests
test attachments_table_stores_no_plaintext_columns ... ok
test attachment_requires_bearer_token ... ok
test attachment_download_unknown_id_is_404 ... ok
test attachment_upload_then_download_round_trips_exact_bytes ... ok
test attachment_upload_rejects_oversize_payload_with_413 ... ok

test result: ok. 5 passed; 0 failed; 0 ignored; 0 measured; 0 filtered out; finished in 0.04s

     Running tests/auth.rs (target/debug/deps/auth-8604fa95047f6e2f)

running 8 tests
test auth_tables_store_no_private_material ... ok
test auth_challenge_rejects_unknown_user ... ok
test auth_session_rejects_unknown_token ... ok
test auth_malformed_json_returns_bad_request ... ok
test auth_challenge_returns_nonce_for_known_user ... ok
test auth_verify_with_bad_signature_is_rejected ... ok
test auth_verify_with_valid_signature_issues_session_token ... ok
test auth_verify_rejects_unknown_or_reused_challenge ... ok

test result: ok. 8 passed; 0 failed; 0 ignored; 0 measured; 0 filtered out; finished in 0.02s

     Running tests/conversations.rs (target/debug/deps/conversations-a7ed8ac73ee40eae)

running 7 tests
test conversations_requires_bearer_token ... ok
test conversations_include_inbound_only_peer_started_while_viewer_was_offline ... ok
test conversations_return_ciphertext_and_metadata_without_plaintext ... ok
test conversations_empty_for_user_with_no_messages ... ok
test conversations_scope_excludes_unrelated_pairs_and_names_the_peer ... ok
test conversations_lists_distinct_peers_ordered_by_recent_activity ... ok
test conversations_use_rowid_tiebreaks_instead_of_random_uuid_order ... ok

test result: ok. 7 passed; 0 failed; 0 ignored; 0 measured; 0 filtered out; finished in 0.03s

     Running tests/groups.rs (target/debug/deps/groups-dd51c3ddb97e60c4)

running 12 tests
test group_stream_requires_bearer_token ... ok
test group_create_requires_bearer_token ... ok
test group_tables_store_no_plaintext_columns ... ok
test group_list_returns_all_member_groups_in_rowid_order ... ok
test group_message_post_stores_exactly_the_ciphertext_blob ... ok
test group_message_history_returns_only_ciphertext_for_members ... ok
test group_create_persists_name_membership_and_epoch_zero_keys ... ok
test group_add_member_broadcasts_epoch_event_to_members ... ok
test group_endpoints_reject_non_members_with_403 ... ok
test group_stream_with_member_returns_sse_headers ... ok
test group_add_member_bumps_epoch_and_blocks_prior_epoch_keys ... ok
test group_message_history_returns_same_second_messages_in_send_order ... ok

test result: ok. 12 passed; 0 failed; 0 ignored; 0 measured; 0 filtered out; finished in 0.16s

     Running tests/messages.rs (target/debug/deps/messages-a293061aac4fd650)

running 14 tests
test messages_post_requires_bearer_token ... ok
test messages_inbox_requires_bearer_token ... ok
test messages_inbox_empty_for_caller_with_no_inbound_messages ... ok
test keys_publish_requires_valid_identity_signature ... ok
test messages_history_returns_same_second_messages_in_send_order ... ok
test messages_inbox_since_cursor_returns_only_later_rows_and_advances ... ok
test messages_stream_requires_bearer_token ... ok
test messages_inbox_delivers_same_second_messages_in_send_order ... ok
test keys_fetch_returns_published_prekey_for_username ... ok
test messages_inbox_is_scoped_to_recipient_inbound_messages_only ... ok
test messages_table_stores_no_plaintext_columns ... ok
test messages_history_returns_only_ciphertext_and_is_scoped_to_the_pair ... ok
test messages_stream_with_valid_token_returns_sse_headers ... ok
test messages_post_stores_exactly_the_ciphertext_blob ... ok

test result: ok. 14 passed; 0 failed; 0 ignored; 0 measured; 0 filtered out; finished in 0.05s

     Running tests/register.rs (target/debug/deps/register-6f9d859b8574001d)

running 3 tests
test register_stores_only_public_account_fields ... ok
test register_rejects_duplicate_username_without_second_row ... ok
test register_rejects_malformed_input ... ok

test result: ok. 3 passed; 0 failed; 0 ignored; 0 measured; 0 filtered out; finished in 0.02s

     Running tests/schema.rs (target/debug/deps/schema-b038f68994545c75)

running 2 tests
test migration_creates_users_table_with_only_public_account_columns ... ok
test schema_dump_prints_schema_sample_row_and_rejects_private_material ... ok

test result: ok. 2 passed; 0 failed; 0 ignored; 0 measured; 0 filtered out; finished in 0.06s

     Running tests/zk_relay_audit.rs (target/debug/deps/zk_relay_audit-bd3d74422e342891)

running 4 tests
test zk_relay_audit_fails_when_attachments_shape_drifts ... ok
test zk_relay_audit_fails_when_plaintext_column_exists ... ok
test zk_relay_audit_fails_when_private_key_column_exists ... ok
test zk_relay_audit_passes_for_ciphertext_only_schema ... ok

test result: ok. 4 passed; 0 failed; 0 ignored; 0 measured; 0 filtered out; finished in 0.92s

     Running tests/zk_sentinel.rs (target/debug/deps/zk_sentinel-1d21ce2d7220d674)

running 1 test
test zk_sentinel_roundtrip_stores_only_ciphertext_in_raw_db ... ok

test result: ok. 1 passed; 0 failed; 0 ignored; 0 measured; 0 filtered out; finished in 0.06s

   Doc-tests test_chat_backend

running 0 tests

test result: ok. 0 passed; 0 failed; 0 ignored; 0 measured; 0 filtered out; finished in 0.00s
task-3 verify: starting backend on http://127.0.0.1:46761
task-3 verify: backend health check returned 200
task-3 verify: building and testing Swift app with live DM E2E
[0/1] Planning build
Building for debugging...
[0/3] Write swift-version--58304C5D6DBC2206.txt
Build complete! (0.12s)
[0/1] Planning build
Building for debugging...
[0/4] Write swift-version--58304C5D6DBC2206.txt
Build complete! (0.12s)
Test Suite 'Selected tests' started at 2026-06-05 22:03:40.709.
Test Suite 'ChatAppPackageTests.xctest' started at 2026-06-05 22:03:40.710.
Test Suite 'DMCoordinatorTests' started at 2026-06-05 22:03:40.710.
Test Case '-[ChatAppTests.DMCoordinatorTests testCancelLiveSubscriptionCancelsWithoutRemovingMessages]' started.
Test Case '-[ChatAppTests.DMCoordinatorTests testCancelLiveSubscriptionCancelsWithoutRemovingMessages]' passed (0.040 seconds).
Test Case '-[ChatAppTests.DMCoordinatorTests testLoadHistoryDecryptsInboundRecordIntoDisplayMessages]' started.
Test Case '-[ChatAppTests.DMCoordinatorTests testLoadHistoryDecryptsInboundRecordIntoDisplayMessages]' passed (0.031 seconds).
Test Case '-[ChatAppTests.DMCoordinatorTests testLoadHistoryDetectsAttachmentDescriptorAndDownloadReturnsOriginalBytes]' started.
Test Case '-[ChatAppTests.DMCoordinatorTests testLoadHistoryDetectsAttachmentDescriptorAndDownloadReturnsOriginalBytes]' passed (0.031 seconds).
Test Case '-[ChatAppTests.DMCoordinatorTests testSendAttachmentUploadsEncryptedBlobAndSendsEncryptedDescriptor]' started.
Test Case '-[ChatAppTests.DMCoordinatorTests testSendAttachmentUploadsEncryptedBlobAndSendsEncryptedDescriptor]' passed (0.036 seconds).
Test Case '-[ChatAppTests.DMCoordinatorTests testSendEncryptsCiphertextAndRecipientCanDecryptIt]' started.
Test Case '-[ChatAppTests.DMCoordinatorTests testSendEncryptsCiphertextAndRecipientCanDecryptIt]' passed (0.026 seconds).
Test Case '-[ChatAppTests.DMCoordinatorTests testStartConversationRejectsPeerWithInvalidPrekeySignature]' started.
Test Case '-[ChatAppTests.DMCoordinatorTests testStartConversationRejectsPeerWithInvalidPrekeySignature]' passed (0.012 seconds).
Test Case '-[ChatAppTests.DMCoordinatorTests testStartConversationShowsUserNotFoundForMissingPeer]' started.
Test Case '-[ChatAppTests.DMCoordinatorTests testStartConversationShowsUserNotFoundForMissingPeer]' passed (0.013 seconds).
Test Case '-[ChatAppTests.DMCoordinatorTests testSubscribeLiveCatchesUpOfflineHistoryInServerOrderAndDedupesSSE]' started.
Test Case '-[ChatAppTests.DMCoordinatorTests testSubscribeLiveCatchesUpOfflineHistoryInServerOrderAndDedupesSSE]' passed (0.045 seconds).
Test Case '-[ChatAppTests.DMCoordinatorTests testSubscribeLiveDecryptsInboundRecordAndDedupesExistingMessages]' started.
Test Case '-[ChatAppTests.DMCoordinatorTests testSubscribeLiveDecryptsInboundRecordAndDedupesExistingMessages]' passed (0.121 seconds).
Test Case '-[ChatAppTests.DMCoordinatorTests testSubscribeLiveDeliversAttachmentDisplayDedupesAndDownloadsOriginalBytes]' started.
Test Case '-[ChatAppTests.DMCoordinatorTests testSubscribeLiveDeliversAttachmentDisplayDedupesAndDownloadsOriginalBytes]' passed (0.196 seconds).
Test Suite 'DMCoordinatorTests' passed at 2026-06-05 22:03:41.262.
	 Executed 10 tests, with 0 failures (0 unexpected) in 0.551 (0.551) seconds
Test Suite 'HTTPMessageServiceTests' started at 2026-06-05 22:03:41.262.
Test Case '-[ChatAppTests.HTTPMessageServiceTests testFetchPrekeyDecodesResponseAndMaps404ToNil]' started.
Test Case '-[ChatAppTests.HTTPMessageServiceTests testFetchPrekeyDecodesResponseAndMaps404ToNil]' passed (0.008 seconds).
Test Case '-[ChatAppTests.HTTPMessageServiceTests testHistoryDecodesBackendObjectResponse]' started.
Test Case '-[ChatAppTests.HTTPMessageServiceTests testHistoryDecodesBackendObjectResponse]' passed (0.001 seconds).
Test Case '-[ChatAppTests.HTTPMessageServiceTests testHistoryDecodesMessageRecords]' started.
Test Case '-[ChatAppTests.HTTPMessageServiceTests testHistoryDecodesMessageRecords]' passed (0.001 seconds).
Test Case '-[ChatAppTests.HTTPMessageServiceTests testInboxGetsSinceCursorWithBearerTokenAndDecodesPage]' started.
Test Case '-[ChatAppTests.HTTPMessageServiceTests testInboxGetsSinceCursorWithBearerTokenAndDecodesPage]' passed (0.001 seconds).
Test Case '-[ChatAppTests.HTTPMessageServiceTests testLiveMessagesYieldsSSERecordsAndCompletes]' started.
Test Case '-[ChatAppTests.HTTPMessageServiceTests testLiveMessagesYieldsSSERecordsAndCompletes]' passed (0.001 seconds).
Test Case '-[ChatAppTests.HTTPMessageServiceTests testParseSSEEventDecodesDataLineAndIgnoresOtherLines]' started.
Test Case '-[ChatAppTests.HTTPMessageServiceTests testParseSSEEventDecodesDataLineAndIgnoresOtherLines]' passed (0.000 seconds).
Test Case '-[ChatAppTests.HTTPMessageServiceTests testPublishPrekeyPutsSignedPrekeyWithBearerToken]' started.
Test Case '-[ChatAppTests.HTTPMessageServiceTests testPublishPrekeyPutsSignedPrekeyWithBearerToken]' passed (0.001 seconds).
Test Case '-[ChatAppTests.HTTPMessageServiceTests testSendMapsRecipientNotFoundAndFailure]' started.
Test Case '-[ChatAppTests.HTTPMessageServiceTests testSendMapsRecipientNotFoundAndFailure]' passed (0.001 seconds).
Test Case '-[ChatAppTests.HTTPMessageServiceTests testSendPostsCiphertextOnlyWithBearerToken]' started.
Test Case '-[ChatAppTests.HTTPMessageServiceTests testSendPostsCiphertextOnlyWithBearerToken]' passed (0.001 seconds).
Test Suite 'HTTPMessageServiceTests' passed at 2026-06-05 22:03:41.277.
	 Executed 9 tests, with 0 failures (0 unexpected) in 0.015 (0.016) seconds
Test Suite 'LiveAuthE2ETests' started at 2026-06-05 22:03:41.277.
Test Case '-[ChatAppTests.LiveAuthE2ETests testLivePasswordFreeAuthRoundTripAndRejectsCorruptedSignature]' started.
Test Case '-[ChatAppTests.LiveAuthE2ETests testLivePasswordFreeAuthRoundTripAndRejectsCorruptedSignature]' passed (0.022 seconds).
Test Suite 'LiveAuthE2ETests' passed at 2026-06-05 22:03:41.300.
	 Executed 1 test, with 0 failures (0 unexpected) in 0.022 (0.022) seconds
Test Suite 'LiveDME2ETests' started at 2026-06-05 22:03:41.300.
Test Case '-[ChatAppTests.LiveDME2ETests testLiveEncryptedDirectMessageRoundTripStoresOnlyCiphertext]' started.
Test Case '-[ChatAppTests.LiveDME2ETests testLiveEncryptedDirectMessageRoundTripStoresOnlyCiphertext]' passed (0.187 seconds).
Test Suite 'LiveDME2ETests' passed at 2026-06-05 22:03:41.487.
	 Executed 1 test, with 0 failures (0 unexpected) in 0.187 (0.187) seconds
Test Suite 'LiveRegistrationE2ETests' started at 2026-06-05 22:03:41.487.
Test Case '-[ChatAppTests.LiveRegistrationE2ETests testLiveRegistrationPersistsAccountAndDuplicateShowsTakenError]' started.
Test Case '-[ChatAppTests.LiveRegistrationE2ETests testLiveRegistrationPersistsAccountAndDuplicateShowsTakenError]' passed (0.003 seconds).
Test Suite 'LiveRegistrationE2ETests' passed at 2026-06-05 22:03:41.489.
	 Executed 1 test, with 0 failures (0 unexpected) in 0.003 (0.003) seconds
Test Suite 'MessageCryptoTests' started at 2026-06-05 22:03:41.489.
Test Case '-[ChatAppTests.MessageCryptoTests testEncryptDecryptRoundTripsToExactPlaintext]' started.
Test Case '-[ChatAppTests.MessageCryptoTests testEncryptDecryptRoundTripsToExactPlaintext]' passed (0.000 seconds).
Test Case '-[ChatAppTests.MessageCryptoTests testEnvelopeBytesDoNotContainPlaintext]' started.
Test Case '-[ChatAppTests.MessageCryptoTests testEnvelopeBytesDoNotContainPlaintext]' passed (0.000 seconds).
Test Case '-[ChatAppTests.MessageCryptoTests testPrekeySignatureVerifiesAndRejectsTampering]' started.
Test Case '-[ChatAppTests.MessageCryptoTests testPrekeySignatureVerifiesAndRejectsTampering]' passed (0.000 seconds).
Test Case '-[ChatAppTests.MessageCryptoTests testSamePlaintextEncryptsToDifferentEnvelopes]' started.
Test Case '-[ChatAppTests.MessageCryptoTests testSamePlaintextEncryptsToDifferentEnvelopes]' passed (0.000 seconds).
Test Case '-[ChatAppTests.MessageCryptoTests testTamperedEnvelopeThrows]' started.
Test Case '-[ChatAppTests.MessageCryptoTests testTamperedEnvelopeThrows]' passed (0.000 seconds).
Test Case '-[ChatAppTests.MessageCryptoTests testThirdPartyCannotDecrypt]' started.
Test Case '-[ChatAppTests.MessageCryptoTests testThirdPartyCannotDecrypt]' passed (0.000 seconds).
Test Suite 'MessageCryptoTests' passed at 2026-06-05 22:03:41.491.
	 Executed 6 tests, with 0 failures (0 unexpected) in 0.002 (0.002) seconds
Test Suite 'MessageEnvelopeTests' started at 2026-06-05 22:03:41.491.
Test Case '-[ChatAppTests.MessageEnvelopeTests testEncodedPayloadsContainNoPlaintextBodyOrTextFields]' started.
Test Case '-[ChatAppTests.MessageEnvelopeTests testEncodedPayloadsContainNoPlaintextBodyOrTextFields]' passed (0.000 seconds).
Test Case '-[ChatAppTests.MessageEnvelopeTests testMessageRecordDecodesSnakeCaseFields]' started.
Test Case '-[ChatAppTests.MessageEnvelopeTests testMessageRecordDecodesSnakeCaseFields]' passed (0.000 seconds).
Test Case '-[ChatAppTests.MessageEnvelopeTests testPrekeyResponseDecodesSnakeCaseFields]' started.
Test Case '-[ChatAppTests.MessageEnvelopeTests testPrekeyResponseDecodesSnakeCaseFields]' passed (0.000 seconds).
Test Case '-[ChatAppTests.MessageEnvelopeTests testPublishPrekeyRequestEncodesExactSnakeCaseKeys]' started.
Test Case '-[ChatAppTests.MessageEnvelopeTests testPublishPrekeyRequestEncodesExactSnakeCaseKeys]' passed (0.000 seconds).
Test Case '-[ChatAppTests.MessageEnvelopeTests testSendMessageRequestEncodesExactCiphertextKeys]' started.
Test Case '-[ChatAppTests.MessageEnvelopeTests testSendMessageRequestEncodesExactCiphertextKeys]' passed (0.000 seconds).
Test Case '-[ChatAppTests.MessageEnvelopeTests testSendMessageResponseDecodesSnakeCaseFields]' started.
Test Case '-[ChatAppTests.MessageEnvelopeTests testSendMessageResponseDecodesSnakeCaseFields]' passed (0.000 seconds).
Test Suite 'MessageEnvelopeTests' passed at 2026-06-05 22:03:41.492.
	 Executed 6 tests, with 0 failures (0 unexpected) in 0.001 (0.001) seconds
Test Suite 'ChatAppPackageTests.xctest' passed at 2026-06-05 22:03:41.492.
	 Executed 34 tests, with 0 failures (0 unexpected) in 0.779 (0.782) seconds
Test Suite 'Selected tests' passed at 2026-06-05 22:03:41.492.
	 Executed 34 tests, with 0 failures (0 unexpected) in 0.779 (0.783) seconds
􀟈  Test run started.
􀄵  Testing Library Version: 1902
􀄵  Target Platform: arm64e-apple-macos14.0
􁁛  Test run with 0 tests in 0 suites passed after 0.001 seconds.
task-3 verify: proving wire, history, and DB contain ciphertext only
task-3 verify: checking message/device key schemas
task-3 verify: PASS
/Users/ngthluu/choscor/test-chat-app/.agentloop/worktrees/task-fix-task9-verify-b3/.agentloop/state/tasks/task-3/verify.sh: line 26: 94794 Terminated: 15          ( cd "${BACKEND_DIR}"; cargo run -- --db-path "${DB_PATH}" --port "${PORT}" ) > "${SERVER_LOG}" 2>&1
verify: RUN (task-4)
task-4 verify: STEP A backend build and tests
    Finished `dev` profile [unoptimized + debuginfo] target(s) in 0.07s
    Finished `test` profile [unoptimized + debuginfo] target(s) in 0.07s
     Running unittests src/lib.rs (target/debug/deps/test_chat_backend-acfff881fbeff8b8)

running 0 tests

test result: ok. 0 passed; 0 failed; 0 ignored; 0 measured; 0 filtered out; finished in 0.00s

     Running unittests src/main.rs (target/debug/deps/test_chat_backend-9d5476f2c3843da5)

running 0 tests

test result: ok. 0 passed; 0 failed; 0 ignored; 0 measured; 0 filtered out; finished in 0.00s

     Running tests/attachments.rs (target/debug/deps/attachments-14ccd7d85cb70557)

running 5 tests
test attachments_table_stores_no_plaintext_columns ... ok
test attachment_requires_bearer_token ... ok
test attachment_download_unknown_id_is_404 ... ok
test attachment_upload_then_download_round_trips_exact_bytes ... ok
test attachment_upload_rejects_oversize_payload_with_413 ... ok

test result: ok. 5 passed; 0 failed; 0 ignored; 0 measured; 0 filtered out; finished in 0.02s

     Running tests/auth.rs (target/debug/deps/auth-8604fa95047f6e2f)

running 8 tests
test auth_tables_store_no_private_material ... ok
test auth_session_rejects_unknown_token ... ok
test auth_challenge_rejects_unknown_user ... ok
test auth_malformed_json_returns_bad_request ... ok
test auth_challenge_returns_nonce_for_known_user ... ok
test auth_verify_with_bad_signature_is_rejected ... ok
test auth_verify_with_valid_signature_issues_session_token ... ok
test auth_verify_rejects_unknown_or_reused_challenge ... ok

test result: ok. 8 passed; 0 failed; 0 ignored; 0 measured; 0 filtered out; finished in 0.02s

     Running tests/conversations.rs (target/debug/deps/conversations-a7ed8ac73ee40eae)

running 7 tests
test conversations_requires_bearer_token ... ok
test conversations_return_ciphertext_and_metadata_without_plaintext ... ok
test conversations_include_inbound_only_peer_started_while_viewer_was_offline ... ok
test conversations_empty_for_user_with_no_messages ... ok
test conversations_scope_excludes_unrelated_pairs_and_names_the_peer ... ok
test conversations_use_rowid_tiebreaks_instead_of_random_uuid_order ... ok
test conversations_lists_distinct_peers_ordered_by_recent_activity ... ok

test result: ok. 7 passed; 0 failed; 0 ignored; 0 measured; 0 filtered out; finished in 0.03s

     Running tests/groups.rs (target/debug/deps/groups-dd51c3ddb97e60c4)

running 12 tests
test group_stream_requires_bearer_token ... ok
test group_create_requires_bearer_token ... ok
test group_tables_store_no_plaintext_columns ... ok
test group_list_returns_all_member_groups_in_rowid_order ... ok
test group_message_history_returns_same_second_messages_in_send_order ... ok
test group_message_history_returns_only_ciphertext_for_members ... ok
test group_message_post_stores_exactly_the_ciphertext_blob ... ok
test group_create_persists_name_membership_and_epoch_zero_keys ... ok
test group_stream_with_member_returns_sse_headers ... ok
test group_add_member_broadcasts_epoch_event_to_members ... ok
test group_endpoints_reject_non_members_with_403 ... ok
test group_add_member_bumps_epoch_and_blocks_prior_epoch_keys ... ok

test result: ok. 12 passed; 0 failed; 0 ignored; 0 measured; 0 filtered out; finished in 0.04s

     Running tests/messages.rs (target/debug/deps/messages-a293061aac4fd650)

running 14 tests
test messages_post_requires_bearer_token ... ok
test messages_inbox_requires_bearer_token ... ok
test messages_inbox_empty_for_caller_with_no_inbound_messages ... ok
test keys_publish_requires_valid_identity_signature ... ok
test messages_stream_requires_bearer_token ... ok
test messages_inbox_since_cursor_returns_only_later_rows_and_advances ... ok
test messages_history_returns_same_second_messages_in_send_order ... ok
test messages_inbox_delivers_same_second_messages_in_send_order ... ok
test messages_inbox_is_scoped_to_recipient_inbound_messages_only ... ok
test keys_fetch_returns_published_prekey_for_username ... ok
test messages_table_stores_no_plaintext_columns ... ok
test messages_history_returns_only_ciphertext_and_is_scoped_to_the_pair ... ok
test messages_stream_with_valid_token_returns_sse_headers ... ok
test messages_post_stores_exactly_the_ciphertext_blob ... ok

test result: ok. 14 passed; 0 failed; 0 ignored; 0 measured; 0 filtered out; finished in 0.04s

     Running tests/register.rs (target/debug/deps/register-6f9d859b8574001d)

running 3 tests
test register_stores_only_public_account_fields ... ok
test register_rejects_duplicate_username_without_second_row ... ok
test register_rejects_malformed_input ... ok

test result: ok. 3 passed; 0 failed; 0 ignored; 0 measured; 0 filtered out; finished in 0.01s

     Running tests/schema.rs (target/debug/deps/schema-b038f68994545c75)

running 2 tests
test migration_creates_users_table_with_only_public_account_columns ... ok
test schema_dump_prints_schema_sample_row_and_rejects_private_material ... ok

test result: ok. 2 passed; 0 failed; 0 ignored; 0 measured; 0 filtered out; finished in 0.03s

     Running tests/zk_relay_audit.rs (target/debug/deps/zk_relay_audit-bd3d74422e342891)

running 4 tests
test zk_relay_audit_fails_when_attachments_shape_drifts ... ok
test zk_relay_audit_fails_when_plaintext_column_exists ... ok
test zk_relay_audit_fails_when_private_key_column_exists ... ok
test zk_relay_audit_passes_for_ciphertext_only_schema ... ok

test result: ok. 4 passed; 0 failed; 0 ignored; 0 measured; 0 filtered out; finished in 0.41s

     Running tests/zk_sentinel.rs (target/debug/deps/zk_sentinel-1d21ce2d7220d674)

running 1 test
test zk_sentinel_roundtrip_stores_only_ciphertext_in_raw_db ... ok

test result: ok. 1 passed; 0 failed; 0 ignored; 0 measured; 0 filtered out; finished in 0.03s

   Doc-tests test_chat_backend

running 0 tests

test result: ok. 0 passed; 0 failed; 0 ignored; 0 measured; 0 filtered out; finished in 0.00s
task-4 verify: STEP B independent sentinel DB audit
task-4 verify: DM sentinel absent from raw SQLite bytes; messages.ciphertext matches wire ciphertext
task-4 verify: attachment sentinel absent from raw SQLite bytes; attachment metadata row present without plaintext
ZERO-KNOWLEDGE SCHEMA AUDIT
database: /var/folders/q9/1lgsjv4n37n0gcrdmg1rfjy00000gn/T/zk-sentinel-b66f99c1-6b76-48e6-99cf-31418ddafe0e.sqlite

table: attachments
PRAGMA table_info(attachments)
cid  name         type     notnull  dflt_value  pk
---  -----------  -------  -------  ----------  --
0    id           TEXT     0                    1 
1    uploader_id  TEXT     1                    0 
2    ciphertext   BLOB     1                    0 
3    byte_size    INTEGER  1                    0 
4    created_at   TEXT     1                    0 
classification:
  - id: identifier
  - uploader_id: routing-metadata
  - ciphertext: opaque-ciphertext
  - byte_size: routing-metadata
  - created_at: timestamp

table: auth_challenges
PRAGMA table_info(auth_challenges)
cid  name        type  notnull  dflt_value  pk
---  ----------  ----  -------  ----------  --
0    id          TEXT  0                    1 
1    user_id     TEXT  1                    0 
2    nonce       TEXT  1                    0 
3    created_at  TEXT  1                    0 
4    expires_at  TEXT  1                    0 
classification:
  - id: identifier
  - user_id: identifier
  - nonce: random-nonce
  - created_at: timestamp
  - expires_at: timestamp

table: device_keys
PRAGMA table_info(device_keys)
cid  name               type  notnull  dflt_value  pk
---  -----------------  ----  -------  ----------  --
0    user_id            TEXT  0                    1 
1    x25519_public_key  TEXT  1                    0 
2    key_signature      TEXT  1                    0 
3    created_at         TEXT  1                    0 
classification:
  - user_id: identifier
  - x25519_public_key: public-key
  - key_signature: signature
  - created_at: timestamp

table: group_keys
PRAGMA table_info(group_keys)
cid  name         type     notnull  dflt_value  pk
---  -----------  -------  -------  ----------  --
0    group_id     TEXT     1                    1 
1    epoch        INTEGER  1                    2 
2    member_id    TEXT     1                    3 
3    wrapped_key  TEXT     1                    0 
4    created_at   TEXT     1                    0 
classification:
  - group_id: identifier
  - epoch: identifier
  - member_id: identifier
  - wrapped_key: identifier
  - created_at: timestamp

table: group_members
PRAGMA table_info(group_members)
cid  name          type     notnull  dflt_value  pk
---  ------------  -------  -------  ----------  --
0    group_id      TEXT     1                    1 
1    user_id       TEXT     1                    2 
2    joined_epoch  INTEGER  1                    0 
3    added_at      TEXT     1                    0 
classification:
  - group_id: identifier
  - user_id: identifier
  - joined_epoch: identifier
  - added_at: identifier

table: group_messages
PRAGMA table_info(group_messages)
cid  name        type     notnull  dflt_value  pk
---  ----------  -------  -------  ----------  --
0    id          TEXT     0                    1 
1    group_id    TEXT     1                    0 
2    sender_id   TEXT     1                    0 
3    epoch       INTEGER  1                    0 
4    ciphertext  TEXT     1                    0 
5    created_at  TEXT     1                    0 
classification:
  - id: identifier
  - group_id: identifier
  - sender_id: identifier
  - epoch: identifier
  - ciphertext: identifier
  - created_at: timestamp

table: groups
PRAGMA table_info(groups)
cid  name           type     notnull  dflt_value  pk
---  -------------  -------  -------  ----------  --
0    id             TEXT     0                    1 
1    name           TEXT     1                    0 
2    creator_id     TEXT     1                    0 
3    current_epoch  INTEGER  1                    0 
4    created_at     TEXT     1                    0 
classification:
  - id: identifier
  - name: identifier
  - creator_id: identifier
  - current_epoch: identifier
  - created_at: timestamp

table: messages
PRAGMA table_info(messages)
cid  name          type  notnull  dflt_value  pk
---  ------------  ----  -------  ----------  --
0    id            TEXT  0                    1 
1    sender_id     TEXT  1                    0 
2    recipient_id  TEXT  1                    0 
3    ciphertext    TEXT  1                    0 
4    created_at    TEXT  1                    0 
classification:
  - id: identifier
  - sender_id: routing-metadata
  - recipient_id: routing-metadata
  - ciphertext: opaque-ciphertext
  - created_at: timestamp

table: sessions
PRAGMA table_info(sessions)
cid  name        type  notnull  dflt_value  pk
---  ----------  ----  -------  ----------  --
0    token       TEXT  0                    1 
1    user_id     TEXT  1                    0 
2    created_at  TEXT  1                    0 
3    expires_at  TEXT  1                    0 
classification:
  - token: session-token
  - user_id: identifier
  - created_at: timestamp
  - expires_at: timestamp

table: users
PRAGMA table_info(users)
cid  name                 type  notnull  dflt_value  pk
---  -------------------  ----  -------  ----------  --
0    id                   TEXT  0                    1 
1    username             TEXT  1                    0 
2    identity_public_key  TEXT  1                    0 
3    created_at           TEXT  1                    0 
classification:
  - id: identifier
  - username: identifier
  - identity_public_key: public-key
  - created_at: timestamp

ZERO-KNOWLEDGE SCHEMA AUDIT: PASS — no plaintext or private-key columns in any table
task-4 verify: STEP C live backend schema and log audit on http://127.0.0.1:50361
task-4 verify: backend health check returned 200
ZERO-KNOWLEDGE SCHEMA AUDIT
database: /var/folders/q9/1lgsjv4n37n0gcrdmg1rfjy00000gn/T/task-4-live-db.XXXXXX.EiQJPyQLw6

table: attachments
PRAGMA table_info(attachments)
cid  name         type     notnull  dflt_value  pk
---  -----------  -------  -------  ----------  --
0    id           TEXT     0                    1 
1    uploader_id  TEXT     1                    0 
2    ciphertext   BLOB     1                    0 
3    byte_size    INTEGER  1                    0 
4    created_at   TEXT     1                    0 
classification:
  - id: identifier
  - uploader_id: routing-metadata
  - ciphertext: opaque-ciphertext
  - byte_size: routing-metadata
  - created_at: timestamp

table: auth_challenges
PRAGMA table_info(auth_challenges)
cid  name        type  notnull  dflt_value  pk
---  ----------  ----  -------  ----------  --
0    id          TEXT  0                    1 
1    user_id     TEXT  1                    0 
2    nonce       TEXT  1                    0 
3    created_at  TEXT  1                    0 
4    expires_at  TEXT  1                    0 
classification:
  - id: identifier
  - user_id: identifier
  - nonce: random-nonce
  - created_at: timestamp
  - expires_at: timestamp

table: device_keys
PRAGMA table_info(device_keys)
cid  name               type  notnull  dflt_value  pk
---  -----------------  ----  -------  ----------  --
0    user_id            TEXT  0                    1 
1    x25519_public_key  TEXT  1                    0 
2    key_signature      TEXT  1                    0 
3    created_at         TEXT  1                    0 
classification:
  - user_id: identifier
  - x25519_public_key: public-key
  - key_signature: signature
  - created_at: timestamp

table: group_keys
PRAGMA table_info(group_keys)
cid  name         type     notnull  dflt_value  pk
---  -----------  -------  -------  ----------  --
0    group_id     TEXT     1                    1 
1    epoch        INTEGER  1                    2 
2    member_id    TEXT     1                    3 
3    wrapped_key  TEXT     1                    0 
4    created_at   TEXT     1                    0 
classification:
  - group_id: identifier
  - epoch: identifier
  - member_id: identifier
  - wrapped_key: identifier
  - created_at: timestamp

table: group_members
PRAGMA table_info(group_members)
cid  name          type     notnull  dflt_value  pk
---  ------------  -------  -------  ----------  --
0    group_id      TEXT     1                    1 
1    user_id       TEXT     1                    2 
2    joined_epoch  INTEGER  1                    0 
3    added_at      TEXT     1                    0 
classification:
  - group_id: identifier
  - user_id: identifier
  - joined_epoch: identifier
  - added_at: identifier

table: group_messages
PRAGMA table_info(group_messages)
cid  name        type     notnull  dflt_value  pk
---  ----------  -------  -------  ----------  --
0    id          TEXT     0                    1 
1    group_id    TEXT     1                    0 
2    sender_id   TEXT     1                    0 
3    epoch       INTEGER  1                    0 
4    ciphertext  TEXT     1                    0 
5    created_at  TEXT     1                    0 
classification:
  - id: identifier
  - group_id: identifier
  - sender_id: identifier
  - epoch: identifier
  - ciphertext: identifier
  - created_at: timestamp

table: groups
PRAGMA table_info(groups)
cid  name           type     notnull  dflt_value  pk
---  -------------  -------  -------  ----------  --
0    id             TEXT     0                    1 
1    name           TEXT     1                    0 
2    creator_id     TEXT     1                    0 
3    current_epoch  INTEGER  1                    0 
4    created_at     TEXT     1                    0 
classification:
  - id: identifier
  - name: identifier
  - creator_id: identifier
  - current_epoch: identifier
  - created_at: timestamp

table: messages
PRAGMA table_info(messages)
cid  name          type  notnull  dflt_value  pk
---  ------------  ----  -------  ----------  --
0    id            TEXT  0                    1 
1    sender_id     TEXT  1                    0 
2    recipient_id  TEXT  1                    0 
3    ciphertext    TEXT  1                    0 
4    created_at    TEXT  1                    0 
classification:
  - id: identifier
  - sender_id: routing-metadata
  - recipient_id: routing-metadata
  - ciphertext: opaque-ciphertext
  - created_at: timestamp

table: sessions
PRAGMA table_info(sessions)
cid  name        type  notnull  dflt_value  pk
---  ----------  ----  -------  ----------  --
0    token       TEXT  0                    1 
1    user_id     TEXT  1                    0 
2    created_at  TEXT  1                    0 
3    expires_at  TEXT  1                    0 
classification:
  - token: session-token
  - user_id: identifier
  - created_at: timestamp
  - expires_at: timestamp

table: users
PRAGMA table_info(users)
cid  name                 type  notnull  dflt_value  pk
---  -------------------  ----  -------  ----------  --
0    id                   TEXT  0                    1 
1    username             TEXT  1                    0 
2    identity_public_key  TEXT  1                    0 
3    created_at           TEXT  1                    0 
classification:
  - id: identifier
  - username: identifier
  - identity_public_key: public-key
  - created_at: timestamp

ZERO-KNOWLEDGE SCHEMA AUDIT: PASS — no plaintext or private-key columns in any table
task-4 verify: server log bytes=223
task-4 verify: server log head
    Finished `dev` profile [unoptimized + debuginfo] target(s) in 0.07s
     Running `target/debug/test-chat-backend --db-path /var/folders/q9/1lgsjv4n37n0gcrdmg1rfjy00000gn/T/task-4-live-db.XXXXXX.EiQJPyQLw6 --port 50361`
task-4 verify: PASS
verify: RUN (task-5-r1)
reaped 2 stale test-chat-backend process(es)
cargo build
    Finished `dev` profile [unoptimized + debuginfo] target(s) in 0.19s
cargo test
    Finished `test` profile [unoptimized + debuginfo] target(s) in 0.11s
     Running unittests src/lib.rs (target/debug/deps/test_chat_backend-acfff881fbeff8b8)

running 0 tests

test result: ok. 0 passed; 0 failed; 0 ignored; 0 measured; 0 filtered out; finished in 0.00s

     Running unittests src/main.rs (target/debug/deps/test_chat_backend-9d5476f2c3843da5)

running 0 tests

test result: ok. 0 passed; 0 failed; 0 ignored; 0 measured; 0 filtered out; finished in 0.00s

     Running tests/attachments.rs (target/debug/deps/attachments-14ccd7d85cb70557)

running 5 tests
test attachments_table_stores_no_plaintext_columns ... ok
test attachment_requires_bearer_token ... ok
test attachment_download_unknown_id_is_404 ... ok
test attachment_upload_then_download_round_trips_exact_bytes ... ok
test attachment_upload_rejects_oversize_payload_with_413 ... ok

test result: ok. 5 passed; 0 failed; 0 ignored; 0 measured; 0 filtered out; finished in 0.03s

     Running tests/auth.rs (target/debug/deps/auth-8604fa95047f6e2f)

running 8 tests
test auth_tables_store_no_private_material ... ok
test auth_session_rejects_unknown_token ... ok
test auth_challenge_rejects_unknown_user ... ok
test auth_malformed_json_returns_bad_request ... ok
test auth_challenge_returns_nonce_for_known_user ... ok
test auth_verify_with_bad_signature_is_rejected ... ok
test auth_verify_with_valid_signature_issues_session_token ... ok
test auth_verify_rejects_unknown_or_reused_challenge ... ok

test result: ok. 8 passed; 0 failed; 0 ignored; 0 measured; 0 filtered out; finished in 0.02s

     Running tests/conversations.rs (target/debug/deps/conversations-a7ed8ac73ee40eae)

running 7 tests
test conversations_requires_bearer_token ... ok
test conversations_include_inbound_only_peer_started_while_viewer_was_offline ... ok
test conversations_return_ciphertext_and_metadata_without_plaintext ... ok
test conversations_scope_excludes_unrelated_pairs_and_names_the_peer ... ok
test conversations_use_rowid_tiebreaks_instead_of_random_uuid_order ... ok
test conversations_empty_for_user_with_no_messages ... ok
test conversations_lists_distinct_peers_ordered_by_recent_activity ... ok

test result: ok. 7 passed; 0 failed; 0 ignored; 0 measured; 0 filtered out; finished in 0.04s

     Running tests/groups.rs (target/debug/deps/groups-dd51c3ddb97e60c4)

running 12 tests
test group_stream_requires_bearer_token ... ok
test group_create_requires_bearer_token ... ok
test group_tables_store_no_plaintext_columns ... ok
test group_list_returns_all_member_groups_in_rowid_order ... ok
test group_message_post_stores_exactly_the_ciphertext_blob ... ok
test group_message_history_returns_same_second_messages_in_send_order ... ok
test group_message_history_returns_only_ciphertext_for_members ... ok
test group_add_member_broadcasts_epoch_event_to_members ... ok
test group_stream_with_member_returns_sse_headers ... ok
test group_create_persists_name_membership_and_epoch_zero_keys ... ok
test group_endpoints_reject_non_members_with_403 ... ok
test group_add_member_bumps_epoch_and_blocks_prior_epoch_keys ... ok

test result: ok. 12 passed; 0 failed; 0 ignored; 0 measured; 0 filtered out; finished in 0.05s

     Running tests/messages.rs (target/debug/deps/messages-a293061aac4fd650)

running 14 tests
test messages_post_requires_bearer_token ... ok
test messages_inbox_requires_bearer_token ... ok
test messages_inbox_empty_for_caller_with_no_inbound_messages ... ok
test keys_publish_requires_valid_identity_signature ... ok
test messages_stream_requires_bearer_token ... ok
test messages_inbox_since_cursor_returns_only_later_rows_and_advances ... ok
test messages_history_returns_same_second_messages_in_send_order ... ok
test messages_inbox_delivers_same_second_messages_in_send_order ... ok
test keys_fetch_returns_published_prekey_for_username ... ok
test messages_inbox_is_scoped_to_recipient_inbound_messages_only ... ok
test messages_history_returns_only_ciphertext_and_is_scoped_to_the_pair ... ok
test messages_table_stores_no_plaintext_columns ... ok
test messages_stream_with_valid_token_returns_sse_headers ... ok
test messages_post_stores_exactly_the_ciphertext_blob ... ok

test result: ok. 14 passed; 0 failed; 0 ignored; 0 measured; 0 filtered out; finished in 0.04s

     Running tests/register.rs (target/debug/deps/register-6f9d859b8574001d)

running 3 tests
test register_stores_only_public_account_fields ... ok
test register_rejects_duplicate_username_without_second_row ... ok
test register_rejects_malformed_input ... ok

test result: ok. 3 passed; 0 failed; 0 ignored; 0 measured; 0 filtered out; finished in 0.01s

     Running tests/schema.rs (target/debug/deps/schema-b038f68994545c75)

running 2 tests
test migration_creates_users_table_with_only_public_account_columns ... ok
test schema_dump_prints_schema_sample_row_and_rejects_private_material ... ok

test result: ok. 2 passed; 0 failed; 0 ignored; 0 measured; 0 filtered out; finished in 0.15s

     Running tests/zk_relay_audit.rs (target/debug/deps/zk_relay_audit-bd3d74422e342891)

running 4 tests
test zk_relay_audit_fails_when_attachments_shape_drifts ... ok
test zk_relay_audit_fails_when_plaintext_column_exists ... ok
test zk_relay_audit_fails_when_private_key_column_exists ... ok
test zk_relay_audit_passes_for_ciphertext_only_schema ... ok

test result: ok. 4 passed; 0 failed; 0 ignored; 0 measured; 0 filtered out; finished in 1.00s

     Running tests/zk_sentinel.rs (target/debug/deps/zk_sentinel-1d21ce2d7220d674)

running 1 test
test zk_sentinel_roundtrip_stores_only_ciphertext_in_raw_db ... ok

test result: ok. 1 passed; 0 failed; 0 ignored; 0 measured; 0 filtered out; finished in 0.06s

   Doc-tests test_chat_backend

running 0 tests

test result: ok. 0 passed; 0 failed; 0 ignored; 0 measured; 0 filtered out; finished in 0.00s

swift test --filter ChatAppTests.GroupCoordinatorTests
[0/1] Planning build
Building for debugging...
[0/4] Write swift-version--58304C5D6DBC2206.txt
Build complete! (0.19s)
Test Suite 'Selected tests' started at 2026-06-05 22:03:47.362.
Test Suite 'ChatAppPackageTests.xctest' started at 2026-06-05 22:03:47.363.
Test Suite 'GroupCoordinatorTests' started at 2026-06-05 22:03:47.363.
Test Case '-[ChatAppTests.GroupCoordinatorTests testAddMemberRekeyPreservesExistingLiveDeliveryAndBlocksPriorEpochForNewMember]' started.
Test Case '-[ChatAppTests.GroupCoordinatorTests testAddMemberRekeyPreservesExistingLiveDeliveryAndBlocksPriorEpochForNewMember]' passed (0.367 seconds).
Test Case '-[ChatAppTests.GroupCoordinatorTests testCreateGroupRejectsMemberWithInvalidPrekeySignature]' started.
Test Case '-[ChatAppTests.GroupCoordinatorTests testCreateGroupRejectsMemberWithInvalidPrekeySignature]' passed (0.048 seconds).
Test Case '-[ChatAppTests.GroupCoordinatorTests testCreateGroupSubscribesLiveSoCreatorReceivesInboundMessages]' started.
Test Case '-[ChatAppTests.GroupCoordinatorTests testCreateGroupSubscribesLiveSoCreatorReceivesInboundMessages]' passed (0.149 seconds).
Test Case '-[ChatAppTests.GroupCoordinatorTests testCreateGroupWrapsEpochZeroKeyToEveryMember]' started.
Test Case '-[ChatAppTests.GroupCoordinatorTests testCreateGroupWrapsEpochZeroKeyToEveryMember]' passed (0.047 seconds).
Test Case '-[ChatAppTests.GroupCoordinatorTests testEpochEventRefreshesKeysGroupDetailAndGroupListBeforeNextMessage]' started.
Test Case '-[ChatAppTests.GroupCoordinatorTests testEpochEventRefreshesKeysGroupDetailAndGroupListBeforeNextMessage]' passed (0.146 seconds).
Test Case '-[ChatAppTests.GroupCoordinatorTests testExistingMemberReceivesLiveAttachmentAfterRekeyAndLateJoinerCannotDecryptPriorEpochAttachment]' started.
Test Case '-[ChatAppTests.GroupCoordinatorTests testExistingMemberReceivesLiveAttachmentAfterRekeyAndLateJoinerCannotDecryptPriorEpochAttachment]' passed (0.356 seconds).
Test Case '-[ChatAppTests.GroupCoordinatorTests testExistingMemberReceivesLiveMessageAfterRekeyViaKeyRefetch]' started.
Test Case '-[ChatAppTests.GroupCoordinatorTests testExistingMemberReceivesLiveMessageAfterRekeyViaKeyRefetch]' passed (0.086 seconds).
Test Case '-[ChatAppTests.GroupCoordinatorTests testLateAddedMemberCannotDecryptPriorEpochMessage]' started.
Test Case '-[ChatAppTests.GroupCoordinatorTests testLateAddedMemberCannotDecryptPriorEpochMessage]' passed (0.026 seconds).
Test Case '-[ChatAppTests.GroupCoordinatorTests testOpenGroupDecryptsHistoryAndSkipsUndecryptable]' started.
Test Case '-[ChatAppTests.GroupCoordinatorTests testOpenGroupDecryptsHistoryAndSkipsUndecryptable]' passed (0.026 seconds).
Test Case '-[ChatAppTests.GroupCoordinatorTests testOpenGroupDetectsAttachmentDescriptorAndDownloadReturnsOriginalBytes]' started.
Test Case '-[ChatAppTests.GroupCoordinatorTests testOpenGroupDetectsAttachmentDescriptorAndDownloadReturnsOriginalBytes]' passed (0.027 seconds).
Test Case '-[ChatAppTests.GroupCoordinatorTests testOpenGroupKeepsServerHistoryOrderAndDecryptsEveryMessage]' started.
Test Case '-[ChatAppTests.GroupCoordinatorTests testOpenGroupKeepsServerHistoryOrderAndDecryptsEveryMessage]' passed (0.051 seconds).
Test Case '-[ChatAppTests.GroupCoordinatorTests testReconnectCatchesUpOfflineGroupMessagesInOrderAndDedupsLiveDuplicates]' started.
Test Case '-[ChatAppTests.GroupCoordinatorTests testReconnectCatchesUpOfflineGroupMessagesInOrderAndDedupsLiveDuplicates]' passed (0.093 seconds).
Test Case '-[ChatAppTests.GroupCoordinatorTests testRefreshGroupsPublishesAllListedGroupsOnLaunch]' started.
Test Case '-[ChatAppTests.GroupCoordinatorTests testRefreshGroupsPublishesAllListedGroupsOnLaunch]' passed (0.023 seconds).
Test Case '-[ChatAppTests.GroupCoordinatorTests testSendAfterRekeyEncryptsUnderLatestEpoch]' started.
Test Case '-[ChatAppTests.GroupCoordinatorTests testSendAfterRekeyEncryptsUnderLatestEpoch]' passed (0.036 seconds).
Test Case '-[ChatAppTests.GroupCoordinatorTests testSendAttachmentUploadsEncryptedBlobAndSendsGroupEncryptedDescriptor]' started.
Test Case '-[ChatAppTests.GroupCoordinatorTests testSendAttachmentUploadsEncryptedBlobAndSendsGroupEncryptedDescriptor]' passed (0.027 seconds).
Test Case '-[ChatAppTests.GroupCoordinatorTests testSendEncryptsUnderCurrentEpochKey]' started.
Test Case '-[ChatAppTests.GroupCoordinatorTests testSendEncryptsUnderCurrentEpochKey]' passed (0.026 seconds).
Test Case '-[ChatAppTests.GroupCoordinatorTests testSenderAttributionResolvesUsernameAndYouForLocalAccount]' started.
Test Case '-[ChatAppTests.GroupCoordinatorTests testSenderAttributionResolvesUsernameAndYouForLocalAccount]' passed (0.025 seconds).
Test Case '-[ChatAppTests.GroupCoordinatorTests testSubscribeLiveDecryptsInboundGroupRecord]' started.
Test Case '-[ChatAppTests.GroupCoordinatorTests testSubscribeLiveDecryptsInboundGroupRecord]' passed (0.082 seconds).
Test Case '-[ChatAppTests.GroupCoordinatorTests testSubscribeLiveRendersInboundAttachmentAndDownloadsOriginalBytes]' started.
Test Case '-[ChatAppTests.GroupCoordinatorTests testSubscribeLiveRendersInboundAttachmentAndDownloadsOriginalBytes]' passed (0.134 seconds).
Test Case '-[ChatAppTests.GroupCoordinatorTests testThreeMemberCoordinatorsAllSendAndDecryptLiveMessages]' started.
Test Case '-[ChatAppTests.GroupCoordinatorTests testThreeMemberCoordinatorsAllSendAndDecryptLiveMessages]' passed (0.307 seconds).
Test Suite 'GroupCoordinatorTests' passed at 2026-06-05 22:03:49.448.
	 Executed 20 tests, with 0 failures (0 unexpected) in 2.084 (2.085) seconds
Test Suite 'ChatAppPackageTests.xctest' passed at 2026-06-05 22:03:49.448.
	 Executed 20 tests, with 0 failures (0 unexpected) in 2.084 (2.085) seconds
Test Suite 'Selected tests' passed at 2026-06-05 22:03:49.448.
	 Executed 20 tests, with 0 failures (0 unexpected) in 2.084 (2.086) seconds
􀟈  Test run started.
􀄵  Testing Library Version: 1902
􀄵  Target Platform: arm64e-apple-macos14.0
􁁛  Test run with 0 tests in 0 suites passed after 0.001 seconds.
swift test --filter ChatAppTests.GroupCryptoTests
Building for debugging...
[0/4] Write swift-version--58304C5D6DBC2206.txt
Build complete! (0.08s)
Test Suite 'Selected tests' started at 2026-06-05 22:03:49.949.
Test Suite 'ChatAppPackageTests.xctest' started at 2026-06-05 22:03:49.950.
Test Suite 'GroupCryptoTests' started at 2026-06-05 22:03:49.950.
Test Case '-[ChatAppTests.GroupCryptoTests testEncryptDecryptGroupMessageRoundTripsToExactPlaintext]' started.
Test Case '-[ChatAppTests.GroupCryptoTests testEncryptDecryptGroupMessageRoundTripsToExactPlaintext]' passed (0.001 seconds).
Test Case '-[ChatAppTests.GroupCryptoTests testInvalidGroupEnvelopeErrorsAreStable]' started.
Test Case '-[ChatAppTests.GroupCryptoTests testInvalidGroupEnvelopeErrorsAreStable]' passed (0.000 seconds).
Test Case '-[ChatAppTests.GroupCryptoTests testMessageEnvelopeDoesNotContainPlaintextBytes]' started.
Test Case '-[ChatAppTests.GroupCryptoTests testMessageEnvelopeDoesNotContainPlaintextBytes]' passed (0.000 seconds).
Test Case '-[ChatAppTests.GroupCryptoTests testMessageEpochRecoversEmbeddedBigEndianEpoch]' started.
Test Case '-[ChatAppTests.GroupCryptoTests testMessageEpochRecoversEmbeddedBigEndianEpoch]' passed (0.000 seconds).
Test Case '-[ChatAppTests.GroupCryptoTests testNewGroupKeyIsThirtyTwoBytes]' started.
Test Case '-[ChatAppTests.GroupCryptoTests testNewGroupKeyIsThirtyTwoBytes]' passed (0.000 seconds).
Test Case '-[ChatAppTests.GroupCryptoTests testSamePlaintextEncryptedTwiceProducesDifferentEnvelopes]' started.
Test Case '-[ChatAppTests.GroupCryptoTests testSamePlaintextEncryptedTwiceProducesDifferentEnvelopes]' passed (0.000 seconds).
Test Case '-[ChatAppTests.GroupCryptoTests testThirdPartyCannotUnwrapGroupKey]' started.
Test Case '-[ChatAppTests.GroupCryptoTests testThirdPartyCannotUnwrapGroupKey]' passed (0.000 seconds).
Test Case '-[ChatAppTests.GroupCryptoTests testWrapAndUnwrapGroupKeyRoundTripsToExactBytes]' started.
Test Case '-[ChatAppTests.GroupCryptoTests testWrapAndUnwrapGroupKeyRoundTripsToExactBytes]' passed (0.000 seconds).
Test Case '-[ChatAppTests.GroupCryptoTests testWrongGroupKeyFailsToDecryptGroupMessage]' started.
Test Case '-[ChatAppTests.GroupCryptoTests testWrongGroupKeyFailsToDecryptGroupMessage]' passed (0.000 seconds).
Test Suite 'GroupCryptoTests' passed at 2026-06-05 22:03:49.952.
	 Executed 9 tests, with 0 failures (0 unexpected) in 0.002 (0.002) seconds
Test Suite 'ChatAppPackageTests.xctest' passed at 2026-06-05 22:03:49.952.
	 Executed 9 tests, with 0 failures (0 unexpected) in 0.002 (0.002) seconds
Test Suite 'Selected tests' passed at 2026-06-05 22:03:49.952.
	 Executed 9 tests, with 0 failures (0 unexpected) in 0.002 (0.003) seconds
􀟈  Test run started.
􀄵  Testing Library Version: 1902
􀄵  Target Platform: arm64e-apple-macos14.0
􁁛  Test run with 0 tests in 0 suites passed after 0.001 seconds.
swift test --filter ChatAppTests.GroupEnvelopeTests
Building for debugging...
[0/4] Write swift-version--58304C5D6DBC2206.txt
Build complete! (0.08s)
Test Suite 'Selected tests' started at 2026-06-05 22:03:50.449.
Test Suite 'ChatAppPackageTests.xctest' started at 2026-06-05 22:03:50.450.
Test Suite 'GroupEnvelopeTests' started at 2026-06-05 22:03:50.450.
Test Case '-[ChatAppTests.GroupEnvelopeTests testAddMemberRequestAndResponseUseSnakeCaseKeys]' started.
Test Case '-[ChatAppTests.GroupEnvelopeTests testAddMemberRequestAndResponseUseSnakeCaseKeys]' passed (0.001 seconds).
Test Case '-[ChatAppTests.GroupEnvelopeTests testCreateGroupRequestEncodesSnakeCaseKeys]' started.
Test Case '-[ChatAppTests.GroupEnvelopeTests testCreateGroupRequestEncodesSnakeCaseKeys]' passed (0.000 seconds).
Test Case '-[ChatAppTests.GroupEnvelopeTests testCreateGroupResponseDecodesSnakeCaseFields]' started.
Test Case '-[ChatAppTests.GroupEnvelopeTests testCreateGroupResponseDecodesSnakeCaseFields]' passed (0.000 seconds).
Test Case '-[ChatAppTests.GroupEnvelopeTests testEncodedPayloadsContainNoPlaintextBodyOrTextKeys]' started.
Test Case '-[ChatAppTests.GroupEnvelopeTests testEncodedPayloadsContainNoPlaintextBodyOrTextKeys]' passed (0.000 seconds).
Test Case '-[ChatAppTests.GroupEnvelopeTests testGroupSummaryAndDetailDecodeSnakeCaseFields]' started.
Test Case '-[ChatAppTests.GroupEnvelopeTests testGroupSummaryAndDetailDecodeSnakeCaseFields]' passed (0.000 seconds).
Test Case '-[ChatAppTests.GroupEnvelopeTests testKeyRecordAndMessageResponsesDecodeSnakeCaseFields]' started.
Test Case '-[ChatAppTests.GroupEnvelopeTests testKeyRecordAndMessageResponsesDecodeSnakeCaseFields]' passed (0.000 seconds).
Test Case '-[ChatAppTests.GroupEnvelopeTests testSendGroupMessageRequestEncodesExactlyEpochAndCiphertext]' started.
Test Case '-[ChatAppTests.GroupEnvelopeTests testSendGroupMessageRequestEncodesExactlyEpochAndCiphertext]' passed (0.000 seconds).
Test Suite 'GroupEnvelopeTests' passed at 2026-06-05 22:03:50.452.
	 Executed 7 tests, with 0 failures (0 unexpected) in 0.002 (0.002) seconds
Test Suite 'ChatAppPackageTests.xctest' passed at 2026-06-05 22:03:50.452.
	 Executed 7 tests, with 0 failures (0 unexpected) in 0.002 (0.002) seconds
Test Suite 'Selected tests' passed at 2026-06-05 22:03:50.452.
	 Executed 7 tests, with 0 failures (0 unexpected) in 0.002 (0.003) seconds
􀟈  Test run started.
􀄵  Testing Library Version: 1902
􀄵  Target Platform: arm64e-apple-macos14.0
􁁛  Test run with 0 tests in 0 suites passed after 0.001 seconds.
swift test --filter ChatAppTests.HTTPGroupServiceTests
Building for debugging...
[0/4] Write swift-version--58304C5D6DBC2206.txt
Build complete! (0.08s)
Test Suite 'Selected tests' started at 2026-06-05 22:03:51.004.
Test Suite 'ChatAppPackageTests.xctest' started at 2026-06-05 22:03:51.005.
Test Suite 'HTTPGroupServiceTests' started at 2026-06-05 22:03:51.005.
Test Case '-[ChatAppTests.HTTPGroupServiceTests testAddMemberPostsEpochKeysAndDecodesResponse]' started.
Test Case '-[ChatAppTests.HTTPGroupServiceTests testAddMemberPostsEpochKeysAndDecodesResponse]' passed (0.004 seconds).
Test Case '-[ChatAppTests.HTTPGroupServiceTests testCreateGroupPostsMembersWithBearerTokenAndDecodesResponse]' started.
Test Case '-[ChatAppTests.HTTPGroupServiceTests testCreateGroupPostsMembersWithBearerTokenAndDecodesResponse]' passed (0.001 seconds).
Test Case '-[ChatAppTests.HTTPGroupServiceTests testGetEndpointsDecodeGroupPayloads]' started.
Test Case '-[ChatAppTests.HTTPGroupServiceTests testGetEndpointsDecodeGroupPayloads]' passed (0.001 seconds).
Test Case '-[ChatAppTests.HTTPGroupServiceTests testLiveGroupMessagesSurfacesEpochEventsThroughHookWithoutYieldingRecord]' started.
Test Case '-[ChatAppTests.HTTPGroupServiceTests testLiveGroupMessagesSurfacesEpochEventsThroughHookWithoutYieldingRecord]' passed (0.000 seconds).
Test Case '-[ChatAppTests.HTTPGroupServiceTests testLiveGroupMessagesYieldsSSERecordsAndCompletes]' started.
Test Case '-[ChatAppTests.HTTPGroupServiceTests testLiveGroupMessagesYieldsSSERecordsAndCompletes]' passed (0.000 seconds).
Test Case '-[ChatAppTests.HTTPGroupServiceTests testParseGroupSSEEventDecodesDataLineAndIgnoresOtherLines]' started.
Test Case '-[ChatAppTests.HTTPGroupServiceTests testParseGroupSSEEventDecodesDataLineAndIgnoresOtherLines]' passed (0.000 seconds).
Test Case '-[ChatAppTests.HTTPGroupServiceTests testSendGroupMessagePostsCiphertextOnlyAndMapsStatuses]' started.
Test Case '-[ChatAppTests.HTTPGroupServiceTests testSendGroupMessagePostsCiphertextOnlyAndMapsStatuses]' passed (0.001 seconds).
Test Suite 'HTTPGroupServiceTests' passed at 2026-06-05 22:03:51.013.
	 Executed 7 tests, with 0 failures (0 unexpected) in 0.007 (0.008) seconds
Test Suite 'ChatAppPackageTests.xctest' passed at 2026-06-05 22:03:51.013.
	 Executed 7 tests, with 0 failures (0 unexpected) in 0.007 (0.008) seconds
Test Suite 'Selected tests' passed at 2026-06-05 22:03:51.013.
	 Executed 7 tests, with 0 failures (0 unexpected) in 0.007 (0.009) seconds
􀟈  Test run started.
􀄵  Testing Library Version: 1902
􀄵  Target Platform: arm64e-apple-macos14.0
􁁛  Test run with 0 tests in 0 suites passed after 0.001 seconds.
Starting backend on 52879
swift test --filter testLiveEncryptedGroupMessageRoundTripAndLateMemberCannotReadPriorMessages
[0/1] Planning build
Building for debugging...
[0/4] Write swift-version--58304C5D6DBC2206.txt
Build complete! (0.13s)
Test Suite 'Selected tests' started at 2026-06-05 22:03:52.479.
Test Suite 'ChatAppPackageTests.xctest' started at 2026-06-05 22:03:52.479.
Test Suite 'LiveGroupE2ETests' started at 2026-06-05 22:03:52.479.
Test Case '-[ChatAppTests.LiveGroupE2ETests testLiveEncryptedGroupMessageRoundTripAndLateMemberCannotReadPriorMessages]' started.
Test Case '-[ChatAppTests.LiveGroupE2ETests testLiveEncryptedGroupMessageRoundTripAndLateMemberCannotReadPriorMessages]' passed (0.208 seconds).
Test Suite 'LiveGroupE2ETests' passed at 2026-06-05 22:03:52.688.
	 Executed 1 test, with 0 failures (0 unexpected) in 0.208 (0.209) seconds
Test Suite 'ChatAppPackageTests.xctest' passed at 2026-06-05 22:03:52.688.
	 Executed 1 test, with 0 failures (0 unexpected) in 0.208 (0.209) seconds
Test Suite 'Selected tests' passed at 2026-06-05 22:03:52.688.
	 Executed 1 test, with 0 failures (0 unexpected) in 0.208 (0.209) seconds
􀟈  Test run started.
􀄵  Testing Library Version: 1902
􀄵  Target Platform: arm64e-apple-macos14.0
􁁛  Test run with 0 tests in 0 suites passed after 0.001 seconds.
task-5 verify: PASS
verify: RUN (task-5)
task-5 verify: reaping stale backend processes
reaped 1 stale test-chat-backend process(es)
task-5 verify: building and testing backend
    Finished `dev` profile [unoptimized + debuginfo] target(s) in 0.07s
    Finished `test` profile [unoptimized + debuginfo] target(s) in 0.07s
     Running unittests src/lib.rs (target/debug/deps/test_chat_backend-acfff881fbeff8b8)

running 0 tests

test result: ok. 0 passed; 0 failed; 0 ignored; 0 measured; 0 filtered out; finished in 0.00s

     Running unittests src/main.rs (target/debug/deps/test_chat_backend-9d5476f2c3843da5)

running 0 tests

test result: ok. 0 passed; 0 failed; 0 ignored; 0 measured; 0 filtered out; finished in 0.00s

     Running tests/attachments.rs (target/debug/deps/attachments-14ccd7d85cb70557)

running 5 tests
test attachments_table_stores_no_plaintext_columns ... ok
test attachment_requires_bearer_token ... ok
test attachment_download_unknown_id_is_404 ... ok
test attachment_upload_then_download_round_trips_exact_bytes ... ok
test attachment_upload_rejects_oversize_payload_with_413 ... ok

test result: ok. 5 passed; 0 failed; 0 ignored; 0 measured; 0 filtered out; finished in 0.02s

     Running tests/auth.rs (target/debug/deps/auth-8604fa95047f6e2f)

running 8 tests
test auth_tables_store_no_private_material ... ok
test auth_challenge_rejects_unknown_user ... ok
test auth_session_rejects_unknown_token ... ok
test auth_malformed_json_returns_bad_request ... ok
test auth_challenge_returns_nonce_for_known_user ... ok
test auth_verify_with_bad_signature_is_rejected ... ok
test auth_verify_with_valid_signature_issues_session_token ... ok
test auth_verify_rejects_unknown_or_reused_challenge ... ok

test result: ok. 8 passed; 0 failed; 0 ignored; 0 measured; 0 filtered out; finished in 0.02s

     Running tests/conversations.rs (target/debug/deps/conversations-a7ed8ac73ee40eae)

running 7 tests
test conversations_requires_bearer_token ... ok
test conversations_include_inbound_only_peer_started_while_viewer_was_offline ... ok
test conversations_return_ciphertext_and_metadata_without_plaintext ... ok
test conversations_use_rowid_tiebreaks_instead_of_random_uuid_order ... ok
test conversations_lists_distinct_peers_ordered_by_recent_activity ... ok
test conversations_empty_for_user_with_no_messages ... ok
test conversations_scope_excludes_unrelated_pairs_and_names_the_peer ... ok

test result: ok. 7 passed; 0 failed; 0 ignored; 0 measured; 0 filtered out; finished in 0.03s

     Running tests/groups.rs (target/debug/deps/groups-dd51c3ddb97e60c4)

running 12 tests
test group_stream_requires_bearer_token ... ok
test group_create_requires_bearer_token ... ok
test group_tables_store_no_plaintext_columns ... ok
test group_list_returns_all_member_groups_in_rowid_order ... ok
test group_message_history_returns_same_second_messages_in_send_order ... ok
test group_message_post_stores_exactly_the_ciphertext_blob ... ok
test group_message_history_returns_only_ciphertext_for_members ... ok
test group_create_persists_name_membership_and_epoch_zero_keys ... ok
test group_add_member_broadcasts_epoch_event_to_members ... ok
test group_endpoints_reject_non_members_with_403 ... ok
test group_stream_with_member_returns_sse_headers ... ok
test group_add_member_bumps_epoch_and_blocks_prior_epoch_keys ... ok

test result: ok. 12 passed; 0 failed; 0 ignored; 0 measured; 0 filtered out; finished in 0.05s

     Running tests/messages.rs (target/debug/deps/messages-a293061aac4fd650)

running 14 tests
test messages_inbox_requires_bearer_token ... ok
test messages_post_requires_bearer_token ... ok
test messages_inbox_empty_for_caller_with_no_inbound_messages ... ok
test keys_publish_requires_valid_identity_signature ... ok
test messages_stream_requires_bearer_token ... ok
test messages_inbox_since_cursor_returns_only_later_rows_and_advances ... ok
test messages_inbox_delivers_same_second_messages_in_send_order ... ok
test messages_history_returns_same_second_messages_in_send_order ... ok
test keys_fetch_returns_published_prekey_for_username ... ok
test messages_inbox_is_scoped_to_recipient_inbound_messages_only ... ok
test messages_table_stores_no_plaintext_columns ... ok
test messages_post_stores_exactly_the_ciphertext_blob ... ok
test messages_history_returns_only_ciphertext_and_is_scoped_to_the_pair ... ok
test messages_stream_with_valid_token_returns_sse_headers ... ok

test result: ok. 14 passed; 0 failed; 0 ignored; 0 measured; 0 filtered out; finished in 0.04s

     Running tests/register.rs (target/debug/deps/register-6f9d859b8574001d)

running 3 tests
test register_stores_only_public_account_fields ... ok
test register_rejects_duplicate_username_without_second_row ... ok
test register_rejects_malformed_input ... ok

test result: ok. 3 passed; 0 failed; 0 ignored; 0 measured; 0 filtered out; finished in 0.01s

     Running tests/schema.rs (target/debug/deps/schema-b038f68994545c75)

running 2 tests
test migration_creates_users_table_with_only_public_account_columns ... ok
test schema_dump_prints_schema_sample_row_and_rejects_private_material ... ok

test result: ok. 2 passed; 0 failed; 0 ignored; 0 measured; 0 filtered out; finished in 0.03s

     Running tests/zk_relay_audit.rs (target/debug/deps/zk_relay_audit-bd3d74422e342891)

running 4 tests
test zk_relay_audit_fails_when_attachments_shape_drifts ... ok
test zk_relay_audit_fails_when_plaintext_column_exists ... ok
test zk_relay_audit_fails_when_private_key_column_exists ... ok
test zk_relay_audit_passes_for_ciphertext_only_schema ... ok

test result: ok. 4 passed; 0 failed; 0 ignored; 0 measured; 0 filtered out; finished in 0.41s

     Running tests/zk_sentinel.rs (target/debug/deps/zk_sentinel-1d21ce2d7220d674)

running 1 test
test zk_sentinel_roundtrip_stores_only_ciphertext_in_raw_db ... ok

test result: ok. 1 passed; 0 failed; 0 ignored; 0 measured; 0 filtered out; finished in 0.03s

   Doc-tests test_chat_backend

running 0 tests

test result: ok. 0 passed; 0 failed; 0 ignored; 0 measured; 0 filtered out; finished in 0.00s
task-5 verify: starting backend on http://127.0.0.1:47341
task-5 verify: backend health check returned 200
task-5 verify: building and testing Swift app with live group E2E
[0/1] Planning build
Building for debugging...
[0/3] Write swift-version--58304C5D6DBC2206.txt
Build complete! (0.12s)
[0/1] Planning build
Building for debugging...
[0/4] Write swift-version--58304C5D6DBC2206.txt
Build complete! (0.12s)
Test Suite 'Selected tests' started at 2026-06-05 22:03:56.776.
Test Suite 'ChatAppPackageTests.xctest' started at 2026-06-05 22:03:56.777.
Test Suite 'LiveGroupE2ETests' started at 2026-06-05 22:03:56.777.
Test Case '-[ChatAppTests.LiveGroupE2ETests testLiveGroupExistingMembersKeepReceivingAfterAddWhileNewMemberExcluded]' started.
Test Case '-[ChatAppTests.LiveGroupE2ETests testLiveGroupExistingMembersKeepReceivingAfterAddWhileNewMemberExcluded]' passed (11.566 seconds).
Test Suite 'LiveGroupE2ETests' passed at 2026-06-05 22:04:08.343.
	 Executed 1 test, with 0 failures (0 unexpected) in 11.566 (11.566) seconds
Test Suite 'ChatAppPackageTests.xctest' passed at 2026-06-05 22:04:08.343.
	 Executed 1 test, with 0 failures (0 unexpected) in 11.566 (11.566) seconds
Test Suite 'Selected tests' passed at 2026-06-05 22:04:08.343.
	 Executed 1 test, with 0 failures (0 unexpected) in 11.566 (11.567) seconds
􀟈  Test run started.
􀄵  Testing Library Version: 1902
􀄵  Target Platform: arm64e-apple-macos14.0
􁁛  Test run with 0 tests in 0 suites passed after 0.001 seconds.
Building for debugging...
[0/4] Write swift-version--58304C5D6DBC2206.txt
Build complete! (0.10s)
Test Suite 'Selected tests' started at 2026-06-05 22:04:08.852.
Test Suite 'ChatAppPackageTests.xctest' started at 2026-06-05 22:04:08.853.
Test Suite 'LiveGroupE2ETests' started at 2026-06-05 22:04:08.853.
Test Case '-[ChatAppTests.LiveGroupE2ETests testLiveGroupAllThreeMembersSendAndReceiveThroughCoordinators]' started.
Test Case '-[ChatAppTests.LiveGroupE2ETests testLiveGroupAllThreeMembersSendAndReceiveThroughCoordinators]' passed (0.241 seconds).
Test Suite 'LiveGroupE2ETests' passed at 2026-06-05 22:04:09.094.
	 Executed 1 test, with 0 failures (0 unexpected) in 0.241 (0.241) seconds
Test Suite 'ChatAppPackageTests.xctest' passed at 2026-06-05 22:04:09.094.
	 Executed 1 test, with 0 failures (0 unexpected) in 0.241 (0.241) seconds
Test Suite 'Selected tests' passed at 2026-06-05 22:04:09.094.
	 Executed 1 test, with 0 failures (0 unexpected) in 0.241 (0.242) seconds
􀟈  Test run started.
􀄵  Testing Library Version: 1902
􀄵  Target Platform: arm64e-apple-macos14.0
􁁛  Test run with 0 tests in 0 suites passed after 0.001 seconds.
Building for debugging...
[0/4] Write swift-version--58304C5D6DBC2206.txt
Build complete! (0.08s)
Test Suite 'Selected tests' started at 2026-06-05 22:04:09.573.
Test Suite 'ChatAppPackageTests.xctest' started at 2026-06-05 22:04:09.573.
Test Suite 'LiveGroupE2ETests' started at 2026-06-05 22:04:09.573.
Test Case '-[ChatAppTests.LiveGroupE2ETests testLiveEncryptedGroupMessageRoundTripAndLateMemberCannotReadPriorMessages]' started.
Test Case '-[ChatAppTests.LiveGroupE2ETests testLiveEncryptedGroupMessageRoundTripAndLateMemberCannotReadPriorMessages]' passed (0.203 seconds).
Test Suite 'LiveGroupE2ETests' passed at 2026-06-05 22:04:09.777.
	 Executed 1 test, with 0 failures (0 unexpected) in 0.203 (0.204) seconds
Test Suite 'ChatAppPackageTests.xctest' passed at 2026-06-05 22:04:09.777.
	 Executed 1 test, with 0 failures (0 unexpected) in 0.203 (0.204) seconds
Test Suite 'Selected tests' passed at 2026-06-05 22:04:09.777.
	 Executed 1 test, with 0 failures (0 unexpected) in 0.203 (0.204) seconds
􀟈  Test run started.
􀄵  Testing Library Version: 1902
􀄵  Target Platform: arm64e-apple-macos14.0
􁁛  Test run with 0 tests in 0 suites passed after 0.001 seconds.
Building for debugging...
[0/4] Write swift-version--58304C5D6DBC2206.txt
Build complete! (0.09s)
Test Suite 'Selected tests' started at 2026-06-05 22:04:10.306.
Test Suite 'ChatAppPackageTests.xctest' started at 2026-06-05 22:04:10.307.
Test Suite 'GroupCryptoTests' started at 2026-06-05 22:04:10.307.
Test Case '-[ChatAppTests.GroupCryptoTests testNewGroupKeyIsThirtyTwoBytes]' started.
Test Case '-[ChatAppTests.GroupCryptoTests testNewGroupKeyIsThirtyTwoBytes]' passed (0.000 seconds).
Test Suite 'GroupCryptoTests' passed at 2026-06-05 22:04:10.307.
	 Executed 1 test, with 0 failures (0 unexpected) in 0.000 (0.001) seconds
Test Suite 'ChatAppPackageTests.xctest' passed at 2026-06-05 22:04:10.307.
	 Executed 1 test, with 0 failures (0 unexpected) in 0.000 (0.001) seconds
Test Suite 'Selected tests' passed at 2026-06-05 22:04:10.307.
	 Executed 1 test, with 0 failures (0 unexpected) in 0.000 (0.001) seconds
􀟈  Test run started.
􀄵  Testing Library Version: 1902
􀄵  Target Platform: arm64e-apple-macos14.0
􁁛  Test run with 0 tests in 0 suites passed after 0.001 seconds.
Building for debugging...
[0/4] Write swift-version--58304C5D6DBC2206.txt
Build complete! (0.08s)
Test Suite 'Selected tests' started at 2026-06-05 22:04:10.801.
Test Suite 'ChatAppPackageTests.xctest' started at 2026-06-05 22:04:10.802.
Test Suite 'GroupCryptoTests' started at 2026-06-05 22:04:10.802.
Test Case '-[ChatAppTests.GroupCryptoTests testWrapAndUnwrapGroupKeyRoundTripsToExactBytes]' started.
Test Case '-[ChatAppTests.GroupCryptoTests testWrapAndUnwrapGroupKeyRoundTripsToExactBytes]' passed (0.001 seconds).
Test Suite 'GroupCryptoTests' passed at 2026-06-05 22:04:10.803.
	 Executed 1 test, with 0 failures (0 unexpected) in 0.001 (0.001) seconds
Test Suite 'ChatAppPackageTests.xctest' passed at 2026-06-05 22:04:10.803.
	 Executed 1 test, with 0 failures (0 unexpected) in 0.001 (0.001) seconds
Test Suite 'Selected tests' passed at 2026-06-05 22:04:10.803.
	 Executed 1 test, with 0 failures (0 unexpected) in 0.001 (0.002) seconds
􀟈  Test run started.
􀄵  Testing Library Version: 1902
􀄵  Target Platform: arm64e-apple-macos14.0
􁁛  Test run with 0 tests in 0 suites passed after 0.001 seconds.
Building for debugging...
[0/4] Write swift-version--58304C5D6DBC2206.txt
Build complete! (0.08s)
Test Suite 'Selected tests' started at 2026-06-05 22:04:11.289.
Test Suite 'ChatAppPackageTests.xctest' started at 2026-06-05 22:04:11.290.
Test Suite 'GroupCryptoTests' started at 2026-06-05 22:04:11.290.
Test Case '-[ChatAppTests.GroupCryptoTests testThirdPartyCannotUnwrapGroupKey]' started.
Test Case '-[ChatAppTests.GroupCryptoTests testThirdPartyCannotUnwrapGroupKey]' passed (0.001 seconds).
Test Suite 'GroupCryptoTests' passed at 2026-06-05 22:04:11.291.
	 Executed 1 test, with 0 failures (0 unexpected) in 0.001 (0.001) seconds
Test Suite 'ChatAppPackageTests.xctest' passed at 2026-06-05 22:04:11.291.
	 Executed 1 test, with 0 failures (0 unexpected) in 0.001 (0.001) seconds
Test Suite 'Selected tests' passed at 2026-06-05 22:04:11.291.
	 Executed 1 test, with 0 failures (0 unexpected) in 0.001 (0.002) seconds
􀟈  Test run started.
􀄵  Testing Library Version: 1902
􀄵  Target Platform: arm64e-apple-macos14.0
􁁛  Test run with 0 tests in 0 suites passed after 0.001 seconds.
Building for debugging...
[0/4] Write swift-version--58304C5D6DBC2206.txt
Build complete! (0.08s)
Test Suite 'Selected tests' started at 2026-06-05 22:04:11.798.
Test Suite 'ChatAppPackageTests.xctest' started at 2026-06-05 22:04:11.799.
Test Suite 'GroupCryptoTests' started at 2026-06-05 22:04:11.799.
Test Case '-[ChatAppTests.GroupCryptoTests testEncryptDecryptGroupMessageRoundTripsToExactPlaintext]' started.
Test Case '-[ChatAppTests.GroupCryptoTests testEncryptDecryptGroupMessageRoundTripsToExactPlaintext]' passed (0.000 seconds).
Test Suite 'GroupCryptoTests' passed at 2026-06-05 22:04:11.800.
	 Executed 1 test, with 0 failures (0 unexpected) in 0.000 (0.001) seconds
Test Suite 'ChatAppPackageTests.xctest' passed at 2026-06-05 22:04:11.800.
	 Executed 1 test, with 0 failures (0 unexpected) in 0.000 (0.001) seconds
Test Suite 'Selected tests' passed at 2026-06-05 22:04:11.800.
	 Executed 1 test, with 0 failures (0 unexpected) in 0.000 (0.001) seconds
􀟈  Test run started.
􀄵  Testing Library Version: 1902
􀄵  Target Platform: arm64e-apple-macos14.0
􁁛  Test run with 0 tests in 0 suites passed after 0.001 seconds.
Building for debugging...
[0/4] Write swift-version--58304C5D6DBC2206.txt
Build complete! (0.08s)
Test Suite 'Selected tests' started at 2026-06-05 22:04:12.280.
Test Suite 'ChatAppPackageTests.xctest' started at 2026-06-05 22:04:12.281.
Test Suite 'GroupCryptoTests' started at 2026-06-05 22:04:12.281.
Test Case '-[ChatAppTests.GroupCryptoTests testWrongGroupKeyFailsToDecryptGroupMessage]' started.
Test Case '-[ChatAppTests.GroupCryptoTests testWrongGroupKeyFailsToDecryptGroupMessage]' passed (0.001 seconds).
Test Suite 'GroupCryptoTests' passed at 2026-06-05 22:04:12.282.
	 Executed 1 test, with 0 failures (0 unexpected) in 0.001 (0.001) seconds
Test Suite 'ChatAppPackageTests.xctest' passed at 2026-06-05 22:04:12.282.
	 Executed 1 test, with 0 failures (0 unexpected) in 0.001 (0.001) seconds
Test Suite 'Selected tests' passed at 2026-06-05 22:04:12.282.
	 Executed 1 test, with 0 failures (0 unexpected) in 0.001 (0.001) seconds
􀟈  Test run started.
􀄵  Testing Library Version: 1902
􀄵  Target Platform: arm64e-apple-macos14.0
􁁛  Test run with 0 tests in 0 suites passed after 0.001 seconds.
Building for debugging...
[0/4] Write swift-version--58304C5D6DBC2206.txt
Build complete! (0.08s)
Test Suite 'Selected tests' started at 2026-06-05 22:04:12.754.
Test Suite 'ChatAppPackageTests.xctest' started at 2026-06-05 22:04:12.755.
Test Suite 'GroupCryptoTests' started at 2026-06-05 22:04:12.755.
Test Case '-[ChatAppTests.GroupCryptoTests testMessageEpochRecoversEmbeddedBigEndianEpoch]' started.
Test Case '-[ChatAppTests.GroupCryptoTests testMessageEpochRecoversEmbeddedBigEndianEpoch]' passed (0.000 seconds).
Test Suite 'GroupCryptoTests' passed at 2026-06-05 22:04:12.755.
	 Executed 1 test, with 0 failures (0 unexpected) in 0.000 (0.001) seconds
Test Suite 'ChatAppPackageTests.xctest' passed at 2026-06-05 22:04:12.755.
	 Executed 1 test, with 0 failures (0 unexpected) in 0.000 (0.001) seconds
Test Suite 'Selected tests' passed at 2026-06-05 22:04:12.755.
	 Executed 1 test, with 0 failures (0 unexpected) in 0.000 (0.001) seconds
􀟈  Test run started.
􀄵  Testing Library Version: 1902
􀄵  Target Platform: arm64e-apple-macos14.0
􁁛  Test run with 0 tests in 0 suites passed after 0.001 seconds.
Building for debugging...
[0/4] Write swift-version--58304C5D6DBC2206.txt
Build complete! (0.08s)
Test Suite 'Selected tests' started at 2026-06-05 22:04:13.238.
Test Suite 'ChatAppPackageTests.xctest' started at 2026-06-05 22:04:13.239.
Test Suite 'GroupCryptoTests' started at 2026-06-05 22:04:13.239.
Test Case '-[ChatAppTests.GroupCryptoTests testMessageEnvelopeDoesNotContainPlaintextBytes]' started.
Test Case '-[ChatAppTests.GroupCryptoTests testMessageEnvelopeDoesNotContainPlaintextBytes]' passed (0.000 seconds).
Test Suite 'GroupCryptoTests' passed at 2026-06-05 22:04:13.240.
	 Executed 1 test, with 0 failures (0 unexpected) in 0.000 (0.001) seconds
Test Suite 'ChatAppPackageTests.xctest' passed at 2026-06-05 22:04:13.240.
	 Executed 1 test, with 0 failures (0 unexpected) in 0.000 (0.001) seconds
Test Suite 'Selected tests' passed at 2026-06-05 22:04:13.240.
	 Executed 1 test, with 0 failures (0 unexpected) in 0.000 (0.001) seconds
􀟈  Test run started.
􀄵  Testing Library Version: 1902
􀄵  Target Platform: arm64e-apple-macos14.0
􁁛  Test run with 0 tests in 0 suites passed after 0.001 seconds.
Building for debugging...
[0/4] Write swift-version--58304C5D6DBC2206.txt
Build complete! (0.08s)
Test Suite 'Selected tests' started at 2026-06-05 22:04:13.717.
Test Suite 'ChatAppPackageTests.xctest' started at 2026-06-05 22:04:13.718.
Test Suite 'GroupCryptoTests' started at 2026-06-05 22:04:13.718.
Test Case '-[ChatAppTests.GroupCryptoTests testSamePlaintextEncryptedTwiceProducesDifferentEnvelopes]' started.
Test Case '-[ChatAppTests.GroupCryptoTests testSamePlaintextEncryptedTwiceProducesDifferentEnvelopes]' passed (0.000 seconds).
Test Suite 'GroupCryptoTests' passed at 2026-06-05 22:04:13.719.
	 Executed 1 test, with 0 failures (0 unexpected) in 0.000 (0.001) seconds
Test Suite 'ChatAppPackageTests.xctest' passed at 2026-06-05 22:04:13.719.
	 Executed 1 test, with 0 failures (0 unexpected) in 0.000 (0.001) seconds
Test Suite 'Selected tests' passed at 2026-06-05 22:04:13.719.
	 Executed 1 test, with 0 failures (0 unexpected) in 0.000 (0.001) seconds
􀟈  Test run started.
􀄵  Testing Library Version: 1902
􀄵  Target Platform: arm64e-apple-macos14.0
􁁛  Test run with 0 tests in 0 suites passed after 0.001 seconds.
Building for debugging...
[0/4] Write swift-version--58304C5D6DBC2206.txt
Build complete! (0.08s)
Test Suite 'Selected tests' started at 2026-06-05 22:04:14.206.
Test Suite 'ChatAppPackageTests.xctest' started at 2026-06-05 22:04:14.207.
Test Suite 'GroupCryptoTests' started at 2026-06-05 22:04:14.207.
Test Case '-[ChatAppTests.GroupCryptoTests testInvalidGroupEnvelopeErrorsAreStable]' started.
Test Case '-[ChatAppTests.GroupCryptoTests testInvalidGroupEnvelopeErrorsAreStable]' passed (0.000 seconds).
Test Suite 'GroupCryptoTests' passed at 2026-06-05 22:04:14.207.
	 Executed 1 test, with 0 failures (0 unexpected) in 0.000 (0.001) seconds
Test Suite 'ChatAppPackageTests.xctest' passed at 2026-06-05 22:04:14.207.
	 Executed 1 test, with 0 failures (0 unexpected) in 0.000 (0.001) seconds
Test Suite 'Selected tests' passed at 2026-06-05 22:04:14.207.
	 Executed 1 test, with 0 failures (0 unexpected) in 0.000 (0.001) seconds
􀟈  Test run started.
􀄵  Testing Library Version: 1902
􀄵  Target Platform: arm64e-apple-macos14.0
􁁛  Test run with 0 tests in 0 suites passed after 0.001 seconds.
Building for debugging...
[0/4] Write swift-version--58304C5D6DBC2206.txt
Build complete! (0.08s)
Test Suite 'Selected tests' started at 2026-06-05 22:04:14.677.
Test Suite 'ChatAppPackageTests.xctest' started at 2026-06-05 22:04:14.678.
Test Suite 'GroupEnvelopeTests' started at 2026-06-05 22:04:14.678.
Test Case '-[ChatAppTests.GroupEnvelopeTests testCreateGroupRequestEncodesSnakeCaseKeys]' started.
Test Case '-[ChatAppTests.GroupEnvelopeTests testCreateGroupRequestEncodesSnakeCaseKeys]' passed (0.001 seconds).
Test Suite 'GroupEnvelopeTests' passed at 2026-06-05 22:04:14.679.
	 Executed 1 test, with 0 failures (0 unexpected) in 0.001 (0.001) seconds
Test Suite 'ChatAppPackageTests.xctest' passed at 2026-06-05 22:04:14.679.
	 Executed 1 test, with 0 failures (0 unexpected) in 0.001 (0.001) seconds
Test Suite 'Selected tests' passed at 2026-06-05 22:04:14.679.
	 Executed 1 test, with 0 failures (0 unexpected) in 0.001 (0.002) seconds
􀟈  Test run started.
􀄵  Testing Library Version: 1902
􀄵  Target Platform: arm64e-apple-macos14.0
􁁛  Test run with 0 tests in 0 suites passed after 0.001 seconds.
Building for debugging...
[0/4] Write swift-version--58304C5D6DBC2206.txt
Build complete! (0.08s)
Test Suite 'Selected tests' started at 2026-06-05 22:04:15.144.
Test Suite 'ChatAppPackageTests.xctest' started at 2026-06-05 22:04:15.144.
Test Suite 'GroupEnvelopeTests' started at 2026-06-05 22:04:15.144.
Test Case '-[ChatAppTests.GroupEnvelopeTests testSendGroupMessageRequestEncodesExactlyEpochAndCiphertext]' started.
Test Case '-[ChatAppTests.GroupEnvelopeTests testSendGroupMessageRequestEncodesExactlyEpochAndCiphertext]' passed (0.001 seconds).
Test Suite 'GroupEnvelopeTests' passed at 2026-06-05 22:04:15.145.
	 Executed 1 test, with 0 failures (0 unexpected) in 0.001 (0.001) seconds
Test Suite 'ChatAppPackageTests.xctest' passed at 2026-06-05 22:04:15.145.
	 Executed 1 test, with 0 failures (0 unexpected) in 0.001 (0.001) seconds
Test Suite 'Selected tests' passed at 2026-06-05 22:04:15.145.
	 Executed 1 test, with 0 failures (0 unexpected) in 0.001 (0.001) seconds
􀟈  Test run started.
􀄵  Testing Library Version: 1902
􀄵  Target Platform: arm64e-apple-macos14.0
􁁛  Test run with 0 tests in 0 suites passed after 0.001 seconds.
Building for debugging...
[0/4] Write swift-version--58304C5D6DBC2206.txt
Build complete! (0.08s)
Test Suite 'Selected tests' started at 2026-06-05 22:04:15.615.
Test Suite 'ChatAppPackageTests.xctest' started at 2026-06-05 22:04:15.616.
Test Suite 'GroupEnvelopeTests' started at 2026-06-05 22:04:15.616.
Test Case '-[ChatAppTests.GroupEnvelopeTests testEncodedPayloadsContainNoPlaintextBodyOrTextKeys]' started.
Test Case '-[ChatAppTests.GroupEnvelopeTests testEncodedPayloadsContainNoPlaintextBodyOrTextKeys]' passed (0.001 seconds).
Test Suite 'GroupEnvelopeTests' passed at 2026-06-05 22:04:15.617.
	 Executed 1 test, with 0 failures (0 unexpected) in 0.001 (0.001) seconds
Test Suite 'ChatAppPackageTests.xctest' passed at 2026-06-05 22:04:15.617.
	 Executed 1 test, with 0 failures (0 unexpected) in 0.001 (0.001) seconds
Test Suite 'Selected tests' passed at 2026-06-05 22:04:15.617.
	 Executed 1 test, with 0 failures (0 unexpected) in 0.001 (0.002) seconds
􀟈  Test run started.
􀄵  Testing Library Version: 1902
􀄵  Target Platform: arm64e-apple-macos14.0
􁁛  Test run with 0 tests in 0 suites passed after 0.001 seconds.
Building for debugging...
[0/4] Write swift-version--58304C5D6DBC2206.txt
Build complete! (0.08s)
Test Suite 'Selected tests' started at 2026-06-05 22:04:16.094.
Test Suite 'ChatAppPackageTests.xctest' started at 2026-06-05 22:04:16.095.
Test Suite 'HTTPGroupServiceTests' started at 2026-06-05 22:04:16.095.
Test Case '-[ChatAppTests.HTTPGroupServiceTests testCreateGroupPostsMembersWithBearerTokenAndDecodesResponse]' started.
Test Case '-[ChatAppTests.HTTPGroupServiceTests testCreateGroupPostsMembersWithBearerTokenAndDecodesResponse]' passed (0.004 seconds).
Test Suite 'HTTPGroupServiceTests' passed at 2026-06-05 22:04:16.099.
	 Executed 1 test, with 0 failures (0 unexpected) in 0.004 (0.004) seconds
Test Suite 'ChatAppPackageTests.xctest' passed at 2026-06-05 22:04:16.099.
	 Executed 1 test, with 0 failures (0 unexpected) in 0.004 (0.004) seconds
Test Suite 'Selected tests' passed at 2026-06-05 22:04:16.099.
	 Executed 1 test, with 0 failures (0 unexpected) in 0.004 (0.005) seconds
􀟈  Test run started.
􀄵  Testing Library Version: 1902
􀄵  Target Platform: arm64e-apple-macos14.0
􁁛  Test run with 0 tests in 0 suites passed after 0.001 seconds.
Building for debugging...
[0/4] Write swift-version--58304C5D6DBC2206.txt
Build complete! (0.08s)
Test Suite 'Selected tests' started at 2026-06-05 22:04:16.579.
Test Suite 'ChatAppPackageTests.xctest' started at 2026-06-05 22:04:16.580.
Test Suite 'HTTPGroupServiceTests' started at 2026-06-05 22:04:16.580.
Test Case '-[ChatAppTests.HTTPGroupServiceTests testAddMemberPostsEpochKeysAndDecodesResponse]' started.
Test Case '-[ChatAppTests.HTTPGroupServiceTests testAddMemberPostsEpochKeysAndDecodesResponse]' passed (0.004 seconds).
Test Suite 'HTTPGroupServiceTests' passed at 2026-06-05 22:04:16.584.
	 Executed 1 test, with 0 failures (0 unexpected) in 0.004 (0.004) seconds
Test Suite 'ChatAppPackageTests.xctest' passed at 2026-06-05 22:04:16.584.
	 Executed 1 test, with 0 failures (0 unexpected) in 0.004 (0.004) seconds
Test Suite 'Selected tests' passed at 2026-06-05 22:04:16.584.
	 Executed 1 test, with 0 failures (0 unexpected) in 0.004 (0.005) seconds
􀟈  Test run started.
􀄵  Testing Library Version: 1902
􀄵  Target Platform: arm64e-apple-macos14.0
􁁛  Test run with 0 tests in 0 suites passed after 0.001 seconds.
Building for debugging...
[0/4] Write swift-version--58304C5D6DBC2206.txt
Build complete! (0.08s)
Test Suite 'Selected tests' started at 2026-06-05 22:04:17.058.
Test Suite 'ChatAppPackageTests.xctest' started at 2026-06-05 22:04:17.059.
Test Suite 'HTTPGroupServiceTests' started at 2026-06-05 22:04:17.059.
Test Case '-[ChatAppTests.HTTPGroupServiceTests testSendGroupMessagePostsCiphertextOnlyAndMapsStatuses]' started.
Test Case '-[ChatAppTests.HTTPGroupServiceTests testSendGroupMessagePostsCiphertextOnlyAndMapsStatuses]' passed (0.005 seconds).
Test Suite 'HTTPGroupServiceTests' passed at 2026-06-05 22:04:17.064.
	 Executed 1 test, with 0 failures (0 unexpected) in 0.005 (0.005) seconds
Test Suite 'ChatAppPackageTests.xctest' passed at 2026-06-05 22:04:17.064.
	 Executed 1 test, with 0 failures (0 unexpected) in 0.005 (0.005) seconds
Test Suite 'Selected tests' passed at 2026-06-05 22:04:17.064.
	 Executed 1 test, with 0 failures (0 unexpected) in 0.005 (0.006) seconds
􀟈  Test run started.
􀄵  Testing Library Version: 1902
􀄵  Target Platform: arm64e-apple-macos14.0
􁁛  Test run with 0 tests in 0 suites passed after 0.001 seconds.
Building for debugging...
[0/4] Write swift-version--58304C5D6DBC2206.txt
Build complete! (0.08s)
Test Suite 'Selected tests' started at 2026-06-05 22:04:17.536.
Test Suite 'ChatAppPackageTests.xctest' started at 2026-06-05 22:04:17.537.
Test Suite 'HTTPGroupServiceTests' started at 2026-06-05 22:04:17.537.
Test Case '-[ChatAppTests.HTTPGroupServiceTests testGetEndpointsDecodeGroupPayloads]' started.
Test Case '-[ChatAppTests.HTTPGroupServiceTests testGetEndpointsDecodeGroupPayloads]' passed (0.005 seconds).
Test Suite 'HTTPGroupServiceTests' passed at 2026-06-05 22:04:17.542.
	 Executed 1 test, with 0 failures (0 unexpected) in 0.005 (0.005) seconds
Test Suite 'ChatAppPackageTests.xctest' passed at 2026-06-05 22:04:17.542.
	 Executed 1 test, with 0 failures (0 unexpected) in 0.005 (0.005) seconds
Test Suite 'Selected tests' passed at 2026-06-05 22:04:17.542.
	 Executed 1 test, with 0 failures (0 unexpected) in 0.005 (0.006) seconds
􀟈  Test run started.
􀄵  Testing Library Version: 1902
􀄵  Target Platform: arm64e-apple-macos14.0
􁁛  Test run with 0 tests in 0 suites passed after 0.001 seconds.
Building for debugging...
[0/4] Write swift-version--58304C5D6DBC2206.txt
Build complete! (0.08s)
Test Suite 'Selected tests' started at 2026-06-05 22:04:18.023.
Test Suite 'ChatAppPackageTests.xctest' started at 2026-06-05 22:04:18.023.
Test Suite 'HTTPGroupServiceTests' started at 2026-06-05 22:04:18.023.
Test Case '-[ChatAppTests.HTTPGroupServiceTests testParseGroupSSEEventDecodesDataLineAndIgnoresOtherLines]' started.
Test Case '-[ChatAppTests.HTTPGroupServiceTests testParseGroupSSEEventDecodesDataLineAndIgnoresOtherLines]' passed (0.001 seconds).
Test Suite 'HTTPGroupServiceTests' passed at 2026-06-05 22:04:18.024.
	 Executed 1 test, with 0 failures (0 unexpected) in 0.001 (0.001) seconds
Test Suite 'ChatAppPackageTests.xctest' passed at 2026-06-05 22:04:18.024.
	 Executed 1 test, with 0 failures (0 unexpected) in 0.001 (0.001) seconds
Test Suite 'Selected tests' passed at 2026-06-05 22:04:18.024.
	 Executed 1 test, with 0 failures (0 unexpected) in 0.001 (0.001) seconds
􀟈  Test run started.
􀄵  Testing Library Version: 1902
􀄵  Target Platform: arm64e-apple-macos14.0
􁁛  Test run with 0 tests in 0 suites passed after 0.001 seconds.
Building for debugging...
[0/4] Write swift-version--58304C5D6DBC2206.txt
Build complete! (0.09s)
Test Suite 'Selected tests' started at 2026-06-05 22:04:18.546.
Test Suite 'ChatAppPackageTests.xctest' started at 2026-06-05 22:04:18.547.
Test Suite 'HTTPGroupServiceTests' started at 2026-06-05 22:04:18.547.
Test Case '-[ChatAppTests.HTTPGroupServiceTests testLiveGroupMessagesYieldsSSERecordsAndCompletes]' started.
Test Case '-[ChatAppTests.HTTPGroupServiceTests testLiveGroupMessagesYieldsSSERecordsAndCompletes]' passed (0.004 seconds).
Test Suite 'HTTPGroupServiceTests' passed at 2026-06-05 22:04:18.551.
	 Executed 1 test, with 0 failures (0 unexpected) in 0.004 (0.004) seconds
Test Suite 'ChatAppPackageTests.xctest' passed at 2026-06-05 22:04:18.551.
	 Executed 1 test, with 0 failures (0 unexpected) in 0.004 (0.004) seconds
Test Suite 'Selected tests' passed at 2026-06-05 22:04:18.551.
	 Executed 1 test, with 0 failures (0 unexpected) in 0.004 (0.005) seconds
􀟈  Test run started.
􀄵  Testing Library Version: 1902
􀄵  Target Platform: arm64e-apple-macos14.0
􁁛  Test run with 0 tests in 0 suites passed after 0.001 seconds.
Building for debugging...
[0/4] Write swift-version--58304C5D6DBC2206.txt
Build complete! (0.08s)
Test Suite 'Selected tests' started at 2026-06-05 22:04:19.030.
Test Suite 'ChatAppPackageTests.xctest' started at 2026-06-05 22:04:19.030.
Test Suite 'GroupCoordinatorTests' started at 2026-06-05 22:04:19.030.
Test Case '-[ChatAppTests.GroupCoordinatorTests testCreateGroupWrapsEpochZeroKeyToEveryMember]' started.
Test Case '-[ChatAppTests.GroupCoordinatorTests testCreateGroupWrapsEpochZeroKeyToEveryMember]' passed (0.036 seconds).
Test Suite 'GroupCoordinatorTests' passed at 2026-06-05 22:04:19.066.
	 Executed 1 test, with 0 failures (0 unexpected) in 0.036 (0.036) seconds
Test Suite 'ChatAppPackageTests.xctest' passed at 2026-06-05 22:04:19.066.
	 Executed 1 test, with 0 failures (0 unexpected) in 0.036 (0.036) seconds
Test Suite 'Selected tests' passed at 2026-06-05 22:04:19.066.
	 Executed 1 test, with 0 failures (0 unexpected) in 0.036 (0.036) seconds
􀟈  Test run started.
􀄵  Testing Library Version: 1902
􀄵  Target Platform: arm64e-apple-macos14.0
􁁛  Test run with 0 tests in 0 suites passed after 0.001 seconds.
Building for debugging...
[0/4] Write swift-version--58304C5D6DBC2206.txt
Build complete! (0.08s)
Test Suite 'Selected tests' started at 2026-06-05 22:04:19.540.
Test Suite 'ChatAppPackageTests.xctest' started at 2026-06-05 22:04:19.541.
Test Suite 'GroupCoordinatorTests' started at 2026-06-05 22:04:19.541.
Test Case '-[ChatAppTests.GroupCoordinatorTests testCreateGroupRejectsMemberWithInvalidPrekeySignature]' started.
Test Case '-[ChatAppTests.GroupCoordinatorTests testCreateGroupRejectsMemberWithInvalidPrekeySignature]' passed (0.030 seconds).
Test Suite 'GroupCoordinatorTests' passed at 2026-06-05 22:04:19.571.
	 Executed 1 test, with 0 failures (0 unexpected) in 0.030 (0.030) seconds
Test Suite 'ChatAppPackageTests.xctest' passed at 2026-06-05 22:04:19.571.
	 Executed 1 test, with 0 failures (0 unexpected) in 0.030 (0.030) seconds
Test Suite 'Selected tests' passed at 2026-06-05 22:04:19.571.
	 Executed 1 test, with 0 failures (0 unexpected) in 0.030 (0.031) seconds
􀟈  Test run started.
􀄵  Testing Library Version: 1902
􀄵  Target Platform: arm64e-apple-macos14.0
􁁛  Test run with 0 tests in 0 suites passed after 0.001 seconds.
Building for debugging...
[0/4] Write swift-version--58304C5D6DBC2206.txt
Build complete! (0.08s)
Test Suite 'Selected tests' started at 2026-06-05 22:04:20.049.
Test Suite 'ChatAppPackageTests.xctest' started at 2026-06-05 22:04:20.050.
Test Suite 'GroupCoordinatorTests' started at 2026-06-05 22:04:20.050.
Test Case '-[ChatAppTests.GroupCoordinatorTests testSendEncryptsUnderCurrentEpochKey]' started.
Test Case '-[ChatAppTests.GroupCoordinatorTests testSendEncryptsUnderCurrentEpochKey]' passed (0.037 seconds).
Test Suite 'GroupCoordinatorTests' passed at 2026-06-05 22:04:20.087.
	 Executed 1 test, with 0 failures (0 unexpected) in 0.037 (0.037) seconds
Test Suite 'ChatAppPackageTests.xctest' passed at 2026-06-05 22:04:20.087.
	 Executed 1 test, with 0 failures (0 unexpected) in 0.037 (0.037) seconds
Test Suite 'Selected tests' passed at 2026-06-05 22:04:20.087.
	 Executed 1 test, with 0 failures (0 unexpected) in 0.037 (0.038) seconds
􀟈  Test run started.
􀄵  Testing Library Version: 1902
􀄵  Target Platform: arm64e-apple-macos14.0
􁁛  Test run with 0 tests in 0 suites passed after 0.001 seconds.
Building for debugging...
[0/4] Write swift-version--58304C5D6DBC2206.txt
Build complete! (0.08s)
Test Suite 'Selected tests' started at 2026-06-05 22:04:20.568.
Test Suite 'ChatAppPackageTests.xctest' started at 2026-06-05 22:04:20.568.
Test Suite 'GroupCoordinatorTests' started at 2026-06-05 22:04:20.569.
Test Case '-[ChatAppTests.GroupCoordinatorTests testLateAddedMemberCannotDecryptPriorEpochMessage]' started.
Test Case '-[ChatAppTests.GroupCoordinatorTests testLateAddedMemberCannotDecryptPriorEpochMessage]' passed (0.041 seconds).
Test Suite 'GroupCoordinatorTests' passed at 2026-06-05 22:04:20.609.
	 Executed 1 test, with 0 failures (0 unexpected) in 0.041 (0.041) seconds
Test Suite 'ChatAppPackageTests.xctest' passed at 2026-06-05 22:04:20.609.
	 Executed 1 test, with 0 failures (0 unexpected) in 0.041 (0.041) seconds
Test Suite 'Selected tests' passed at 2026-06-05 22:04:20.609.
	 Executed 1 test, with 0 failures (0 unexpected) in 0.041 (0.042) seconds
􀟈  Test run started.
􀄵  Testing Library Version: 1902
􀄵  Target Platform: arm64e-apple-macos14.0
􁁛  Test run with 0 tests in 0 suites passed after 0.001 seconds.
Building for debugging...
[0/4] Write swift-version--58304C5D6DBC2206.txt
Build complete! (0.08s)
Test Suite 'Selected tests' started at 2026-06-05 22:04:21.084.
Test Suite 'ChatAppPackageTests.xctest' started at 2026-06-05 22:04:21.085.
Test Suite 'GroupCoordinatorTests' started at 2026-06-05 22:04:21.085.
Test Case '-[ChatAppTests.GroupCoordinatorTests testOpenGroupDecryptsHistoryAndSkipsUndecryptable]' started.
Test Case '-[ChatAppTests.GroupCoordinatorTests testOpenGroupDecryptsHistoryAndSkipsUndecryptable]' passed (0.047 seconds).
Test Suite 'GroupCoordinatorTests' passed at 2026-06-05 22:04:21.132.
	 Executed 1 test, with 0 failures (0 unexpected) in 0.047 (0.047) seconds
Test Suite 'ChatAppPackageTests.xctest' passed at 2026-06-05 22:04:21.132.
	 Executed 1 test, with 0 failures (0 unexpected) in 0.047 (0.047) seconds
Test Suite 'Selected tests' passed at 2026-06-05 22:04:21.132.
	 Executed 1 test, with 0 failures (0 unexpected) in 0.047 (0.048) seconds
􀟈  Test run started.
􀄵  Testing Library Version: 1902
􀄵  Target Platform: arm64e-apple-macos14.0
􁁛  Test run with 0 tests in 0 suites passed after 0.001 seconds.
Building for debugging...
[0/4] Write swift-version--58304C5D6DBC2206.txt
Build complete! (0.09s)
Test Suite 'Selected tests' started at 2026-06-05 22:04:21.627.
Test Suite 'ChatAppPackageTests.xctest' started at 2026-06-05 22:04:21.628.
Test Suite 'GroupCoordinatorTests' started at 2026-06-05 22:04:21.628.
Test Case '-[ChatAppTests.GroupCoordinatorTests testSubscribeLiveDecryptsInboundGroupRecord]' started.
Test Case '-[ChatAppTests.GroupCoordinatorTests testSubscribeLiveDecryptsInboundGroupRecord]' passed (0.083 seconds).
Test Suite 'GroupCoordinatorTests' passed at 2026-06-05 22:04:21.712.
	 Executed 1 test, with 0 failures (0 unexpected) in 0.083 (0.084) seconds
Test Suite 'ChatAppPackageTests.xctest' passed at 2026-06-05 22:04:21.712.
	 Executed 1 test, with 0 failures (0 unexpected) in 0.083 (0.084) seconds
Test Suite 'Selected tests' passed at 2026-06-05 22:04:21.712.
	 Executed 1 test, with 0 failures (0 unexpected) in 0.083 (0.084) seconds
􀟈  Test run started.
􀄵  Testing Library Version: 1902
􀄵  Target Platform: arm64e-apple-macos14.0
􁁛  Test run with 0 tests in 0 suites passed after 0.001 seconds.
Building for debugging...
[0/4] Write swift-version--58304C5D6DBC2206.txt
Build complete! (0.08s)
Test Suite 'Selected tests' started at 2026-06-05 22:04:22.181.
Test Suite 'ChatAppPackageTests.xctest' started at 2026-06-05 22:04:22.182.
Test Suite 'LiveDME2ETests' started at 2026-06-05 22:04:22.182.
Test Case '-[ChatAppTests.LiveDME2ETests testLiveEncryptedDirectMessageRoundTripStoresOnlyCiphertext]' started.
Test Case '-[ChatAppTests.LiveDME2ETests testLiveEncryptedDirectMessageRoundTripStoresOnlyCiphertext]' passed (0.192 seconds).
Test Suite 'LiveDME2ETests' passed at 2026-06-05 22:04:22.373.
	 Executed 1 test, with 0 failures (0 unexpected) in 0.192 (0.192) seconds
Test Suite 'ChatAppPackageTests.xctest' passed at 2026-06-05 22:04:22.373.
	 Executed 1 test, with 0 failures (0 unexpected) in 0.192 (0.192) seconds
Test Suite 'Selected tests' passed at 2026-06-05 22:04:22.373.
	 Executed 1 test, with 0 failures (0 unexpected) in 0.192 (0.192) seconds
􀟈  Test run started.
􀄵  Testing Library Version: 1902
􀄵  Target Platform: arm64e-apple-macos14.0
􁁛  Test run with 0 tests in 0 suites passed after 0.001 seconds.
Building for debugging...
[0/4] Write swift-version--58304C5D6DBC2206.txt
Build complete! (0.08s)
Test Suite 'Selected tests' started at 2026-06-05 22:04:22.850.
Test Suite 'ChatAppPackageTests.xctest' started at 2026-06-05 22:04:22.851.
Test Suite 'LiveRegistrationE2ETests' started at 2026-06-05 22:04:22.851.
Test Case '-[ChatAppTests.LiveRegistrationE2ETests testLiveRegistrationPersistsAccountAndDuplicateShowsTakenError]' started.
Test Case '-[ChatAppTests.LiveRegistrationE2ETests testLiveRegistrationPersistsAccountAndDuplicateShowsTakenError]' passed (0.025 seconds).
Test Suite 'LiveRegistrationE2ETests' passed at 2026-06-05 22:04:22.876.
	 Executed 1 test, with 0 failures (0 unexpected) in 0.025 (0.025) seconds
Test Suite 'ChatAppPackageTests.xctest' passed at 2026-06-05 22:04:22.876.
	 Executed 1 test, with 0 failures (0 unexpected) in 0.025 (0.025) seconds
Test Suite 'Selected tests' passed at 2026-06-05 22:04:22.876.
	 Executed 1 test, with 0 failures (0 unexpected) in 0.025 (0.026) seconds
􀟈  Test run started.
􀄵  Testing Library Version: 1902
􀄵  Target Platform: arm64e-apple-macos14.0
􁁛  Test run with 0 tests in 0 suites passed after 0.001 seconds.
Building for debugging...
[0/4] Write swift-version--58304C5D6DBC2206.txt
Build complete! (0.08s)
Test Suite 'Selected tests' started at 2026-06-05 22:04:23.350.
Test Suite 'ChatAppPackageTests.xctest' started at 2026-06-05 22:04:23.351.
Test Suite 'LiveAuthE2ETests' started at 2026-06-05 22:04:23.351.
Test Case '-[ChatAppTests.LiveAuthE2ETests testLivePasswordFreeAuthRoundTripAndRejectsCorruptedSignature]' started.
Test Case '-[ChatAppTests.LiveAuthE2ETests testLivePasswordFreeAuthRoundTripAndRejectsCorruptedSignature]' passed (0.025 seconds).
Test Suite 'LiveAuthE2ETests' passed at 2026-06-05 22:04:23.376.
	 Executed 1 test, with 0 failures (0 unexpected) in 0.025 (0.025) seconds
Test Suite 'ChatAppPackageTests.xctest' passed at 2026-06-05 22:04:23.376.
	 Executed 1 test, with 0 failures (0 unexpected) in 0.025 (0.025) seconds
Test Suite 'Selected tests' passed at 2026-06-05 22:04:23.376.
	 Executed 1 test, with 0 failures (0 unexpected) in 0.025 (0.026) seconds
􀟈  Test run started.
􀄵  Testing Library Version: 1902
􀄵  Target Platform: arm64e-apple-macos14.0
􁁛  Test run with 0 tests in 0 suites passed after 0.001 seconds.
Building for debugging...
[0/4] Write swift-version--58304C5D6DBC2206.txt
Build complete! (0.08s)
Test Suite 'Selected tests' started at 2026-06-05 22:04:23.850.
Test Suite 'ChatAppPackageTests.xctest' started at 2026-06-05 22:04:23.850.
Test Suite 'MessageCryptoTests' started at 2026-06-05 22:04:23.850.
Test Case '-[ChatAppTests.MessageCryptoTests testEncryptDecryptRoundTripsToExactPlaintext]' started.
Test Case '-[ChatAppTests.MessageCryptoTests testEncryptDecryptRoundTripsToExactPlaintext]' passed (0.001 seconds).
Test Suite 'MessageCryptoTests' passed at 2026-06-05 22:04:23.851.
	 Executed 1 test, with 0 failures (0 unexpected) in 0.001 (0.001) seconds
Test Suite 'ChatAppPackageTests.xctest' passed at 2026-06-05 22:04:23.851.
	 Executed 1 test, with 0 failures (0 unexpected) in 0.001 (0.001) seconds
Test Suite 'Selected tests' passed at 2026-06-05 22:04:23.851.
	 Executed 1 test, with 0 failures (0 unexpected) in 0.001 (0.002) seconds
􀟈  Test run started.
􀄵  Testing Library Version: 1902
􀄵  Target Platform: arm64e-apple-macos14.0
􁁛  Test run with 0 tests in 0 suites passed after 0.001 seconds.
Building for debugging...
[0/4] Write swift-version--58304C5D6DBC2206.txt
Build complete! (0.08s)
Test Suite 'Selected tests' started at 2026-06-05 22:04:24.326.
Test Suite 'ChatAppPackageTests.xctest' started at 2026-06-05 22:04:24.326.
Test Suite 'HTTPMessageServiceTests' started at 2026-06-05 22:04:24.326.
Test Case '-[ChatAppTests.HTTPMessageServiceTests testSendPostsCiphertextOnlyWithBearerToken]' started.
Test Case '-[ChatAppTests.HTTPMessageServiceTests testSendPostsCiphertextOnlyWithBearerToken]' passed (0.004 seconds).
Test Suite 'HTTPMessageServiceTests' passed at 2026-06-05 22:04:24.331.
	 Executed 1 test, with 0 failures (0 unexpected) in 0.004 (0.004) seconds
Test Suite 'ChatAppPackageTests.xctest' passed at 2026-06-05 22:04:24.331.
	 Executed 1 test, with 0 failures (0 unexpected) in 0.004 (0.004) seconds
Test Suite 'Selected tests' passed at 2026-06-05 22:04:24.331.
	 Executed 1 test, with 0 failures (0 unexpected) in 0.004 (0.005) seconds
􀟈  Test run started.
􀄵  Testing Library Version: 1902
􀄵  Target Platform: arm64e-apple-macos14.0
􁁛  Test run with 0 tests in 0 suites passed after 0.001 seconds.
task-5 verify: proving group wire, history, and DB contain ciphertext only
task-5 verify: proving post-add coordinator message is persisted and reachable
task-5 verify: proving late member lacks prior epoch key
task-5 verify: checking group message/key schemas
task-5 verify: PASS
/Users/ngthluu/choscor/test-chat-app/.agentloop/worktrees/task-fix-task9-verify-b3/.agentloop/state/tasks/task-5/verify.sh: line 29:  3680 Terminated: 15          ( cd "${BACKEND_DIR}"; cargo run -- --db-path "${DB_PATH}" --port "${PORT}" ) > "${SERVER_LOG}" 2>&1
verify: RUN (task-6)
task-6 verify: building and testing backend
    Finished `dev` profile [unoptimized + debuginfo] target(s) in 0.07s
    Finished `test` profile [unoptimized + debuginfo] target(s) in 0.07s
     Running unittests src/lib.rs (target/debug/deps/test_chat_backend-acfff881fbeff8b8)

running 0 tests

test result: ok. 0 passed; 0 failed; 0 ignored; 0 measured; 0 filtered out; finished in 0.00s

     Running unittests src/main.rs (target/debug/deps/test_chat_backend-9d5476f2c3843da5)

running 0 tests

test result: ok. 0 passed; 0 failed; 0 ignored; 0 measured; 0 filtered out; finished in 0.00s

     Running tests/attachments.rs (target/debug/deps/attachments-14ccd7d85cb70557)

running 5 tests
test attachments_table_stores_no_plaintext_columns ... ok
test attachment_requires_bearer_token ... ok
test attachment_download_unknown_id_is_404 ... ok
test attachment_upload_then_download_round_trips_exact_bytes ... ok
test attachment_upload_rejects_oversize_payload_with_413 ... ok

test result: ok. 5 passed; 0 failed; 0 ignored; 0 measured; 0 filtered out; finished in 0.02s

     Running tests/auth.rs (target/debug/deps/auth-8604fa95047f6e2f)

running 8 tests
test auth_tables_store_no_private_material ... ok
test auth_session_rejects_unknown_token ... ok
test auth_malformed_json_returns_bad_request ... ok
test auth_challenge_rejects_unknown_user ... ok
test auth_challenge_returns_nonce_for_known_user ... ok
test auth_verify_with_bad_signature_is_rejected ... ok
test auth_verify_with_valid_signature_issues_session_token ... ok
test auth_verify_rejects_unknown_or_reused_challenge ... ok

test result: ok. 8 passed; 0 failed; 0 ignored; 0 measured; 0 filtered out; finished in 0.02s

     Running tests/conversations.rs (target/debug/deps/conversations-a7ed8ac73ee40eae)

running 7 tests
test conversations_requires_bearer_token ... ok
test conversations_include_inbound_only_peer_started_while_viewer_was_offline ... ok
test conversations_return_ciphertext_and_metadata_without_plaintext ... ok
test conversations_empty_for_user_with_no_messages ... ok
test conversations_lists_distinct_peers_ordered_by_recent_activity ... ok
test conversations_use_rowid_tiebreaks_instead_of_random_uuid_order ... ok
test conversations_scope_excludes_unrelated_pairs_and_names_the_peer ... ok

test result: ok. 7 passed; 0 failed; 0 ignored; 0 measured; 0 filtered out; finished in 0.03s

     Running tests/groups.rs (target/debug/deps/groups-dd51c3ddb97e60c4)

running 12 tests
test group_create_requires_bearer_token ... ok
test group_stream_requires_bearer_token ... ok
test group_tables_store_no_plaintext_columns ... ok
test group_list_returns_all_member_groups_in_rowid_order ... ok
test group_message_post_stores_exactly_the_ciphertext_blob ... ok
test group_message_history_returns_same_second_messages_in_send_order ... ok
test group_message_history_returns_only_ciphertext_for_members ... ok
test group_add_member_broadcasts_epoch_event_to_members ... ok
test group_create_persists_name_membership_and_epoch_zero_keys ... ok
test group_endpoints_reject_non_members_with_403 ... ok
test group_stream_with_member_returns_sse_headers ... ok
test group_add_member_bumps_epoch_and_blocks_prior_epoch_keys ... ok

test result: ok. 12 passed; 0 failed; 0 ignored; 0 measured; 0 filtered out; finished in 0.04s

     Running tests/messages.rs (target/debug/deps/messages-a293061aac4fd650)

running 14 tests
test messages_inbox_requires_bearer_token ... ok
test messages_post_requires_bearer_token ... ok
test messages_inbox_empty_for_caller_with_no_inbound_messages ... ok
test keys_publish_requires_valid_identity_signature ... ok
test messages_stream_requires_bearer_token ... ok
test messages_inbox_since_cursor_returns_only_later_rows_and_advances ... ok
test messages_inbox_delivers_same_second_messages_in_send_order ... ok
test messages_history_returns_same_second_messages_in_send_order ... ok
test messages_inbox_is_scoped_to_recipient_inbound_messages_only ... ok
test keys_fetch_returns_published_prekey_for_username ... ok
test messages_table_stores_no_plaintext_columns ... ok
test messages_stream_with_valid_token_returns_sse_headers ... ok
test messages_post_stores_exactly_the_ciphertext_blob ... ok
test messages_history_returns_only_ciphertext_and_is_scoped_to_the_pair ... ok

test result: ok. 14 passed; 0 failed; 0 ignored; 0 measured; 0 filtered out; finished in 0.03s

     Running tests/register.rs (target/debug/deps/register-6f9d859b8574001d)

running 3 tests
test register_stores_only_public_account_fields ... ok
test register_rejects_duplicate_username_without_second_row ... ok
test register_rejects_malformed_input ... ok

test result: ok. 3 passed; 0 failed; 0 ignored; 0 measured; 0 filtered out; finished in 0.01s

     Running tests/schema.rs (target/debug/deps/schema-b038f68994545c75)

running 2 tests
test migration_creates_users_table_with_only_public_account_columns ... ok
test schema_dump_prints_schema_sample_row_and_rejects_private_material ... ok

test result: ok. 2 passed; 0 failed; 0 ignored; 0 measured; 0 filtered out; finished in 0.02s

     Running tests/zk_relay_audit.rs (target/debug/deps/zk_relay_audit-bd3d74422e342891)

running 4 tests
test zk_relay_audit_fails_when_attachments_shape_drifts ... ok
test zk_relay_audit_fails_when_plaintext_column_exists ... ok
test zk_relay_audit_fails_when_private_key_column_exists ... ok
test zk_relay_audit_passes_for_ciphertext_only_schema ... ok

test result: ok. 4 passed; 0 failed; 0 ignored; 0 measured; 0 filtered out; finished in 0.37s

     Running tests/zk_sentinel.rs (target/debug/deps/zk_sentinel-1d21ce2d7220d674)

running 1 test
test zk_sentinel_roundtrip_stores_only_ciphertext_in_raw_db ... ok

test result: ok. 1 passed; 0 failed; 0 ignored; 0 measured; 0 filtered out; finished in 0.03s

   Doc-tests test_chat_backend

running 0 tests

test result: ok. 0 passed; 0 failed; 0 ignored; 0 measured; 0 filtered out; finished in 0.00s
task-6 verify: starting backend on http://127.0.0.1:46759
task-6 verify: backend health check returned 200
task-6 verify: building and testing Swift app with live emoji DM E2E
[0/1] Planning build
Building for debugging...
[0/3] Write swift-version--58304C5D6DBC2206.txt
Build complete! (0.13s)
[0/1] Planning build
Building for debugging...
[0/4] Write swift-version--58304C5D6DBC2206.txt
Build complete! (0.12s)
Test Suite 'Selected tests' started at 2026-06-05 22:04:27.649.
Test Suite 'ChatAppPackageTests.xctest' started at 2026-06-05 22:04:27.650.
Test Suite 'ComposerWiringTests' started at 2026-06-05 22:04:27.650.
Test Case '-[ChatAppTests.ComposerWiringTests testComposerDraftIsSentThenReset]' started.
Test Case '-[ChatAppTests.ComposerWiringTests testComposerDraftIsSentThenReset]' passed (0.000 seconds).
Test Case '-[ChatAppTests.ComposerWiringTests testEmojiPickerViewCanBeConstructedWithShippedModel]' started.
Test Case '-[ChatAppTests.ComposerWiringTests testEmojiPickerViewCanBeConstructedWithShippedModel]' passed (0.000 seconds).
Test Suite 'ComposerWiringTests' passed at 2026-06-05 22:04:27.651.
	 Executed 2 tests, with 0 failures (0 unexpected) in 0.001 (0.001) seconds
Test Suite 'DraftEditorTests' started at 2026-06-05 22:04:27.651.
Test Case '-[ChatAppTests.DraftEditorTests testCaretAboveLengthClampsToEnd]' started.
Test Case '-[ChatAppTests.DraftEditorTests testCaretAboveLengthClampsToEnd]' passed (0.000 seconds).
Test Case '-[ChatAppTests.DraftEditorTests testCaretBelowZeroClampsToStart]' started.
Test Case '-[ChatAppTests.DraftEditorTests testCaretBelowZeroClampsToStart]' passed (0.000 seconds).
Test Case '-[ChatAppTests.DraftEditorTests testInsertAtEndOfASCIIDraft]' started.
Test Case '-[ChatAppTests.DraftEditorTests testInsertAtEndOfASCIIDraft]' passed (0.000 seconds).
Test Case '-[ChatAppTests.DraftEditorTests testInsertAtMiddleOfASCIIDraft]' started.
Test Case '-[ChatAppTests.DraftEditorTests testInsertAtMiddleOfASCIIDraft]' passed (0.000 seconds).
Test Case '-[ChatAppTests.DraftEditorTests testInsertAtStartOfASCIIDraft]' started.
Test Case '-[ChatAppTests.DraftEditorTests testInsertAtStartOfASCIIDraft]' passed (0.000 seconds).
Test Case '-[ChatAppTests.DraftEditorTests testInsertIntoEmptyDraftYieldsEmojiAndCaretAfterIt]' started.
Test Case '-[ChatAppTests.DraftEditorTests testInsertIntoEmptyDraftYieldsEmojiAndCaretAfterIt]' passed (0.000 seconds).
Test Case '-[ChatAppTests.DraftEditorTests testInsertionInsideExistingEmojiSnapsDownAndDoesNotSplitIt]' started.
Test Case '-[ChatAppTests.DraftEditorTests testInsertionInsideExistingEmojiSnapsDownAndDoesNotSplitIt]' passed (0.000 seconds).
Test Case '-[ChatAppTests.DraftEditorTests testMultiScalarEmojiAreInsertedAsIntactGraphemes]' started.
Test Case '-[ChatAppTests.DraftEditorTests testMultiScalarEmojiAreInsertedAsIntactGraphemes]' passed (0.000 seconds).
Test Suite 'DraftEditorTests' passed at 2026-06-05 22:04:27.652.
	 Executed 8 tests, with 0 failures (0 unexpected) in 0.001 (0.001) seconds
Test Suite 'EmojiCatalogTests' started at 2026-06-05 22:04:27.652.
Test Case '-[ChatAppTests.EmojiCatalogTests testCatalogIncludesMultiScalarExamples]' started.
Test Case '-[ChatAppTests.EmojiCatalogTests testCatalogIncludesMultiScalarExamples]' passed (0.000 seconds).
Test Case '-[ChatAppTests.EmojiCatalogTests testCatalogIsNonEmptyAndEveryCategoryHasEntries]' started.
Test Case '-[ChatAppTests.EmojiCatalogTests testCatalogIsNonEmptyAndEveryCategoryHasEntries]' passed (0.000 seconds).
Test Case '-[ChatAppTests.EmojiCatalogTests testEmojiCharactersAreUnique]' started.
Test Case '-[ChatAppTests.EmojiCatalogTests testEmojiCharactersAreUnique]' passed (0.000 seconds).
Test Case '-[ChatAppTests.EmojiCatalogTests testEmptySearchReturnsAllEmojis]' started.
Test Case '-[ChatAppTests.EmojiCatalogTests testEmptySearchReturnsAllEmojis]' passed (0.000 seconds).
Test Case '-[ChatAppTests.EmojiCatalogTests testEveryEmojiHasMetadataAndIsFiledInItsCategory]' started.
Test Case '-[ChatAppTests.EmojiCatalogTests testEveryEmojiHasMetadataAndIsFiledInItsCategory]' passed (0.000 seconds).
Test Case '-[ChatAppTests.EmojiCatalogTests testNonsenseSearchReturnsNoEmojis]' started.
Test Case '-[ChatAppTests.EmojiCatalogTests testNonsenseSearchReturnsNoEmojis]' passed (0.000 seconds).
Test Case '-[ChatAppTests.EmojiCatalogTests testSearchIsCaseInsensitive]' started.
Test Case '-[ChatAppTests.EmojiCatalogTests testSearchIsCaseInsensitive]' passed (0.000 seconds).
Test Case '-[ChatAppTests.EmojiCatalogTests testSearchMatchesHeartByNameOrKeyword]' started.
Test Case '-[ChatAppTests.EmojiCatalogTests testSearchMatchesHeartByNameOrKeyword]' passed (0.000 seconds).
Test Case '-[ChatAppTests.EmojiCatalogTests testSearchMatchesKeywordThatIsNotPartOfName]' started.
Test Case '-[ChatAppTests.EmojiCatalogTests testSearchMatchesKeywordThatIsNotPartOfName]' passed (0.000 seconds).
Test Suite 'EmojiCatalogTests' passed at 2026-06-05 22:04:27.653.
	 Executed 9 tests, with 0 failures (0 unexpected) in 0.002 (0.002) seconds
Test Suite 'LiveEmojiDME2ETests' started at 2026-06-05 22:04:27.653.
Test Case '-[ChatAppTests.LiveEmojiDME2ETests testLiveEmojiOnlyDirectMessageRoundTripRendersForRecipient]' started.
Test Case '-[ChatAppTests.LiveEmojiDME2ETests testLiveEmojiOnlyDirectMessageRoundTripRendersForRecipient]' passed (0.197 seconds).
Test Suite 'LiveEmojiDME2ETests' passed at 2026-06-05 22:04:27.851.
	 Executed 1 test, with 0 failures (0 unexpected) in 0.197 (0.197) seconds
Test Suite 'MessageComposerModelTests' started at 2026-06-05 22:04:27.851.
Test Case '-[ChatAppTests.MessageComposerModelTests testCanSendUsesTrimmedDraftRule]' started.
Test Case '-[ChatAppTests.MessageComposerModelTests testCanSendUsesTrimmedDraftRule]' passed (0.000 seconds).
Test Case '-[ChatAppTests.MessageComposerModelTests testFilteredEmojisUsesSearchWhenQueryIsNonEmpty]' started.
Test Case '-[ChatAppTests.MessageComposerModelTests testFilteredEmojisUsesSearchWhenQueryIsNonEmpty]' passed (0.000 seconds).
Test Case '-[ChatAppTests.MessageComposerModelTests testFilteredEmojisUsesSelectedCategoryWhenQueryIsEmpty]' started.
Test Case '-[ChatAppTests.MessageComposerModelTests testFilteredEmojisUsesSelectedCategoryWhenQueryIsEmpty]' passed (0.000 seconds).
Test Case '-[ChatAppTests.MessageComposerModelTests testInsertEmojiAtCaretAdvancesCaretAndDismissesPicker]' started.
Test Case '-[ChatAppTests.MessageComposerModelTests testInsertEmojiAtCaretAdvancesCaretAndDismissesPicker]' passed (0.000 seconds).
Test Case '-[ChatAppTests.MessageComposerModelTests testPickerPresentationMethodsUpdateState]' started.
Test Case '-[ChatAppTests.MessageComposerModelTests testPickerPresentationMethodsUpdateState]' passed (0.000 seconds).
Test Case '-[ChatAppTests.MessageComposerModelTests testResetClearsDraftAndCaret]' started.
Test Case '-[ChatAppTests.MessageComposerModelTests testResetClearsDraftAndCaret]' passed (0.000 seconds).
Test Case '-[ChatAppTests.MessageComposerModelTests testSequentialInsertsPreserveOrder]' started.
Test Case '-[ChatAppTests.MessageComposerModelTests testSequentialInsertsPreserveOrder]' passed (0.000 seconds).
Test Suite 'MessageComposerModelTests' passed at 2026-06-05 22:04:27.853.
	 Executed 7 tests, with 0 failures (0 unexpected) in 0.001 (0.002) seconds
Test Suite 'ChatAppPackageTests.xctest' passed at 2026-06-05 22:04:27.853.
	 Executed 27 tests, with 0 failures (0 unexpected) in 0.201 (0.203) seconds
Test Suite 'Selected tests' passed at 2026-06-05 22:04:27.853.
	 Executed 27 tests, with 0 failures (0 unexpected) in 0.201 (0.204) seconds
􀟈  Test run started.
􀄵  Testing Library Version: 1902
􀄵  Target Platform: arm64e-apple-macos14.0
􁁛  Test run with 0 tests in 0 suites passed after 0.001 seconds.
task-6 verify: proving emoji DM wire, history, and DB contain ciphertext only
task-6 verify: PASS
/Users/ngthluu/choscor/test-chat-app/.agentloop/worktrees/task-fix-task9-verify-b3/.agentloop/state/tasks/task-6/verify.sh: line 27: 12275 Terminated: 15          ( cd "${BACKEND_DIR}"; cargo run -- --db-path "${DB_PATH}" --port "${PORT}" ) > "${SERVER_LOG}" 2>&1
verify: RUN (task-7-r5)
task-7 verify: reaping stale backend processes
reaped 2 stale test-chat-backend process(es)
task-7 verify: building backend and running scoped Rust attachment tests
    Finished `dev` profile [unoptimized + debuginfo] target(s) in 0.07s
    Finished `test` profile [unoptimized + debuginfo] target(s) in 0.06s
     Running tests/attachments.rs (target/debug/deps/attachments-14ccd7d85cb70557)

running 5 tests
test attachments_table_stores_no_plaintext_columns ... ok
test attachment_requires_bearer_token ... ok
test attachment_download_unknown_id_is_404 ... ok
test attachment_upload_then_download_round_trips_exact_bytes ... ok
test attachment_upload_rejects_oversize_payload_with_413 ... ok

test result: ok. 5 passed; 0 failed; 0 ignored; 0 measured; 0 filtered out; finished in 0.02s
task-7 verify: starting backend on http://127.0.0.1:49454
task-7 verify: backend health check returned 200
task-7 verify: building Swift app and test targets
[0/1] Planning build
Building for debugging...
[0/3] Write swift-version--58304C5D6DBC2206.txt
Build complete! (0.12s)
Building for debugging...
[0/4] Write swift-version--58304C5D6DBC2206.txt
Build complete! (0.08s)
task-7 verify: running attachment-only Swift test classes
[0/1] Planning build
Test Suite 'Selected tests' started at 2026-06-05 22:04:30.885.
Test Suite 'ChatAppPackageTests.xctest' started at 2026-06-05 22:04:30.886.
Test Suite 'AttachmentDescriptorTests' started at 2026-06-05 22:04:30.886.
Test Case '-[ChatAppTests.AttachmentDescriptorTests testDescriptorRoundTripsAndUsesSnakeCaseKeys]' started.
Test Case '-[ChatAppTests.AttachmentDescriptorTests testDescriptorRoundTripsAndUsesSnakeCaseKeys]' passed (0.001 seconds).
Test Case '-[ChatAppTests.AttachmentDescriptorTests testJSONWithoutAttachmentMarkerIsNotMisdetected]' started.
Test Case '-[ChatAppTests.AttachmentDescriptorTests testJSONWithoutAttachmentMarkerIsNotMisdetected]' passed (0.000 seconds).
Test Case '-[ChatAppTests.AttachmentDescriptorTests testJSONWithWrongMarkerIsNotMisdetected]' started.
Test Case '-[ChatAppTests.AttachmentDescriptorTests testJSONWithWrongMarkerIsNotMisdetected]' passed (0.000 seconds).
Test Case '-[ChatAppTests.AttachmentDescriptorTests testPlainTextIsNotMisdetected]' started.
Test Case '-[ChatAppTests.AttachmentDescriptorTests testPlainTextIsNotMisdetected]' passed (0.000 seconds).
Test Suite 'AttachmentDescriptorTests' passed at 2026-06-05 22:04:30.887.
	 Executed 4 tests, with 0 failures (0 unexpected) in 0.001 (0.001) seconds
Test Suite 'DMCoordinatorTests' started at 2026-06-05 22:04:30.887.
Test Case '-[ChatAppTests.DMCoordinatorTests testCancelLiveSubscriptionCancelsWithoutRemovingMessages]' started.
Test Case '-[ChatAppTests.DMCoordinatorTests testCancelLiveSubscriptionCancelsWithoutRemovingMessages]' passed (0.039 seconds).
Test Case '-[ChatAppTests.DMCoordinatorTests testLoadHistoryDecryptsInboundRecordIntoDisplayMessages]' started.
Test Case '-[ChatAppTests.DMCoordinatorTests testLoadHistoryDecryptsInboundRecordIntoDisplayMessages]' passed (0.032 seconds).
Test Case '-[ChatAppTests.DMCoordinatorTests testLoadHistoryDetectsAttachmentDescriptorAndDownloadReturnsOriginalBytes]' started.
Test Case '-[ChatAppTests.DMCoordinatorTests testLoadHistoryDetectsAttachmentDescriptorAndDownloadReturnsOriginalBytes]' passed (0.031 seconds).
Test Case '-[ChatAppTests.DMCoordinatorTests testSendAttachmentUploadsEncryptedBlobAndSendsEncryptedDescriptor]' started.
Test Case '-[ChatAppTests.DMCoordinatorTests testSendAttachmentUploadsEncryptedBlobAndSendsEncryptedDescriptor]' passed (0.033 seconds).
Test Case '-[ChatAppTests.DMCoordinatorTests testSendEncryptsCiphertextAndRecipientCanDecryptIt]' started.
Test Case '-[ChatAppTests.DMCoordinatorTests testSendEncryptsCiphertextAndRecipientCanDecryptIt]' passed (0.030 seconds).
Test Case '-[ChatAppTests.DMCoordinatorTests testStartConversationRejectsPeerWithInvalidPrekeySignature]' started.
Test Case '-[ChatAppTests.DMCoordinatorTests testStartConversationRejectsPeerWithInvalidPrekeySignature]' passed (0.015 seconds).
Test Case '-[ChatAppTests.DMCoordinatorTests testStartConversationShowsUserNotFoundForMissingPeer]' started.
Test Case '-[ChatAppTests.DMCoordinatorTests testStartConversationShowsUserNotFoundForMissingPeer]' passed (0.013 seconds).
Test Case '-[ChatAppTests.DMCoordinatorTests testSubscribeLiveCatchesUpOfflineHistoryInServerOrderAndDedupesSSE]' started.
Test Case '-[ChatAppTests.DMCoordinatorTests testSubscribeLiveCatchesUpOfflineHistoryInServerOrderAndDedupesSSE]' passed (0.037 seconds).
Test Case '-[ChatAppTests.DMCoordinatorTests testSubscribeLiveDecryptsInboundRecordAndDedupesExistingMessages]' started.
Test Case '-[ChatAppTests.DMCoordinatorTests testSubscribeLiveDecryptsInboundRecordAndDedupesExistingMessages]' passed (0.095 seconds).
Test Case '-[ChatAppTests.DMCoordinatorTests testSubscribeLiveDeliversAttachmentDisplayDedupesAndDownloadsOriginalBytes]' started.
Test Case '-[ChatAppTests.DMCoordinatorTests testSubscribeLiveDeliversAttachmentDisplayDedupesAndDownloadsOriginalBytes]' passed (0.206 seconds).
Test Suite 'DMCoordinatorTests' passed at 2026-06-05 22:04:31.417.
	 Executed 10 tests, with 0 failures (0 unexpected) in 0.529 (0.530) seconds
Test Suite 'FileCryptoTests' started at 2026-06-05 22:04:31.417.
Test Case '-[ChatAppTests.FileCryptoTests testEncryptDecryptRoundTripReturnsExactBytesForBinaryPayload]' started.
Test Case '-[ChatAppTests.FileCryptoTests testEncryptDecryptRoundTripReturnsExactBytesForBinaryPayload]' passed (0.000 seconds).
Test Case '-[ChatAppTests.FileCryptoTests testEncryptDecryptRoundTripReturnsExactBytesForSmallPayload]' started.
Test Case '-[ChatAppTests.FileCryptoTests testEncryptDecryptRoundTripReturnsExactBytesForSmallPayload]' passed (0.000 seconds).
Test Case '-[ChatAppTests.FileCryptoTests testEncryptedBlobDoesNotContainPlaintextBytes]' started.
Test Case '-[ChatAppTests.FileCryptoTests testEncryptedBlobDoesNotContainPlaintextBytes]' passed (0.000 seconds).
Test Case '-[ChatAppTests.FileCryptoTests testNearTenMegabyteFileRoundTrips]' started.
Test Case '-[ChatAppTests.FileCryptoTests testNearTenMegabyteFileRoundTrips]' passed (0.028 seconds).
Test Case '-[ChatAppTests.FileCryptoTests testTamperedBlobThrows]' started.
Test Case '-[ChatAppTests.FileCryptoTests testTamperedBlobThrows]' passed (0.000 seconds).
Test Case '-[ChatAppTests.FileCryptoTests testWrongKeyFailsToDecrypt]' started.
Test Case '-[ChatAppTests.FileCryptoTests testWrongKeyFailsToDecrypt]' passed (0.000 seconds).
Test Suite 'FileCryptoTests' passed at 2026-06-05 22:04:31.447.
	 Executed 6 tests, with 0 failures (0 unexpected) in 0.029 (0.030) seconds
Test Suite 'HTTPAttachmentServiceTests' started at 2026-06-05 22:04:31.447.
Test Case '-[ChatAppTests.HTTPAttachmentServiceTests testDownloadGetsAttachmentWithBearerTokenAndReturnsRawBytesOn200]' started.
Test Case '-[ChatAppTests.HTTPAttachmentServiceTests testDownloadGetsAttachmentWithBearerTokenAndReturnsRawBytesOn200]' passed (0.005 seconds).
Test Case '-[ChatAppTests.HTTPAttachmentServiceTests testDownloadReturnsNilFor404AndOtherErrors]' started.
Test Case '-[ChatAppTests.HTTPAttachmentServiceTests testDownloadReturnsNilFor404AndOtherErrors]' passed (0.001 seconds).
Test Case '-[ChatAppTests.HTTPAttachmentServiceTests testUploadPostsOctetStreamBlobWithBearerTokenAndParsesAttachmentId]' started.
Test Case '-[ChatAppTests.HTTPAttachmentServiceTests testUploadPostsOctetStreamBlobWithBearerTokenAndParsesAttachmentId]' passed (0.000 seconds).
Test Case '-[ChatAppTests.HTTPAttachmentServiceTests testUploadReturnsNilForNonSuccessStatusAndMalformedResponse]' started.
Test Case '-[ChatAppTests.HTTPAttachmentServiceTests testUploadReturnsNilForNonSuccessStatusAndMalformedResponse]' passed (0.001 seconds).
Test Suite 'HTTPAttachmentServiceTests' passed at 2026-06-05 22:04:31.454.
	 Executed 4 tests, with 0 failures (0 unexpected) in 0.007 (0.007) seconds
Test Suite 'LiveAttachmentE2ETests' started at 2026-06-05 22:04:31.454.
Test Case '-[ChatAppTests.LiveAttachmentE2ETests testAlreadySubscribedRecipientReceivesLiveAttachmentsAndWritesByteIdenticalDownloads]' started.
Test Case '-[ChatAppTests.LiveAttachmentE2ETests testAlreadySubscribedRecipientReceivesLiveAttachmentsAndWritesByteIdenticalDownloads]' passed (0.961 seconds).
Test Case '-[ChatAppTests.LiveAttachmentE2ETests testLiveAttachmentDMAndGroupRoundTripStoresOnlyCiphertext]' started.
Test Case '-[ChatAppTests.LiveAttachmentE2ETests testLiveAttachmentDMAndGroupRoundTripStoresOnlyCiphertext]' passed (0.109 seconds).
Test Suite 'LiveAttachmentE2ETests' passed at 2026-06-05 22:04:32.524.
	 Executed 2 tests, with 0 failures (0 unexpected) in 1.070 (1.070) seconds
Test Suite 'ChatAppPackageTests.xctest' passed at 2026-06-05 22:04:32.524.
	 Executed 26 tests, with 0 failures (0 unexpected) in 1.636 (1.638) seconds
Test Suite 'Selected tests' passed at 2026-06-05 22:04:32.524.
	 Executed 26 tests, with 0 failures (0 unexpected) in 1.636 (1.638) seconds
􀟈  Test run started.
􀄵  Testing Library Version: 1902
􀄵  Target Platform: arm64e-apple-macos14.0
􁁛  Test run with 0 tests in 0 suites passed after 0.001 seconds.
task-7 verify: extracting stored attachment blob and proving it is ciphertext
task-7 verify: checking attachments schema and zero-knowledge audit
ZERO-KNOWLEDGE SCHEMA AUDIT
database: /var/folders/q9/1lgsjv4n37n0gcrdmg1rfjy00000gn/T/task-7-r5-live-db.XXXXXX.Wpqki1aoRq

table: attachments
PRAGMA table_info(attachments)
cid  name         type     notnull  dflt_value  pk
---  -----------  -------  -------  ----------  --
0    id           TEXT     0                    1 
1    uploader_id  TEXT     1                    0 
2    ciphertext   BLOB     1                    0 
3    byte_size    INTEGER  1                    0 
4    created_at   TEXT     1                    0 
classification:
  - id: identifier
  - uploader_id: routing-metadata
  - ciphertext: opaque-ciphertext
  - byte_size: routing-metadata
  - created_at: timestamp

table: auth_challenges
PRAGMA table_info(auth_challenges)
cid  name        type  notnull  dflt_value  pk
---  ----------  ----  -------  ----------  --
0    id          TEXT  0                    1 
1    user_id     TEXT  1                    0 
2    nonce       TEXT  1                    0 
3    created_at  TEXT  1                    0 
4    expires_at  TEXT  1                    0 
classification:
  - id: identifier
  - user_id: identifier
  - nonce: random-nonce
  - created_at: timestamp
  - expires_at: timestamp

table: device_keys
PRAGMA table_info(device_keys)
cid  name               type  notnull  dflt_value  pk
---  -----------------  ----  -------  ----------  --
0    user_id            TEXT  0                    1 
1    x25519_public_key  TEXT  1                    0 
2    key_signature      TEXT  1                    0 
3    created_at         TEXT  1                    0 
classification:
  - user_id: identifier
  - x25519_public_key: public-key
  - key_signature: signature
  - created_at: timestamp

table: group_keys
PRAGMA table_info(group_keys)
cid  name         type     notnull  dflt_value  pk
---  -----------  -------  -------  ----------  --
0    group_id     TEXT     1                    1 
1    epoch        INTEGER  1                    2 
2    member_id    TEXT     1                    3 
3    wrapped_key  TEXT     1                    0 
4    created_at   TEXT     1                    0 
classification:
  - group_id: identifier
  - epoch: identifier
  - member_id: identifier
  - wrapped_key: identifier
  - created_at: timestamp

table: group_members
PRAGMA table_info(group_members)
cid  name          type     notnull  dflt_value  pk
---  ------------  -------  -------  ----------  --
0    group_id      TEXT     1                    1 
1    user_id       TEXT     1                    2 
2    joined_epoch  INTEGER  1                    0 
3    added_at      TEXT     1                    0 
classification:
  - group_id: identifier
  - user_id: identifier
  - joined_epoch: identifier
  - added_at: identifier

table: group_messages
PRAGMA table_info(group_messages)
cid  name        type     notnull  dflt_value  pk
---  ----------  -------  -------  ----------  --
0    id          TEXT     0                    1 
1    group_id    TEXT     1                    0 
2    sender_id   TEXT     1                    0 
3    epoch       INTEGER  1                    0 
4    ciphertext  TEXT     1                    0 
5    created_at  TEXT     1                    0 
classification:
  - id: identifier
  - group_id: identifier
  - sender_id: identifier
  - epoch: identifier
  - ciphertext: identifier
  - created_at: timestamp

table: groups
PRAGMA table_info(groups)
cid  name           type     notnull  dflt_value  pk
---  -------------  -------  -------  ----------  --
0    id             TEXT     0                    1 
1    name           TEXT     1                    0 
2    creator_id     TEXT     1                    0 
3    current_epoch  INTEGER  1                    0 
4    created_at     TEXT     1                    0 
classification:
  - id: identifier
  - name: identifier
  - creator_id: identifier
  - current_epoch: identifier
  - created_at: timestamp

table: messages
PRAGMA table_info(messages)
cid  name          type  notnull  dflt_value  pk
---  ------------  ----  -------  ----------  --
0    id            TEXT  0                    1 
1    sender_id     TEXT  1                    0 
2    recipient_id  TEXT  1                    0 
3    ciphertext    TEXT  1                    0 
4    created_at    TEXT  1                    0 
classification:
  - id: identifier
  - sender_id: routing-metadata
  - recipient_id: routing-metadata
  - ciphertext: opaque-ciphertext
  - created_at: timestamp

table: sessions
PRAGMA table_info(sessions)
cid  name        type  notnull  dflt_value  pk
---  ----------  ----  -------  ----------  --
0    token       TEXT  0                    1 
1    user_id     TEXT  1                    0 
2    created_at  TEXT  1                    0 
3    expires_at  TEXT  1                    0 
classification:
  - token: session-token
  - user_id: identifier
  - created_at: timestamp
  - expires_at: timestamp

table: users
PRAGMA table_info(users)
cid  name                 type  notnull  dflt_value  pk
---  -------------------  ----  -------  ----------  --
0    id                   TEXT  0                    1 
1    username             TEXT  1                    0 
2    identity_public_key  TEXT  1                    0 
3    created_at           TEXT  1                    0 
classification:
  - id: identifier
  - username: identifier
  - identity_public_key: public-key
  - created_at: timestamp

ZERO-KNOWLEDGE SCHEMA AUDIT: PASS — no plaintext or private-key columns in any table
task-7 verify: PASS
verify: RUN (task-7-r6)
task-7 verify: reaping stale backend processes
reaped 1 stale test-chat-backend process(es)
task-7 verify: building backend and running scoped Rust attachment tests
    Finished `dev` profile [unoptimized + debuginfo] target(s) in 0.07s
    Finished `test` profile [unoptimized + debuginfo] target(s) in 0.06s
     Running tests/attachments.rs (target/debug/deps/attachments-14ccd7d85cb70557)

running 5 tests
test attachments_table_stores_no_plaintext_columns ... ok
test attachment_requires_bearer_token ... ok
test attachment_download_unknown_id_is_404 ... ok
test attachment_upload_then_download_round_trips_exact_bytes ... ok
test attachment_upload_rejects_oversize_payload_with_413 ... ok

test result: ok. 5 passed; 0 failed; 0 ignored; 0 measured; 0 filtered out; finished in 0.02s
task-7 verify: using unique DB path /var/folders/q9/1lgsjv4n37n0gcrdmg1rfjy00000gn/T/task-7-r6-live-db.XXXXXX.pAeZZouwQi
task-7 verify: starting backend on http://127.0.0.1:50183
task-7 verify: backend health check returned 200
task-7 verify: building Swift app and test targets
[0/1] Planning build
Building for debugging...
[0/3] Write swift-version--58304C5D6DBC2206.txt
Build complete! (0.11s)
Building for debugging...
[0/4] Write swift-version--58304C5D6DBC2206.txt
Build complete! (0.08s)
task-7 verify: running deterministic attachment Swift test classes
[0/1] Planning build
Test Suite 'Selected tests' started at 2026-06-05 22:04:35.276.
Test Suite 'ChatAppPackageTests.xctest' started at 2026-06-05 22:04:35.277.
Test Suite 'AttachmentDescriptorTests' started at 2026-06-05 22:04:35.277.
Test Case '-[ChatAppTests.AttachmentDescriptorTests testDescriptorRoundTripsAndUsesSnakeCaseKeys]' started.
Test Case '-[ChatAppTests.AttachmentDescriptorTests testDescriptorRoundTripsAndUsesSnakeCaseKeys]' passed (0.001 seconds).
Test Case '-[ChatAppTests.AttachmentDescriptorTests testJSONWithoutAttachmentMarkerIsNotMisdetected]' started.
Test Case '-[ChatAppTests.AttachmentDescriptorTests testJSONWithoutAttachmentMarkerIsNotMisdetected]' passed (0.000 seconds).
Test Case '-[ChatAppTests.AttachmentDescriptorTests testJSONWithWrongMarkerIsNotMisdetected]' started.
Test Case '-[ChatAppTests.AttachmentDescriptorTests testJSONWithWrongMarkerIsNotMisdetected]' passed (0.000 seconds).
Test Case '-[ChatAppTests.AttachmentDescriptorTests testPlainTextIsNotMisdetected]' started.
Test Case '-[ChatAppTests.AttachmentDescriptorTests testPlainTextIsNotMisdetected]' passed (0.000 seconds).
Test Suite 'AttachmentDescriptorTests' passed at 2026-06-05 22:04:35.278.
	 Executed 4 tests, with 0 failures (0 unexpected) in 0.001 (0.001) seconds
Test Suite 'DMCoordinatorTests' started at 2026-06-05 22:04:35.278.
Test Case '-[ChatAppTests.DMCoordinatorTests testCancelLiveSubscriptionCancelsWithoutRemovingMessages]' started.
Test Case '-[ChatAppTests.DMCoordinatorTests testCancelLiveSubscriptionCancelsWithoutRemovingMessages]' passed (0.039 seconds).
Test Case '-[ChatAppTests.DMCoordinatorTests testLoadHistoryDecryptsInboundRecordIntoDisplayMessages]' started.
Test Case '-[ChatAppTests.DMCoordinatorTests testLoadHistoryDecryptsInboundRecordIntoDisplayMessages]' passed (0.038 seconds).
Test Case '-[ChatAppTests.DMCoordinatorTests testLoadHistoryDetectsAttachmentDescriptorAndDownloadReturnsOriginalBytes]' started.
Test Case '-[ChatAppTests.DMCoordinatorTests testLoadHistoryDetectsAttachmentDescriptorAndDownloadReturnsOriginalBytes]' passed (0.031 seconds).
Test Case '-[ChatAppTests.DMCoordinatorTests testSendAttachmentUploadsEncryptedBlobAndSendsEncryptedDescriptor]' started.
Test Case '-[ChatAppTests.DMCoordinatorTests testSendAttachmentUploadsEncryptedBlobAndSendsEncryptedDescriptor]' passed (0.030 seconds).
Test Case '-[ChatAppTests.DMCoordinatorTests testSendEncryptsCiphertextAndRecipientCanDecryptIt]' started.
Test Case '-[ChatAppTests.DMCoordinatorTests testSendEncryptsCiphertextAndRecipientCanDecryptIt]' passed (0.032 seconds).
Test Case '-[ChatAppTests.DMCoordinatorTests testStartConversationRejectsPeerWithInvalidPrekeySignature]' started.
Test Case '-[ChatAppTests.DMCoordinatorTests testStartConversationRejectsPeerWithInvalidPrekeySignature]' passed (0.012 seconds).
Test Case '-[ChatAppTests.DMCoordinatorTests testStartConversationShowsUserNotFoundForMissingPeer]' started.
Test Case '-[ChatAppTests.DMCoordinatorTests testStartConversationShowsUserNotFoundForMissingPeer]' passed (0.011 seconds).
Test Case '-[ChatAppTests.DMCoordinatorTests testSubscribeLiveCatchesUpOfflineHistoryInServerOrderAndDedupesSSE]' started.
Test Case '-[ChatAppTests.DMCoordinatorTests testSubscribeLiveCatchesUpOfflineHistoryInServerOrderAndDedupesSSE]' passed (0.033 seconds).
Test Case '-[ChatAppTests.DMCoordinatorTests testSubscribeLiveDecryptsInboundRecordAndDedupesExistingMessages]' started.
Test Case '-[ChatAppTests.DMCoordinatorTests testSubscribeLiveDecryptsInboundRecordAndDedupesExistingMessages]' passed (0.087 seconds).
Test Case '-[ChatAppTests.DMCoordinatorTests testSubscribeLiveDeliversAttachmentDisplayDedupesAndDownloadsOriginalBytes]' started.
Test Case '-[ChatAppTests.DMCoordinatorTests testSubscribeLiveDeliversAttachmentDisplayDedupesAndDownloadsOriginalBytes]' passed (0.185 seconds).
Test Suite 'DMCoordinatorTests' passed at 2026-06-05 22:04:35.778.
	 Executed 10 tests, with 0 failures (0 unexpected) in 0.499 (0.499) seconds
Test Suite 'FileCryptoTests' started at 2026-06-05 22:04:35.778.
Test Case '-[ChatAppTests.FileCryptoTests testEncryptDecryptRoundTripReturnsExactBytesForBinaryPayload]' started.
Test Case '-[ChatAppTests.FileCryptoTests testEncryptDecryptRoundTripReturnsExactBytesForBinaryPayload]' passed (0.000 seconds).
Test Case '-[ChatAppTests.FileCryptoTests testEncryptDecryptRoundTripReturnsExactBytesForSmallPayload]' started.
Test Case '-[ChatAppTests.FileCryptoTests testEncryptDecryptRoundTripReturnsExactBytesForSmallPayload]' passed (0.000 seconds).
Test Case '-[ChatAppTests.FileCryptoTests testEncryptedBlobDoesNotContainPlaintextBytes]' started.
Test Case '-[ChatAppTests.FileCryptoTests testEncryptedBlobDoesNotContainPlaintextBytes]' passed (0.000 seconds).
Test Case '-[ChatAppTests.FileCryptoTests testNearTenMegabyteFileRoundTrips]' started.
Test Case '-[ChatAppTests.FileCryptoTests testNearTenMegabyteFileRoundTrips]' passed (0.015 seconds).
Test Case '-[ChatAppTests.FileCryptoTests testTamperedBlobThrows]' started.
Test Case '-[ChatAppTests.FileCryptoTests testTamperedBlobThrows]' passed (0.000 seconds).
Test Case '-[ChatAppTests.FileCryptoTests testWrongKeyFailsToDecrypt]' started.
Test Case '-[ChatAppTests.FileCryptoTests testWrongKeyFailsToDecrypt]' passed (0.000 seconds).
Test Suite 'FileCryptoTests' passed at 2026-06-05 22:04:35.794.
	 Executed 6 tests, with 0 failures (0 unexpected) in 0.016 (0.016) seconds
Test Suite 'HTTPAttachmentServiceTests' started at 2026-06-05 22:04:35.794.
Test Case '-[ChatAppTests.HTTPAttachmentServiceTests testDownloadGetsAttachmentWithBearerTokenAndReturnsRawBytesOn200]' started.
Test Case '-[ChatAppTests.HTTPAttachmentServiceTests testDownloadGetsAttachmentWithBearerTokenAndReturnsRawBytesOn200]' passed (0.004 seconds).
Test Case '-[ChatAppTests.HTTPAttachmentServiceTests testDownloadReturnsNilFor404AndOtherErrors]' started.
Test Case '-[ChatAppTests.HTTPAttachmentServiceTests testDownloadReturnsNilFor404AndOtherErrors]' passed (0.001 seconds).
Test Case '-[ChatAppTests.HTTPAttachmentServiceTests testUploadPostsOctetStreamBlobWithBearerTokenAndParsesAttachmentId]' started.
Test Case '-[ChatAppTests.HTTPAttachmentServiceTests testUploadPostsOctetStreamBlobWithBearerTokenAndParsesAttachmentId]' passed (0.000 seconds).
Test Case '-[ChatAppTests.HTTPAttachmentServiceTests testUploadReturnsNilForNonSuccessStatusAndMalformedResponse]' started.
Test Case '-[ChatAppTests.HTTPAttachmentServiceTests testUploadReturnsNilForNonSuccessStatusAndMalformedResponse]' passed (0.000 seconds).
Test Suite 'HTTPAttachmentServiceTests' passed at 2026-06-05 22:04:35.799.
	 Executed 4 tests, with 0 failures (0 unexpected) in 0.005 (0.005) seconds
Test Suite 'ChatAppPackageTests.xctest' passed at 2026-06-05 22:04:35.799.
	 Executed 24 tests, with 0 failures (0 unexpected) in 0.521 (0.522) seconds
Test Suite 'Selected tests' passed at 2026-06-05 22:04:35.799.
	 Executed 24 tests, with 0 failures (0 unexpected) in 0.521 (0.523) seconds
􀟈  Test run started.
􀄵  Testing Library Version: 1902
􀄵  Target Platform: arm64e-apple-macos14.0
􁁛  Test run with 0 tests in 0 suites passed after 0.001 seconds.
task-7 verify: running live attachment Swift test class
[0/1] Planning build
Test Suite 'Selected tests' started at 2026-06-05 22:04:36.649.
Test Suite 'ChatAppPackageTests.xctest' started at 2026-06-05 22:04:36.649.
Test Suite 'LiveAttachmentE2ETests' started at 2026-06-05 22:04:36.649.
Test Case '-[ChatAppTests.LiveAttachmentE2ETests testAlreadySubscribedRecipientReceivesLiveAttachmentsAndWritesByteIdenticalDownloads]' started.
Test Case '-[ChatAppTests.LiveAttachmentE2ETests testAlreadySubscribedRecipientReceivesLiveAttachmentsAndWritesByteIdenticalDownloads]' passed (0.884 seconds).
Test Case '-[ChatAppTests.LiveAttachmentE2ETests testLiveAttachmentDMAndGroupRoundTripStoresOnlyCiphertext]' started.
Test Case '-[ChatAppTests.LiveAttachmentE2ETests testLiveAttachmentDMAndGroupRoundTripStoresOnlyCiphertext]' passed (0.099 seconds).
Test Suite 'LiveAttachmentE2ETests' passed at 2026-06-05 22:04:37.632.
	 Executed 2 tests, with 0 failures (0 unexpected) in 0.983 (0.983) seconds
Test Suite 'ChatAppPackageTests.xctest' passed at 2026-06-05 22:04:37.632.
	 Executed 2 tests, with 0 failures (0 unexpected) in 0.983 (0.983) seconds
Test Suite 'Selected tests' passed at 2026-06-05 22:04:37.632.
	 Executed 2 tests, with 0 failures (0 unexpected) in 0.983 (0.983) seconds
􀟈  Test run started.
􀄵  Testing Library Version: 1902
􀄵  Target Platform: arm64e-apple-macos14.0
􁁛  Test run with 0 tests in 0 suites passed after 0.001 seconds.
task-7 proof: dm_attachment_id=a5339fea-a43e-4a8d-ab34-500c772a9e21
task-7 proof: group_attachment_id=83d2c3da-2d31-4689-985e-afce25f4b1d4
task-7 proof: cmp live_original live_dm_download PASS
task-7 proof: cmp live_original live_group_download PASS
task-7 verify: extracting stored attachment blob and proving it is ciphertext
task-7 proof: cmp original stored_blob DIFFERENT
task-7 proof: cmp original upload_wire DIFFERENT
task-7 proof: cmp stored_blob upload_wire PASS
task-7 proof: sentinel absent raw_sqlite_strings PASS
task-7 proof: sentinel absent stored_blob PASS
task-7 proof: sentinel absent upload_wire PASS
task-7 proof: bytes original=91 stored=119 wire=119 attachment_byte_size=119 overhead=28
task-7 proof: sentinel absent authenticated_get_response PASS
task-7 proof: authenticated_get_response_bytes=119
task-7 proof: attachment rows for dm_and_group=2
task-7 verify: checking attachments schema and zero-knowledge audit
task-7 proof: attachments schema columns=id,uploader_id,ciphertext,byte_size,created_at
ZERO-KNOWLEDGE SCHEMA AUDIT
database: /var/folders/q9/1lgsjv4n37n0gcrdmg1rfjy00000gn/T/task-7-r6-live-db.XXXXXX.pAeZZouwQi

table: attachments
PRAGMA table_info(attachments)
cid  name         type     notnull  dflt_value  pk
---  -----------  -------  -------  ----------  --
0    id           TEXT     0                    1 
1    uploader_id  TEXT     1                    0 
2    ciphertext   BLOB     1                    0 
3    byte_size    INTEGER  1                    0 
4    created_at   TEXT     1                    0 
classification:
  - id: identifier
  - uploader_id: routing-metadata
  - ciphertext: opaque-ciphertext
  - byte_size: routing-metadata
  - created_at: timestamp

table: auth_challenges
PRAGMA table_info(auth_challenges)
cid  name        type  notnull  dflt_value  pk
---  ----------  ----  -------  ----------  --
0    id          TEXT  0                    1 
1    user_id     TEXT  1                    0 
2    nonce       TEXT  1                    0 
3    created_at  TEXT  1                    0 
4    expires_at  TEXT  1                    0 
classification:
  - id: identifier
  - user_id: identifier
  - nonce: random-nonce
  - created_at: timestamp
  - expires_at: timestamp

table: device_keys
PRAGMA table_info(device_keys)
cid  name               type  notnull  dflt_value  pk
---  -----------------  ----  -------  ----------  --
0    user_id            TEXT  0                    1 
1    x25519_public_key  TEXT  1                    0 
2    key_signature      TEXT  1                    0 
3    created_at         TEXT  1                    0 
classification:
  - user_id: identifier
  - x25519_public_key: public-key
  - key_signature: signature
  - created_at: timestamp

table: group_keys
PRAGMA table_info(group_keys)
cid  name         type     notnull  dflt_value  pk
---  -----------  -------  -------  ----------  --
0    group_id     TEXT     1                    1 
1    epoch        INTEGER  1                    2 
2    member_id    TEXT     1                    3 
3    wrapped_key  TEXT     1                    0 
4    created_at   TEXT     1                    0 
classification:
  - group_id: identifier
  - epoch: identifier
  - member_id: identifier
  - wrapped_key: identifier
  - created_at: timestamp

table: group_members
PRAGMA table_info(group_members)
cid  name          type     notnull  dflt_value  pk
---  ------------  -------  -------  ----------  --
0    group_id      TEXT     1                    1 
1    user_id       TEXT     1                    2 
2    joined_epoch  INTEGER  1                    0 
3    added_at      TEXT     1                    0 
classification:
  - group_id: identifier
  - user_id: identifier
  - joined_epoch: identifier
  - added_at: identifier

table: group_messages
PRAGMA table_info(group_messages)
cid  name        type     notnull  dflt_value  pk
---  ----------  -------  -------  ----------  --
0    id          TEXT     0                    1 
1    group_id    TEXT     1                    0 
2    sender_id   TEXT     1                    0 
3    epoch       INTEGER  1                    0 
4    ciphertext  TEXT     1                    0 
5    created_at  TEXT     1                    0 
classification:
  - id: identifier
  - group_id: identifier
  - sender_id: identifier
  - epoch: identifier
  - ciphertext: identifier
  - created_at: timestamp

table: groups
PRAGMA table_info(groups)
cid  name           type     notnull  dflt_value  pk
---  -------------  -------  -------  ----------  --
0    id             TEXT     0                    1 
1    name           TEXT     1                    0 
2    creator_id     TEXT     1                    0 
3    current_epoch  INTEGER  1                    0 
4    created_at     TEXT     1                    0 
classification:
  - id: identifier
  - name: identifier
  - creator_id: identifier
  - current_epoch: identifier
  - created_at: timestamp

table: messages
PRAGMA table_info(messages)
cid  name          type  notnull  dflt_value  pk
---  ------------  ----  -------  ----------  --
0    id            TEXT  0                    1 
1    sender_id     TEXT  1                    0 
2    recipient_id  TEXT  1                    0 
3    ciphertext    TEXT  1                    0 
4    created_at    TEXT  1                    0 
classification:
  - id: identifier
  - sender_id: routing-metadata
  - recipient_id: routing-metadata
  - ciphertext: opaque-ciphertext
  - created_at: timestamp

table: sessions
PRAGMA table_info(sessions)
cid  name        type  notnull  dflt_value  pk
---  ----------  ----  -------  ----------  --
0    token       TEXT  0                    1 
1    user_id     TEXT  1                    0 
2    created_at  TEXT  1                    0 
3    expires_at  TEXT  1                    0 
classification:
  - token: session-token
  - user_id: identifier
  - created_at: timestamp
  - expires_at: timestamp

table: users
PRAGMA table_info(users)
cid  name                 type  notnull  dflt_value  pk
---  -------------------  ----  -------  ----------  --
0    id                   TEXT  0                    1 
1    username             TEXT  1                    0 
2    identity_public_key  TEXT  1                    0 
3    created_at           TEXT  1                    0 
classification:
  - id: identifier
  - username: identifier
  - identity_public_key: public-key
  - created_at: timestamp

ZERO-KNOWLEDGE SCHEMA AUDIT: PASS — no plaintext or private-key columns in any table
task-7 verify: shutting down backend and asserting zero residue
task-7 verify: PASS
verify: RUN (task-7)
task-7 verify: building and testing backend
    Finished `dev` profile [unoptimized + debuginfo] target(s) in 0.07s
    Blocking waiting for file lock on package cache
    Finished `test` profile [unoptimized + debuginfo] target(s) in 0.07s
     Running unittests src/lib.rs (target/debug/deps/test_chat_backend-acfff881fbeff8b8)

running 0 tests

test result: ok. 0 passed; 0 failed; 0 ignored; 0 measured; 0 filtered out; finished in 0.00s

     Running unittests src/main.rs (target/debug/deps/test_chat_backend-9d5476f2c3843da5)

running 0 tests

test result: ok. 0 passed; 0 failed; 0 ignored; 0 measured; 0 filtered out; finished in 0.00s

     Running tests/attachments.rs (target/debug/deps/attachments-14ccd7d85cb70557)

running 5 tests
test attachments_table_stores_no_plaintext_columns ... ok
test attachment_requires_bearer_token ... ok
test attachment_download_unknown_id_is_404 ... ok
test attachment_upload_then_download_round_trips_exact_bytes ... ok
test attachment_upload_rejects_oversize_payload_with_413 ... ok

test result: ok. 5 passed; 0 failed; 0 ignored; 0 measured; 0 filtered out; finished in 0.01s

     Running tests/auth.rs (target/debug/deps/auth-8604fa95047f6e2f)

running 8 tests
test auth_tables_store_no_private_material ... ok
test auth_challenge_rejects_unknown_user ... ok
test auth_session_rejects_unknown_token ... ok
test auth_malformed_json_returns_bad_request ... ok
test auth_challenge_returns_nonce_for_known_user ... ok
test auth_verify_with_bad_signature_is_rejected ... ok
test auth_verify_with_valid_signature_issues_session_token ... ok
test auth_verify_rejects_unknown_or_reused_challenge ... ok

test result: ok. 8 passed; 0 failed; 0 ignored; 0 measured; 0 filtered out; finished in 0.02s

     Running tests/conversations.rs (target/debug/deps/conversations-a7ed8ac73ee40eae)

running 7 tests
test conversations_requires_bearer_token ... ok
test conversations_return_ciphertext_and_metadata_without_plaintext ... ok
test conversations_include_inbound_only_peer_started_while_viewer_was_offline ... ok
test conversations_empty_for_user_with_no_messages ... ok
test conversations_lists_distinct_peers_ordered_by_recent_activity ... ok
test conversations_use_rowid_tiebreaks_instead_of_random_uuid_order ... ok
test conversations_scope_excludes_unrelated_pairs_and_names_the_peer ... ok

test result: ok. 7 passed; 0 failed; 0 ignored; 0 measured; 0 filtered out; finished in 0.02s

     Running tests/groups.rs (target/debug/deps/groups-dd51c3ddb97e60c4)

running 12 tests
test group_create_requires_bearer_token ... ok
test group_stream_requires_bearer_token ... ok
test group_tables_store_no_plaintext_columns ... ok
test group_message_post_stores_exactly_the_ciphertext_blob ... ok
test group_list_returns_all_member_groups_in_rowid_order ... ok
test group_message_history_returns_same_second_messages_in_send_order ... ok
test group_message_history_returns_only_ciphertext_for_members ... ok
test group_add_member_broadcasts_epoch_event_to_members ... ok
test group_create_persists_name_membership_and_epoch_zero_keys ... ok
test group_endpoints_reject_non_members_with_403 ... ok
test group_stream_with_member_returns_sse_headers ... ok
test group_add_member_bumps_epoch_and_blocks_prior_epoch_keys ... ok

test result: ok. 12 passed; 0 failed; 0 ignored; 0 measured; 0 filtered out; finished in 0.04s

     Running tests/messages.rs (target/debug/deps/messages-a293061aac4fd650)

running 14 tests
test messages_inbox_requires_bearer_token ... ok
test messages_post_requires_bearer_token ... ok
test messages_inbox_empty_for_caller_with_no_inbound_messages ... ok
test keys_publish_requires_valid_identity_signature ... ok
test messages_stream_requires_bearer_token ... ok
test messages_inbox_since_cursor_returns_only_later_rows_and_advances ... ok
test messages_history_returns_same_second_messages_in_send_order ... ok
test messages_inbox_delivers_same_second_messages_in_send_order ... ok
test messages_inbox_is_scoped_to_recipient_inbound_messages_only ... ok
test keys_fetch_returns_published_prekey_for_username ... ok
test messages_table_stores_no_plaintext_columns ... ok
test messages_post_stores_exactly_the_ciphertext_blob ... ok
test messages_history_returns_only_ciphertext_and_is_scoped_to_the_pair ... ok
test messages_stream_with_valid_token_returns_sse_headers ... ok

test result: ok. 14 passed; 0 failed; 0 ignored; 0 measured; 0 filtered out; finished in 0.03s

     Running tests/register.rs (target/debug/deps/register-6f9d859b8574001d)

running 3 tests
test register_stores_only_public_account_fields ... ok
test register_rejects_duplicate_username_without_second_row ... ok
test register_rejects_malformed_input ... ok

test result: ok. 3 passed; 0 failed; 0 ignored; 0 measured; 0 filtered out; finished in 0.01s

     Running tests/schema.rs (target/debug/deps/schema-b038f68994545c75)

running 2 tests
test migration_creates_users_table_with_only_public_account_columns ... ok
test schema_dump_prints_schema_sample_row_and_rejects_private_material ... ok

test result: ok. 2 passed; 0 failed; 0 ignored; 0 measured; 0 filtered out; finished in 0.03s

     Running tests/zk_relay_audit.rs (target/debug/deps/zk_relay_audit-bd3d74422e342891)

running 4 tests
test zk_relay_audit_fails_when_attachments_shape_drifts ... ok
test zk_relay_audit_fails_when_plaintext_column_exists ... ok
test zk_relay_audit_fails_when_private_key_column_exists ... ok
test zk_relay_audit_passes_for_ciphertext_only_schema ... ok

test result: ok. 4 passed; 0 failed; 0 ignored; 0 measured; 0 filtered out; finished in 0.37s

     Running tests/zk_sentinel.rs (target/debug/deps/zk_sentinel-1d21ce2d7220d674)

running 1 test
test zk_sentinel_roundtrip_stores_only_ciphertext_in_raw_db ... ok

test result: ok. 1 passed; 0 failed; 0 ignored; 0 measured; 0 filtered out; finished in 0.02s

   Doc-tests test_chat_backend

running 0 tests

test result: ok. 0 passed; 0 failed; 0 ignored; 0 measured; 0 filtered out; finished in 0.00s
task-7 verify: starting backend on http://127.0.0.1:51353
task-7 verify: backend health check returned 200
task-7 verify: building and testing Swift app with live attachment E2E
[0/1] Planning build
Building for debugging...
[0/3] Write swift-version--58304C5D6DBC2206.txt
Build complete! (0.12s)
[0/1] Planning build
Building for debugging...
[0/4] Write swift-version--58304C5D6DBC2206.txt
Build complete! (0.11s)
Test Suite 'Selected tests' started at 2026-06-05 22:04:40.950.
Test Suite 'ChatAppPackageTests.xctest' started at 2026-06-05 22:04:40.951.
Test Suite 'FileCryptoTests' started at 2026-06-05 22:04:40.951.
Test Case '-[ChatAppTests.FileCryptoTests testEncryptDecryptRoundTripReturnsExactBytesForSmallPayload]' started.
Test Case '-[ChatAppTests.FileCryptoTests testEncryptDecryptRoundTripReturnsExactBytesForSmallPayload]' passed (0.000 seconds).
Test Suite 'FileCryptoTests' passed at 2026-06-05 22:04:40.952.
	 Executed 1 test, with 0 failures (0 unexpected) in 0.000 (0.001) seconds
Test Suite 'ChatAppPackageTests.xctest' passed at 2026-06-05 22:04:40.952.
	 Executed 1 test, with 0 failures (0 unexpected) in 0.000 (0.001) seconds
Test Suite 'Selected tests' passed at 2026-06-05 22:04:40.952.
	 Executed 1 test, with 0 failures (0 unexpected) in 0.000 (0.001) seconds
􀟈  Test run started.
􀄵  Testing Library Version: 1902
􀄵  Target Platform: arm64e-apple-macos14.0
􁁛  Test run with 0 tests in 0 suites passed after 0.001 seconds.
Building for debugging...
[0/4] Write swift-version--58304C5D6DBC2206.txt
Build complete! (0.08s)
Test Suite 'Selected tests' started at 2026-06-05 22:04:41.433.
Test Suite 'ChatAppPackageTests.xctest' started at 2026-06-05 22:04:41.434.
Test Suite 'FileCryptoTests' started at 2026-06-05 22:04:41.434.
Test Case '-[ChatAppTests.FileCryptoTests testEncryptDecryptRoundTripReturnsExactBytesForBinaryPayload]' started.
Test Case '-[ChatAppTests.FileCryptoTests testEncryptDecryptRoundTripReturnsExactBytesForBinaryPayload]' passed (0.000 seconds).
Test Suite 'FileCryptoTests' passed at 2026-06-05 22:04:41.435.
	 Executed 1 test, with 0 failures (0 unexpected) in 0.000 (0.001) seconds
Test Suite 'ChatAppPackageTests.xctest' passed at 2026-06-05 22:04:41.435.
	 Executed 1 test, with 0 failures (0 unexpected) in 0.000 (0.001) seconds
Test Suite 'Selected tests' passed at 2026-06-05 22:04:41.435.
	 Executed 1 test, with 0 failures (0 unexpected) in 0.000 (0.001) seconds
􀟈  Test run started.
􀄵  Testing Library Version: 1902
􀄵  Target Platform: arm64e-apple-macos14.0
􁁛  Test run with 0 tests in 0 suites passed after 0.001 seconds.
Building for debugging...
[0/4] Write swift-version--58304C5D6DBC2206.txt
Build complete! (0.08s)
Test Suite 'Selected tests' started at 2026-06-05 22:04:41.908.
Test Suite 'ChatAppPackageTests.xctest' started at 2026-06-05 22:04:41.909.
Test Suite 'FileCryptoTests' started at 2026-06-05 22:04:41.909.
Test Case '-[ChatAppTests.FileCryptoTests testNearTenMegabyteFileRoundTrips]' started.
Test Case '-[ChatAppTests.FileCryptoTests testNearTenMegabyteFileRoundTrips]' passed (0.016 seconds).
Test Suite 'FileCryptoTests' passed at 2026-06-05 22:04:41.925.
	 Executed 1 test, with 0 failures (0 unexpected) in 0.016 (0.016) seconds
Test Suite 'ChatAppPackageTests.xctest' passed at 2026-06-05 22:04:41.925.
	 Executed 1 test, with 0 failures (0 unexpected) in 0.016 (0.016) seconds
Test Suite 'Selected tests' passed at 2026-06-05 22:04:41.925.
	 Executed 1 test, with 0 failures (0 unexpected) in 0.016 (0.017) seconds
􀟈  Test run started.
􀄵  Testing Library Version: 1902
􀄵  Target Platform: arm64e-apple-macos14.0
􁁛  Test run with 0 tests in 0 suites passed after 0.001 seconds.
Building for debugging...
[0/4] Write swift-version--58304C5D6DBC2206.txt
Build complete! (0.08s)
Test Suite 'Selected tests' started at 2026-06-05 22:04:42.404.
Test Suite 'ChatAppPackageTests.xctest' started at 2026-06-05 22:04:42.405.
Test Suite 'FileCryptoTests' started at 2026-06-05 22:04:42.405.
Test Case '-[ChatAppTests.FileCryptoTests testWrongKeyFailsToDecrypt]' started.
Test Case '-[ChatAppTests.FileCryptoTests testWrongKeyFailsToDecrypt]' passed (0.001 seconds).
Test Suite 'FileCryptoTests' passed at 2026-06-05 22:04:42.405.
	 Executed 1 test, with 0 failures (0 unexpected) in 0.001 (0.001) seconds
Test Suite 'ChatAppPackageTests.xctest' passed at 2026-06-05 22:04:42.405.
	 Executed 1 test, with 0 failures (0 unexpected) in 0.001 (0.001) seconds
Test Suite 'Selected tests' passed at 2026-06-05 22:04:42.405.
	 Executed 1 test, with 0 failures (0 unexpected) in 0.001 (0.001) seconds
􀟈  Test run started.
􀄵  Testing Library Version: 1902
􀄵  Target Platform: arm64e-apple-macos14.0
􁁛  Test run with 0 tests in 0 suites passed after 0.001 seconds.
Building for debugging...
[0/4] Write swift-version--58304C5D6DBC2206.txt
Build complete! (0.08s)
Test Suite 'Selected tests' started at 2026-06-05 22:04:42.886.
Test Suite 'ChatAppPackageTests.xctest' started at 2026-06-05 22:04:42.887.
Test Suite 'FileCryptoTests' started at 2026-06-05 22:04:42.887.
Test Case '-[ChatAppTests.FileCryptoTests testTamperedBlobThrows]' started.
Test Case '-[ChatAppTests.FileCryptoTests testTamperedBlobThrows]' passed (0.001 seconds).
Test Suite 'FileCryptoTests' passed at 2026-06-05 22:04:42.888.
	 Executed 1 test, with 0 failures (0 unexpected) in 0.001 (0.001) seconds
Test Suite 'ChatAppPackageTests.xctest' passed at 2026-06-05 22:04:42.888.
	 Executed 1 test, with 0 failures (0 unexpected) in 0.001 (0.001) seconds
Test Suite 'Selected tests' passed at 2026-06-05 22:04:42.888.
	 Executed 1 test, with 0 failures (0 unexpected) in 0.001 (0.001) seconds
􀟈  Test run started.
􀄵  Testing Library Version: 1902
􀄵  Target Platform: arm64e-apple-macos14.0
􁁛  Test run with 0 tests in 0 suites passed after 0.001 seconds.
Building for debugging...
[0/4] Write swift-version--58304C5D6DBC2206.txt
Build complete! (0.08s)
Test Suite 'Selected tests' started at 2026-06-05 22:04:43.373.
Test Suite 'ChatAppPackageTests.xctest' started at 2026-06-05 22:04:43.374.
Test Suite 'FileCryptoTests' started at 2026-06-05 22:04:43.374.
Test Case '-[ChatAppTests.FileCryptoTests testEncryptedBlobDoesNotContainPlaintextBytes]' started.
Test Case '-[ChatAppTests.FileCryptoTests testEncryptedBlobDoesNotContainPlaintextBytes]' passed (0.000 seconds).
Test Suite 'FileCryptoTests' passed at 2026-06-05 22:04:43.374.
	 Executed 1 test, with 0 failures (0 unexpected) in 0.000 (0.001) seconds
Test Suite 'ChatAppPackageTests.xctest' passed at 2026-06-05 22:04:43.374.
	 Executed 1 test, with 0 failures (0 unexpected) in 0.000 (0.001) seconds
Test Suite 'Selected tests' passed at 2026-06-05 22:04:43.374.
	 Executed 1 test, with 0 failures (0 unexpected) in 0.000 (0.001) seconds
􀟈  Test run started.
􀄵  Testing Library Version: 1902
􀄵  Target Platform: arm64e-apple-macos14.0
􁁛  Test run with 0 tests in 0 suites passed after 0.001 seconds.
Building for debugging...
[0/4] Write swift-version--58304C5D6DBC2206.txt
Build complete! (0.08s)
Test Suite 'Selected tests' started at 2026-06-05 22:04:43.859.
Test Suite 'ChatAppPackageTests.xctest' started at 2026-06-05 22:04:43.860.
Test Suite 'AttachmentDescriptorTests' started at 2026-06-05 22:04:43.860.
Test Case '-[ChatAppTests.AttachmentDescriptorTests testDescriptorRoundTripsAndUsesSnakeCaseKeys]' started.
Test Case '-[ChatAppTests.AttachmentDescriptorTests testDescriptorRoundTripsAndUsesSnakeCaseKeys]' passed (0.001 seconds).
Test Suite 'AttachmentDescriptorTests' passed at 2026-06-05 22:04:43.861.
	 Executed 1 test, with 0 failures (0 unexpected) in 0.001 (0.001) seconds
Test Suite 'ChatAppPackageTests.xctest' passed at 2026-06-05 22:04:43.861.
	 Executed 1 test, with 0 failures (0 unexpected) in 0.001 (0.001) seconds
Test Suite 'Selected tests' passed at 2026-06-05 22:04:43.861.
	 Executed 1 test, with 0 failures (0 unexpected) in 0.001 (0.001) seconds
􀟈  Test run started.
􀄵  Testing Library Version: 1902
􀄵  Target Platform: arm64e-apple-macos14.0
􁁛  Test run with 0 tests in 0 suites passed after 0.001 seconds.
Building for debugging...
[0/4] Write swift-version--58304C5D6DBC2206.txt
Build complete! (0.08s)
Test Suite 'Selected tests' started at 2026-06-05 22:04:44.328.
Test Suite 'ChatAppPackageTests.xctest' started at 2026-06-05 22:04:44.328.
Test Suite 'AttachmentDescriptorTests' started at 2026-06-05 22:04:44.328.
Test Case '-[ChatAppTests.AttachmentDescriptorTests testPlainTextIsNotMisdetected]' started.
Test Case '-[ChatAppTests.AttachmentDescriptorTests testPlainTextIsNotMisdetected]' passed (0.000 seconds).
Test Suite 'AttachmentDescriptorTests' passed at 2026-06-05 22:04:44.329.
	 Executed 1 test, with 0 failures (0 unexpected) in 0.000 (0.001) seconds
Test Suite 'ChatAppPackageTests.xctest' passed at 2026-06-05 22:04:44.329.
	 Executed 1 test, with 0 failures (0 unexpected) in 0.000 (0.001) seconds
Test Suite 'Selected tests' passed at 2026-06-05 22:04:44.329.
	 Executed 1 test, with 0 failures (0 unexpected) in 0.000 (0.001) seconds
􀟈  Test run started.
􀄵  Testing Library Version: 1902
􀄵  Target Platform: arm64e-apple-macos14.0
􁁛  Test run with 0 tests in 0 suites passed after 0.001 seconds.
Building for debugging...
[0/4] Write swift-version--58304C5D6DBC2206.txt
Build complete! (0.07s)
Test Suite 'Selected tests' started at 2026-06-05 22:04:44.786.
Test Suite 'ChatAppPackageTests.xctest' started at 2026-06-05 22:04:44.787.
Test Suite 'AttachmentDescriptorTests' started at 2026-06-05 22:04:44.787.
Test Case '-[ChatAppTests.AttachmentDescriptorTests testJSONWithoutAttachmentMarkerIsNotMisdetected]' started.
Test Case '-[ChatAppTests.AttachmentDescriptorTests testJSONWithoutAttachmentMarkerIsNotMisdetected]' passed (0.001 seconds).
Test Suite 'AttachmentDescriptorTests' passed at 2026-06-05 22:04:44.788.
	 Executed 1 test, with 0 failures (0 unexpected) in 0.001 (0.001) seconds
Test Suite 'ChatAppPackageTests.xctest' passed at 2026-06-05 22:04:44.788.
	 Executed 1 test, with 0 failures (0 unexpected) in 0.001 (0.001) seconds
Test Suite 'Selected tests' passed at 2026-06-05 22:04:44.788.
	 Executed 1 test, with 0 failures (0 unexpected) in 0.001 (0.002) seconds
􀟈  Test run started.
􀄵  Testing Library Version: 1902
􀄵  Target Platform: arm64e-apple-macos14.0
􁁛  Test run with 0 tests in 0 suites passed after 0.001 seconds.
Building for debugging...
[0/4] Write swift-version--58304C5D6DBC2206.txt
Build complete! (0.08s)
Test Suite 'Selected tests' started at 2026-06-05 22:04:45.260.
Test Suite 'ChatAppPackageTests.xctest' started at 2026-06-05 22:04:45.260.
Test Suite 'HTTPAttachmentServiceTests' started at 2026-06-05 22:04:45.260.
Test Case '-[ChatAppTests.HTTPAttachmentServiceTests testUploadPostsOctetStreamBlobWithBearerTokenAndParsesAttachmentId]' started.
Test Case '-[ChatAppTests.HTTPAttachmentServiceTests testUploadPostsOctetStreamBlobWithBearerTokenAndParsesAttachmentId]' passed (0.004 seconds).
Test Suite 'HTTPAttachmentServiceTests' passed at 2026-06-05 22:04:45.265.
	 Executed 1 test, with 0 failures (0 unexpected) in 0.004 (0.004) seconds
Test Suite 'ChatAppPackageTests.xctest' passed at 2026-06-05 22:04:45.265.
	 Executed 1 test, with 0 failures (0 unexpected) in 0.004 (0.004) seconds
Test Suite 'Selected tests' passed at 2026-06-05 22:04:45.265.
	 Executed 1 test, with 0 failures (0 unexpected) in 0.004 (0.005) seconds
􀟈  Test run started.
􀄵  Testing Library Version: 1902
􀄵  Target Platform: arm64e-apple-macos14.0
􁁛  Test run with 0 tests in 0 suites passed after 0.001 seconds.
Building for debugging...
[0/4] Write swift-version--58304C5D6DBC2206.txt
Build complete! (0.13s)
Test Suite 'Selected tests' started at 2026-06-05 22:04:45.816.
Test Suite 'ChatAppPackageTests.xctest' started at 2026-06-05 22:04:45.816.
Test Suite 'HTTPAttachmentServiceTests' started at 2026-06-05 22:04:45.816.
Test Case '-[ChatAppTests.HTTPAttachmentServiceTests testDownloadGetsAttachmentWithBearerTokenAndReturnsRawBytesOn200]' started.
Test Case '-[ChatAppTests.HTTPAttachmentServiceTests testDownloadGetsAttachmentWithBearerTokenAndReturnsRawBytesOn200]' passed (0.004 seconds).
Test Suite 'HTTPAttachmentServiceTests' passed at 2026-06-05 22:04:45.820.
	 Executed 1 test, with 0 failures (0 unexpected) in 0.004 (0.004) seconds
Test Suite 'ChatAppPackageTests.xctest' passed at 2026-06-05 22:04:45.820.
	 Executed 1 test, with 0 failures (0 unexpected) in 0.004 (0.004) seconds
Test Suite 'Selected tests' passed at 2026-06-05 22:04:45.820.
	 Executed 1 test, with 0 failures (0 unexpected) in 0.004 (0.005) seconds
􀟈  Test run started.
􀄵  Testing Library Version: 1902
􀄵  Target Platform: arm64e-apple-macos14.0
􁁛  Test run with 0 tests in 0 suites passed after 0.001 seconds.
Building for debugging...
[0/4] Write swift-version--58304C5D6DBC2206.txt
Build complete! (0.09s)
Test Suite 'Selected tests' started at 2026-06-05 22:04:46.303.
Test Suite 'ChatAppPackageTests.xctest' started at 2026-06-05 22:04:46.303.
Test Suite 'DMCoordinatorTests' started at 2026-06-05 22:04:46.303.
Test Case '-[ChatAppTests.DMCoordinatorTests testSendAttachmentUploadsEncryptedBlobAndSendsEncryptedDescriptor]' started.
Test Case '-[ChatAppTests.DMCoordinatorTests testSendAttachmentUploadsEncryptedBlobAndSendsEncryptedDescriptor]' passed (0.037 seconds).
Test Suite 'DMCoordinatorTests' passed at 2026-06-05 22:04:46.340.
	 Executed 1 test, with 0 failures (0 unexpected) in 0.037 (0.037) seconds
Test Suite 'ChatAppPackageTests.xctest' passed at 2026-06-05 22:04:46.341.
	 Executed 1 test, with 0 failures (0 unexpected) in 0.037 (0.037) seconds
Test Suite 'Selected tests' passed at 2026-06-05 22:04:46.341.
	 Executed 1 test, with 0 failures (0 unexpected) in 0.037 (0.038) seconds
􀟈  Test run started.
􀄵  Testing Library Version: 1902
􀄵  Target Platform: arm64e-apple-macos14.0
􁁛  Test run with 0 tests in 0 suites passed after 0.001 seconds.
Building for debugging...
[0/4] Write swift-version--58304C5D6DBC2206.txt
Build complete! (0.08s)
Test Suite 'Selected tests' started at 2026-06-05 22:04:46.816.
Test Suite 'ChatAppPackageTests.xctest' started at 2026-06-05 22:04:46.817.
Test Suite 'DMCoordinatorTests' started at 2026-06-05 22:04:46.817.
Test Case '-[ChatAppTests.DMCoordinatorTests testLoadHistoryDetectsAttachmentDescriptorAndDownloadReturnsOriginalBytes]' started.
Test Case '-[ChatAppTests.DMCoordinatorTests testLoadHistoryDetectsAttachmentDescriptorAndDownloadReturnsOriginalBytes]' passed (0.041 seconds).
Test Suite 'DMCoordinatorTests' passed at 2026-06-05 22:04:46.858.
	 Executed 1 test, with 0 failures (0 unexpected) in 0.041 (0.041) seconds
Test Suite 'ChatAppPackageTests.xctest' passed at 2026-06-05 22:04:46.858.
	 Executed 1 test, with 0 failures (0 unexpected) in 0.041 (0.041) seconds
Test Suite 'Selected tests' passed at 2026-06-05 22:04:46.858.
	 Executed 1 test, with 0 failures (0 unexpected) in 0.041 (0.041) seconds
􀟈  Test run started.
􀄵  Testing Library Version: 1902
􀄵  Target Platform: arm64e-apple-macos14.0
􁁛  Test run with 0 tests in 0 suites passed after 0.001 seconds.
Building for debugging...
[0/4] Write swift-version--58304C5D6DBC2206.txt
Build complete! (0.08s)
Test Suite 'Selected tests' started at 2026-06-05 22:04:47.333.
Test Suite 'ChatAppPackageTests.xctest' started at 2026-06-05 22:04:47.334.
Test Suite 'GroupCoordinatorTests' started at 2026-06-05 22:04:47.334.
Test Case '-[ChatAppTests.GroupCoordinatorTests testSendAttachmentUploadsEncryptedBlobAndSendsGroupEncryptedDescriptor]' started.
Test Case '-[ChatAppTests.GroupCoordinatorTests testSendAttachmentUploadsEncryptedBlobAndSendsGroupEncryptedDescriptor]' passed (0.038 seconds).
Test Suite 'GroupCoordinatorTests' passed at 2026-06-05 22:04:47.372.
	 Executed 1 test, with 0 failures (0 unexpected) in 0.038 (0.039) seconds
Test Suite 'ChatAppPackageTests.xctest' passed at 2026-06-05 22:04:47.372.
	 Executed 1 test, with 0 failures (0 unexpected) in 0.038 (0.039) seconds
Test Suite 'Selected tests' passed at 2026-06-05 22:04:47.372.
	 Executed 1 test, with 0 failures (0 unexpected) in 0.038 (0.039) seconds
􀟈  Test run started.
􀄵  Testing Library Version: 1902
􀄵  Target Platform: arm64e-apple-macos14.0
􁁛  Test run with 0 tests in 0 suites passed after 0.001 seconds.
Building for debugging...
[0/4] Write swift-version--58304C5D6DBC2206.txt
Build complete! (0.09s)
Test Suite 'Selected tests' started at 2026-06-05 22:04:47.862.
Test Suite 'ChatAppPackageTests.xctest' started at 2026-06-05 22:04:47.862.
Test Suite 'GroupCoordinatorTests' started at 2026-06-05 22:04:47.862.
Test Case '-[ChatAppTests.GroupCoordinatorTests testOpenGroupDetectsAttachmentDescriptorAndDownloadReturnsOriginalBytes]' started.
Test Case '-[ChatAppTests.GroupCoordinatorTests testOpenGroupDetectsAttachmentDescriptorAndDownloadReturnsOriginalBytes]' passed (0.037 seconds).
Test Suite 'GroupCoordinatorTests' passed at 2026-06-05 22:04:47.900.
	 Executed 1 test, with 0 failures (0 unexpected) in 0.037 (0.037) seconds
Test Suite 'ChatAppPackageTests.xctest' passed at 2026-06-05 22:04:47.900.
	 Executed 1 test, with 0 failures (0 unexpected) in 0.037 (0.037) seconds
Test Suite 'Selected tests' passed at 2026-06-05 22:04:47.900.
	 Executed 1 test, with 0 failures (0 unexpected) in 0.037 (0.038) seconds
􀟈  Test run started.
􀄵  Testing Library Version: 1902
􀄵  Target Platform: arm64e-apple-macos14.0
􁁛  Test run with 0 tests in 0 suites passed after 0.001 seconds.
Building for debugging...
[0/4] Write swift-version--58304C5D6DBC2206.txt
Build complete! (0.08s)
Test Suite 'Selected tests' started at 2026-06-05 22:04:48.375.
Test Suite 'ChatAppPackageTests.xctest' started at 2026-06-05 22:04:48.376.
Test Suite 'LiveAttachmentE2ETests' started at 2026-06-05 22:04:48.376.
Test Case '-[ChatAppTests.LiveAttachmentE2ETests testLiveAttachmentDMAndGroupRoundTripStoresOnlyCiphertext]' started.
Test Case '-[ChatAppTests.LiveAttachmentE2ETests testLiveAttachmentDMAndGroupRoundTripStoresOnlyCiphertext]' passed (0.122 seconds).
Test Suite 'LiveAttachmentE2ETests' passed at 2026-06-05 22:04:48.498.
	 Executed 1 test, with 0 failures (0 unexpected) in 0.122 (0.122) seconds
Test Suite 'ChatAppPackageTests.xctest' passed at 2026-06-05 22:04:48.498.
	 Executed 1 test, with 0 failures (0 unexpected) in 0.122 (0.122) seconds
Test Suite 'Selected tests' passed at 2026-06-05 22:04:48.498.
	 Executed 1 test, with 0 failures (0 unexpected) in 0.122 (0.123) seconds
􀟈  Test run started.
􀄵  Testing Library Version: 1902
􀄵  Target Platform: arm64e-apple-macos14.0
􁁛  Test run with 0 tests in 0 suites passed after 0.001 seconds.
Building for debugging...
[0/4] Write swift-version--58304C5D6DBC2206.txt
Build complete! (0.08s)
Test Suite 'Selected tests' started at 2026-06-05 22:04:48.970.
Test Suite 'ChatAppPackageTests.xctest' started at 2026-06-05 22:04:48.971.
Test Suite 'LiveAttachmentE2ETests' started at 2026-06-05 22:04:48.971.
Test Case '-[ChatAppTests.LiveAttachmentE2ETests testAlreadySubscribedRecipientReceivesLiveAttachmentsAndWritesByteIdenticalDownloads]' started.
Test Case '-[ChatAppTests.LiveAttachmentE2ETests testAlreadySubscribedRecipientReceivesLiveAttachmentsAndWritesByteIdenticalDownloads]' passed (0.925 seconds).
Test Suite 'LiveAttachmentE2ETests' passed at 2026-06-05 22:04:49.896.
	 Executed 1 test, with 0 failures (0 unexpected) in 0.925 (0.925) seconds
Test Suite 'ChatAppPackageTests.xctest' passed at 2026-06-05 22:04:49.896.
	 Executed 1 test, with 0 failures (0 unexpected) in 0.925 (0.925) seconds
Test Suite 'Selected tests' passed at 2026-06-05 22:04:49.896.
	 Executed 1 test, with 0 failures (0 unexpected) in 0.925 (0.926) seconds
􀟈  Test run started.
􀄵  Testing Library Version: 1902
􀄵  Target Platform: arm64e-apple-macos14.0
􁁛  Test run with 0 tests in 0 suites passed after 0.001 seconds.
task-7 verify: extracting stored attachment blob and proving it is ciphertext
task-7 verify: checking attachments schema and zero-knowledge audit
ZERO-KNOWLEDGE SCHEMA AUDIT
database: /var/folders/q9/1lgsjv4n37n0gcrdmg1rfjy00000gn/T/task-7-live-db.XXXXXX.KeYWB192AU

table: attachments
PRAGMA table_info(attachments)
cid  name         type     notnull  dflt_value  pk
---  -----------  -------  -------  ----------  --
0    id           TEXT     0                    1 
1    uploader_id  TEXT     1                    0 
2    ciphertext   BLOB     1                    0 
3    byte_size    INTEGER  1                    0 
4    created_at   TEXT     1                    0 
classification:
  - id: identifier
  - uploader_id: routing-metadata
  - ciphertext: opaque-ciphertext
  - byte_size: routing-metadata
  - created_at: timestamp

table: auth_challenges
PRAGMA table_info(auth_challenges)
cid  name        type  notnull  dflt_value  pk
---  ----------  ----  -------  ----------  --
0    id          TEXT  0                    1 
1    user_id     TEXT  1                    0 
2    nonce       TEXT  1                    0 
3    created_at  TEXT  1                    0 
4    expires_at  TEXT  1                    0 
classification:
  - id: identifier
  - user_id: identifier
  - nonce: random-nonce
  - created_at: timestamp
  - expires_at: timestamp

table: device_keys
PRAGMA table_info(device_keys)
cid  name               type  notnull  dflt_value  pk
---  -----------------  ----  -------  ----------  --
0    user_id            TEXT  0                    1 
1    x25519_public_key  TEXT  1                    0 
2    key_signature      TEXT  1                    0 
3    created_at         TEXT  1                    0 
classification:
  - user_id: identifier
  - x25519_public_key: public-key
  - key_signature: signature
  - created_at: timestamp

table: group_keys
PRAGMA table_info(group_keys)
cid  name         type     notnull  dflt_value  pk
---  -----------  -------  -------  ----------  --
0    group_id     TEXT     1                    1 
1    epoch        INTEGER  1                    2 
2    member_id    TEXT     1                    3 
3    wrapped_key  TEXT     1                    0 
4    created_at   TEXT     1                    0 
classification:
  - group_id: identifier
  - epoch: identifier
  - member_id: identifier
  - wrapped_key: identifier
  - created_at: timestamp

table: group_members
PRAGMA table_info(group_members)
cid  name          type     notnull  dflt_value  pk
---  ------------  -------  -------  ----------  --
0    group_id      TEXT     1                    1 
1    user_id       TEXT     1                    2 
2    joined_epoch  INTEGER  1                    0 
3    added_at      TEXT     1                    0 
classification:
  - group_id: identifier
  - user_id: identifier
  - joined_epoch: identifier
  - added_at: identifier

table: group_messages
PRAGMA table_info(group_messages)
cid  name        type     notnull  dflt_value  pk
---  ----------  -------  -------  ----------  --
0    id          TEXT     0                    1 
1    group_id    TEXT     1                    0 
2    sender_id   TEXT     1                    0 
3    epoch       INTEGER  1                    0 
4    ciphertext  TEXT     1                    0 
5    created_at  TEXT     1                    0 
classification:
  - id: identifier
  - group_id: identifier
  - sender_id: identifier
  - epoch: identifier
  - ciphertext: identifier
  - created_at: timestamp

table: groups
PRAGMA table_info(groups)
cid  name           type     notnull  dflt_value  pk
---  -------------  -------  -------  ----------  --
0    id             TEXT     0                    1 
1    name           TEXT     1                    0 
2    creator_id     TEXT     1                    0 
3    current_epoch  INTEGER  1                    0 
4    created_at     TEXT     1                    0 
classification:
  - id: identifier
  - name: identifier
  - creator_id: identifier
  - current_epoch: identifier
  - created_at: timestamp

table: messages
PRAGMA table_info(messages)
cid  name          type  notnull  dflt_value  pk
---  ------------  ----  -------  ----------  --
0    id            TEXT  0                    1 
1    sender_id     TEXT  1                    0 
2    recipient_id  TEXT  1                    0 
3    ciphertext    TEXT  1                    0 
4    created_at    TEXT  1                    0 
classification:
  - id: identifier
  - sender_id: routing-metadata
  - recipient_id: routing-metadata
  - ciphertext: opaque-ciphertext
  - created_at: timestamp

table: sessions
PRAGMA table_info(sessions)
cid  name        type  notnull  dflt_value  pk
---  ----------  ----  -------  ----------  --
0    token       TEXT  0                    1 
1    user_id     TEXT  1                    0 
2    created_at  TEXT  1                    0 
3    expires_at  TEXT  1                    0 
classification:
  - token: session-token
  - user_id: identifier
  - created_at: timestamp
  - expires_at: timestamp

table: users
PRAGMA table_info(users)
cid  name                 type  notnull  dflt_value  pk
---  -------------------  ----  -------  ----------  --
0    id                   TEXT  0                    1 
1    username             TEXT  1                    0 
2    identity_public_key  TEXT  1                    0 
3    created_at           TEXT  1                    0 
classification:
  - id: identifier
  - username: identifier
  - identity_public_key: public-key
  - created_at: timestamp

ZERO-KNOWLEDGE SCHEMA AUDIT: PASS — no plaintext or private-key columns in any table
task-7 verify: PASS
/Users/ngthluu/choscor/test-chat-app/.agentloop/worktrees/task-fix-task9-verify-b3/.agentloop/state/tasks/task-7/verify.sh: line 38: 15173 Terminated: 15          ( cd "${BACKEND_DIR}"; cargo run -- --db-path "${DB_PATH}" --port "${PORT}" ) > "${SERVER_LOG}" 2>&1
verify: RUN (task-8)
task-8 verify: building and testing backend
    Finished `dev` profile [unoptimized + debuginfo] target(s) in 0.07s
    Finished `test` profile [unoptimized + debuginfo] target(s) in 0.06s
     Running unittests src/lib.rs (target/debug/deps/test_chat_backend-acfff881fbeff8b8)

running 0 tests

test result: ok. 0 passed; 0 failed; 0 ignored; 0 measured; 0 filtered out; finished in 0.00s

     Running unittests src/main.rs (target/debug/deps/test_chat_backend-9d5476f2c3843da5)

running 0 tests

test result: ok. 0 passed; 0 failed; 0 ignored; 0 measured; 0 filtered out; finished in 0.00s

     Running tests/attachments.rs (target/debug/deps/attachments-14ccd7d85cb70557)

running 5 tests
test attachments_table_stores_no_plaintext_columns ... ok
test attachment_requires_bearer_token ... ok
test attachment_download_unknown_id_is_404 ... ok
test attachment_upload_then_download_round_trips_exact_bytes ... ok
test attachment_upload_rejects_oversize_payload_with_413 ... ok

test result: ok. 5 passed; 0 failed; 0 ignored; 0 measured; 0 filtered out; finished in 0.01s

     Running tests/auth.rs (target/debug/deps/auth-8604fa95047f6e2f)

running 8 tests
test auth_tables_store_no_private_material ... ok
test auth_session_rejects_unknown_token ... ok
test auth_challenge_rejects_unknown_user ... ok
test auth_malformed_json_returns_bad_request ... ok
test auth_challenge_returns_nonce_for_known_user ... ok
test auth_verify_with_bad_signature_is_rejected ... ok
test auth_verify_with_valid_signature_issues_session_token ... ok
test auth_verify_rejects_unknown_or_reused_challenge ... ok

test result: ok. 8 passed; 0 failed; 0 ignored; 0 measured; 0 filtered out; finished in 0.02s

     Running tests/conversations.rs (target/debug/deps/conversations-a7ed8ac73ee40eae)

running 7 tests
test conversations_requires_bearer_token ... ok
test conversations_return_ciphertext_and_metadata_without_plaintext ... ok
test conversations_include_inbound_only_peer_started_while_viewer_was_offline ... ok
test conversations_use_rowid_tiebreaks_instead_of_random_uuid_order ... ok
test conversations_scope_excludes_unrelated_pairs_and_names_the_peer ... ok
test conversations_empty_for_user_with_no_messages ... ok
test conversations_lists_distinct_peers_ordered_by_recent_activity ... ok

test result: ok. 7 passed; 0 failed; 0 ignored; 0 measured; 0 filtered out; finished in 0.02s

     Running tests/groups.rs (target/debug/deps/groups-dd51c3ddb97e60c4)

running 12 tests
test group_stream_requires_bearer_token ... ok
test group_create_requires_bearer_token ... ok
test group_tables_store_no_plaintext_columns ... ok
test group_message_post_stores_exactly_the_ciphertext_blob ... ok
test group_list_returns_all_member_groups_in_rowid_order ... ok
test group_message_history_returns_only_ciphertext_for_members ... ok
test group_message_history_returns_same_second_messages_in_send_order ... ok
test group_stream_with_member_returns_sse_headers ... ok
test group_create_persists_name_membership_and_epoch_zero_keys ... ok
test group_add_member_broadcasts_epoch_event_to_members ... ok
test group_endpoints_reject_non_members_with_403 ... ok
test group_add_member_bumps_epoch_and_blocks_prior_epoch_keys ... ok

test result: ok. 12 passed; 0 failed; 0 ignored; 0 measured; 0 filtered out; finished in 0.04s

     Running tests/messages.rs (target/debug/deps/messages-a293061aac4fd650)

running 14 tests
test messages_inbox_requires_bearer_token ... ok
test messages_post_requires_bearer_token ... ok
test messages_inbox_empty_for_caller_with_no_inbound_messages ... ok
test keys_publish_requires_valid_identity_signature ... ok
test messages_inbox_delivers_same_second_messages_in_send_order ... ok
test messages_inbox_since_cursor_returns_only_later_rows_and_advances ... ok
test messages_stream_requires_bearer_token ... ok
test messages_history_returns_same_second_messages_in_send_order ... ok
test keys_fetch_returns_published_prekey_for_username ... ok
test messages_inbox_is_scoped_to_recipient_inbound_messages_only ... ok
test messages_table_stores_no_plaintext_columns ... ok
test messages_history_returns_only_ciphertext_and_is_scoped_to_the_pair ... ok
test messages_post_stores_exactly_the_ciphertext_blob ... ok
test messages_stream_with_valid_token_returns_sse_headers ... ok

test result: ok. 14 passed; 0 failed; 0 ignored; 0 measured; 0 filtered out; finished in 0.04s

     Running tests/register.rs (target/debug/deps/register-6f9d859b8574001d)

running 3 tests
test register_stores_only_public_account_fields ... ok
test register_rejects_duplicate_username_without_second_row ... ok
test register_rejects_malformed_input ... ok

test result: ok. 3 passed; 0 failed; 0 ignored; 0 measured; 0 filtered out; finished in 0.01s

     Running tests/schema.rs (target/debug/deps/schema-b038f68994545c75)

running 2 tests
test migration_creates_users_table_with_only_public_account_columns ... ok
test schema_dump_prints_schema_sample_row_and_rejects_private_material ... ok

test result: ok. 2 passed; 0 failed; 0 ignored; 0 measured; 0 filtered out; finished in 0.03s

     Running tests/zk_relay_audit.rs (target/debug/deps/zk_relay_audit-bd3d74422e342891)

running 4 tests
test zk_relay_audit_fails_when_attachments_shape_drifts ... ok
test zk_relay_audit_fails_when_plaintext_column_exists ... ok
test zk_relay_audit_fails_when_private_key_column_exists ... ok
test zk_relay_audit_passes_for_ciphertext_only_schema ... ok

test result: ok. 4 passed; 0 failed; 0 ignored; 0 measured; 0 filtered out; finished in 0.36s

     Running tests/zk_sentinel.rs (target/debug/deps/zk_sentinel-1d21ce2d7220d674)

running 1 test
test zk_sentinel_roundtrip_stores_only_ciphertext_in_raw_db ... ok

test result: ok. 1 passed; 0 failed; 0 ignored; 0 measured; 0 filtered out; finished in 0.02s

   Doc-tests test_chat_backend

running 0 tests

test result: ok. 0 passed; 0 failed; 0 ignored; 0 measured; 0 filtered out; finished in 0.00s
task-8 verify: starting backend on http://127.0.0.1:51041
task-8 verify: backend health check returned 200
task-8 verify: building and testing Swift app with live offline E2E
[0/1] Planning build
Building for debugging...
[0/3] Write swift-version--58304C5D6DBC2206.txt
Build complete! (0.14s)
[0/1] Planning build
Building for debugging...
[0/4] Write swift-version--58304C5D6DBC2206.txt
Build complete! (0.12s)
Test Suite 'Selected tests' started at 2026-06-05 22:04:53.424.
Test Suite 'ChatAppPackageTests.xctest' started at 2026-06-05 22:04:53.425.
Test Suite 'LiveOfflineDeliveryE2ETests' started at 2026-06-05 22:04:53.425.
Test Case '-[ChatAppTests.LiveOfflineDeliveryE2ETests testOfflineRecipientReceivesQueuedMessagesInOrderAndRestartReloadsHistory]' started.
Test Case '-[ChatAppTests.LiveOfflineDeliveryE2ETests testOfflineRecipientReceivesQueuedMessagesInOrderAndRestartReloadsHistory]' passed (0.119 seconds).
Test Suite 'LiveOfflineDeliveryE2ETests' passed at 2026-06-05 22:04:53.544.
	 Executed 1 test, with 0 failures (0 unexpected) in 0.119 (0.119) seconds
Test Suite 'ChatAppPackageTests.xctest' passed at 2026-06-05 22:04:53.544.
	 Executed 1 test, with 0 failures (0 unexpected) in 0.119 (0.119) seconds
Test Suite 'Selected tests' passed at 2026-06-05 22:04:53.544.
	 Executed 1 test, with 0 failures (0 unexpected) in 0.119 (0.120) seconds
􀟈  Test run started.
􀄵  Testing Library Version: 1902
􀄵  Target Platform: arm64e-apple-macos14.0
􁁛  Test run with 0 tests in 0 suites passed after 0.001 seconds.
task-8 verify: curl ordered-delivery proof
task-8 verify: PASS
/Users/ngthluu/choscor/test-chat-app/.agentloop/worktrees/task-fix-task9-verify-b3/.agentloop/state/tasks/task-8/verify.sh: line 23: 17840 Terminated: 15          ( cd "${BACKEND_DIR}"; cargo run -- --db-path "${DB_PATH}" --port "${PORT}" ) > "${SERVER_LOG}" 2>&1
verify: RUN (task-9-b2r)
task-9-b2r verify: running swift test --filter ConversationListModelTests
task-9-b2r verify: PASS
verify: RUN (task-9-b3r)
task-9-b3r verify: running swift test --filter ConversationListStoreTests
task-9-b3r verify: PASS
verify: RUN (task-9-b5)
[0/1] Planning build
Building for debugging...
[0/3] Write swift-version--58304C5D6DBC2206.txt
Build complete! (0.12s)
Building for debugging...
[0/4] Write swift-version--58304C5D6DBC2206.txt
Build complete! (0.08s)
[0/1] Planning build
Building for debugging...
[0/4] Write swift-version--58304C5D6DBC2206.txt
Build complete! (0.12s)
Test Suite 'Selected tests' started at 2026-06-05 22:04:57.355.
Test Suite 'ChatAppPackageTests.xctest' started at 2026-06-05 22:04:57.356.
Test Suite 'ConversationsViewWiringTests' started at 2026-06-05 22:04:57.356.
Test Case '-[ChatAppTests.ConversationsViewWiringTests testLiveRecordBumpsSidebarList]' started.
Test Case '-[ChatAppTests.ConversationsViewWiringTests testLiveRecordBumpsSidebarList]' passed (0.021 seconds).
Test Case '-[ChatAppTests.ConversationsViewWiringTests testSelectingConversationLoadsFullDecryptedHistory]' started.
Test Case '-[ChatAppTests.ConversationsViewWiringTests testSelectingConversationLoadsFullDecryptedHistory]' passed (0.031 seconds).
Test Case '-[ChatAppTests.ConversationsViewWiringTests testSidebarOrdersConversationsMostRecentFirst]' started.
Test Case '-[ChatAppTests.ConversationsViewWiringTests testSidebarOrdersConversationsMostRecentFirst]' passed (0.011 seconds).
Test Case '-[ChatAppTests.ConversationsViewWiringTests testTaskPublishesOwnPrekey]' started.
Test Case '-[ChatAppTests.ConversationsViewWiringTests testTaskPublishesOwnPrekey]' passed (0.023 seconds).
Test Suite 'ConversationsViewWiringTests' passed at 2026-06-05 22:04:57.443.
	 Executed 4 tests, with 0 failures (0 unexpected) in 0.087 (0.087) seconds
Test Suite 'ChatAppPackageTests.xctest' passed at 2026-06-05 22:04:57.443.
	 Executed 4 tests, with 0 failures (0 unexpected) in 0.087 (0.087) seconds
Test Suite 'Selected tests' passed at 2026-06-05 22:04:57.443.
	 Executed 4 tests, with 0 failures (0 unexpected) in 0.087 (0.088) seconds
􀟈  Test run started.
􀄵  Testing Library Version: 1902
􀄵  Target Platform: arm64e-apple-macos14.0
􁁛  Test run with 0 tests in 0 suites passed after 0.001 seconds.
Building for debugging...
[0/4] Write swift-version--58304C5D6DBC2206.txt
Build complete! (0.08s)
Test Suite 'Selected tests' started at 2026-06-05 22:04:57.916.
Test Suite 'ChatAppPackageTests.xctest' started at 2026-06-05 22:04:57.917.
Test Suite 'ConversationListModelTests' started at 2026-06-05 22:04:57.917.
Test Case '-[ChatAppTests.ConversationListModelTests testConversationListContainsAndEmptyUpsertRoundTrip]' started.
Test Case '-[ChatAppTests.ConversationListModelTests testConversationListContainsAndEmptyUpsertRoundTrip]' passed (0.000 seconds).
Test Case '-[ChatAppTests.ConversationListModelTests testPeerIdReturnsOtherPartyForInboundAndOutboundRecords]' started.
Test Case '-[ChatAppTests.ConversationListModelTests testPeerIdReturnsOtherPartyForInboundAndOutboundRecords]' passed (0.000 seconds).
Test Case '-[ChatAppTests.ConversationListModelTests testSortedOrdersMostRecentFirstAndTiesByUsername]' started.
Test Case '-[ChatAppTests.ConversationListModelTests testSortedOrdersMostRecentFirstAndTiesByUsername]' passed (0.000 seconds).
Test Case '-[ChatAppTests.ConversationListModelTests testUpsertInsertsBumpsToNewerActivityAndNeverRegresses]' started.
Test Case '-[ChatAppTests.ConversationListModelTests testUpsertInsertsBumpsToNewerActivityAndNeverRegresses]' passed (0.000 seconds).
Test Suite 'ConversationListModelTests' passed at 2026-06-05 22:04:57.918.
	 Executed 4 tests, with 0 failures (0 unexpected) in 0.001 (0.001) seconds
Test Suite 'ChatAppPackageTests.xctest' passed at 2026-06-05 22:04:57.918.
	 Executed 4 tests, with 0 failures (0 unexpected) in 0.001 (0.001) seconds
Test Suite 'Selected tests' passed at 2026-06-05 22:04:57.918.
	 Executed 4 tests, with 0 failures (0 unexpected) in 0.001 (0.002) seconds
􀟈  Test run started.
􀄵  Testing Library Version: 1902
􀄵  Target Platform: arm64e-apple-macos14.0
􁁛  Test run with 0 tests in 0 suites passed after 0.001 seconds.
Building for debugging...
[0/4] Write swift-version--58304C5D6DBC2206.txt
Build complete! (0.08s)
Test Suite 'Selected tests' started at 2026-06-05 22:04:58.394.
Test Suite 'ChatAppPackageTests.xctest' started at 2026-06-05 22:04:58.395.
Test Suite 'ConversationListStoreTests' started at 2026-06-05 22:04:58.395.
Test Case '-[ChatAppTests.ConversationListStoreTests testHandleLiveRecordForKnownPeerBumpsAndDoesNotFetchAgain]' started.
Test Case '-[ChatAppTests.ConversationListStoreTests testHandleLiveRecordForKnownPeerBumpsAndDoesNotFetchAgain]' passed (0.022 seconds).
Test Case '-[ChatAppTests.ConversationListStoreTests testHandleLiveRecordForUnknownPeerRefreshesOnce]' started.
Test Case '-[ChatAppTests.ConversationListStoreTests testHandleLiveRecordForUnknownPeerRefreshesOnce]' passed (0.013 seconds).
Test Case '-[ChatAppTests.ConversationListStoreTests testHandleLiveRecordUpdatesLastActivityAtOnKnownPeer]' started.
Test Case '-[ChatAppTests.ConversationListStoreTests testHandleLiveRecordUpdatesLastActivityAtOnKnownPeer]' passed (0.013 seconds).
Test Case '-[ChatAppTests.ConversationListStoreTests testRefreshIncludesInboundOnlyPeerReturnedByBackend]' started.
Test Case '-[ChatAppTests.ConversationListStoreTests testRefreshIncludesInboundOnlyPeerReturnedByBackend]' passed (0.013 seconds).
Test Case '-[ChatAppTests.ConversationListStoreTests testRefreshMapsRecordsAndSortsMostRecentFirst]' started.
Test Case '-[ChatAppTests.ConversationListStoreTests testRefreshMapsRecordsAndSortsMostRecentFirst]' passed (0.014 seconds).
Test Case '-[ChatAppTests.ConversationListStoreTests testSelectedPeerUsernameRoundTrips]' started.
Test Case '-[ChatAppTests.ConversationListStoreTests testSelectedPeerUsernameRoundTrips]' passed (0.010 seconds).
Test Case '-[ChatAppTests.ConversationListStoreTests testSubscribeConsumesInjectedLiveStream]' started.
Test Case '-[ChatAppTests.ConversationListStoreTests testSubscribeConsumesInjectedLiveStream]' passed (0.071 seconds).
Test Suite 'ConversationListStoreTests' passed at 2026-06-05 22:04:58.550.
	 Executed 7 tests, with 0 failures (0 unexpected) in 0.155 (0.155) seconds
Test Suite 'ChatAppPackageTests.xctest' passed at 2026-06-05 22:04:58.550.
	 Executed 7 tests, with 0 failures (0 unexpected) in 0.155 (0.155) seconds
Test Suite 'Selected tests' passed at 2026-06-05 22:04:58.550.
	 Executed 7 tests, with 0 failures (0 unexpected) in 0.155 (0.156) seconds
􀟈  Test run started.
􀄵  Testing Library Version: 1902
􀄵  Target Platform: arm64e-apple-macos14.0
􁁛  Test run with 0 tests in 0 suites passed after 0.001 seconds.
task-9-b5 wiring verify: PASS
verify: RUN (task-9-b5r)
task-9-b5r scoped verify: running swift build
[0/1] Planning build
Building for debugging...
[0/3] Write swift-version--58304C5D6DBC2206.txt
Build complete! (0.12s)
task-9-b5r scoped verify: running swift build --build-tests
Building for debugging...
[0/4] Write swift-version--58304C5D6DBC2206.txt
Build complete! (0.09s)
task-9-b5r scoped verify: running swift test --filter ConversationsViewWiringTests
[0/1] Planning build
Building for debugging...
[0/4] Write swift-version--58304C5D6DBC2206.txt
Build complete! (0.20s)
Test Suite 'Selected tests' started at 2026-06-05 22:05:00.388.
Test Suite 'ChatAppPackageTests.xctest' started at 2026-06-05 22:05:00.391.
Test Suite 'ConversationsViewWiringTests' started at 2026-06-05 22:05:00.391.
Test Case '-[ChatAppTests.ConversationsViewWiringTests testLiveRecordBumpsSidebarList]' started.
Test Case '-[ChatAppTests.ConversationsViewWiringTests testLiveRecordBumpsSidebarList]' passed (0.034 seconds).
Test Case '-[ChatAppTests.ConversationsViewWiringTests testSelectingConversationLoadsFullDecryptedHistory]' started.
Test Case '-[ChatAppTests.ConversationsViewWiringTests testSelectingConversationLoadsFullDecryptedHistory]' passed (0.056 seconds).
Test Case '-[ChatAppTests.ConversationsViewWiringTests testSidebarOrdersConversationsMostRecentFirst]' started.
Test Case '-[ChatAppTests.ConversationsViewWiringTests testSidebarOrdersConversationsMostRecentFirst]' passed (0.025 seconds).
Test Case '-[ChatAppTests.ConversationsViewWiringTests testTaskPublishesOwnPrekey]' started.
Test Case '-[ChatAppTests.ConversationsViewWiringTests testTaskPublishesOwnPrekey]' passed (0.042 seconds).
Test Suite 'ConversationsViewWiringTests' passed at 2026-06-05 22:05:00.547.
	 Executed 4 tests, with 0 failures (0 unexpected) in 0.156 (0.157) seconds
Test Suite 'ChatAppPackageTests.xctest' passed at 2026-06-05 22:05:00.547.
	 Executed 4 tests, with 0 failures (0 unexpected) in 0.156 (0.157) seconds
Test Suite 'Selected tests' passed at 2026-06-05 22:05:00.547.
	 Executed 4 tests, with 0 failures (0 unexpected) in 0.156 (0.159) seconds
􀟈  Test run started.
􀄵  Testing Library Version: 1902
􀄵  Target Platform: arm64e-apple-macos14.0
􁁛  Test run with 0 tests in 0 suites passed after 0.001 seconds.
task-9-b5r scoped verify: running swift test --filter ConversationListModelTests
Building for debugging...
[0/4] Write swift-version--58304C5D6DBC2206.txt
Build complete! (0.09s)
Test Suite 'Selected tests' started at 2026-06-05 22:05:01.199.
Test Suite 'ChatAppPackageTests.xctest' started at 2026-06-05 22:05:01.200.
Test Suite 'ConversationListModelTests' started at 2026-06-05 22:05:01.200.
Test Case '-[ChatAppTests.ConversationListModelTests testConversationListContainsAndEmptyUpsertRoundTrip]' started.
Test Case '-[ChatAppTests.ConversationListModelTests testConversationListContainsAndEmptyUpsertRoundTrip]' passed (0.000 seconds).
Test Case '-[ChatAppTests.ConversationListModelTests testPeerIdReturnsOtherPartyForInboundAndOutboundRecords]' started.
Test Case '-[ChatAppTests.ConversationListModelTests testPeerIdReturnsOtherPartyForInboundAndOutboundRecords]' passed (0.000 seconds).
Test Case '-[ChatAppTests.ConversationListModelTests testSortedOrdersMostRecentFirstAndTiesByUsername]' started.
Test Case '-[ChatAppTests.ConversationListModelTests testSortedOrdersMostRecentFirstAndTiesByUsername]' passed (0.000 seconds).
Test Case '-[ChatAppTests.ConversationListModelTests testUpsertInsertsBumpsToNewerActivityAndNeverRegresses]' started.
Test Case '-[ChatAppTests.ConversationListModelTests testUpsertInsertsBumpsToNewerActivityAndNeverRegresses]' passed (0.000 seconds).
Test Suite 'ConversationListModelTests' passed at 2026-06-05 22:05:01.201.
	 Executed 4 tests, with 0 failures (0 unexpected) in 0.001 (0.001) seconds
Test Suite 'ChatAppPackageTests.xctest' passed at 2026-06-05 22:05:01.201.
	 Executed 4 tests, with 0 failures (0 unexpected) in 0.001 (0.001) seconds
Test Suite 'Selected tests' passed at 2026-06-05 22:05:01.201.
	 Executed 4 tests, with 0 failures (0 unexpected) in 0.001 (0.002) seconds
􀟈  Test run started.
􀄵  Testing Library Version: 1902
􀄵  Target Platform: arm64e-apple-macos14.0
􁁛  Test run with 0 tests in 0 suites passed after 0.001 seconds.
task-9-b5r scoped verify: running swift test --filter ConversationListStoreTests
Building for debugging...
[0/4] Write swift-version--58304C5D6DBC2206.txt
Build complete! (0.09s)
Test Suite 'Selected tests' started at 2026-06-05 22:05:01.709.
Test Suite 'ChatAppPackageTests.xctest' started at 2026-06-05 22:05:01.709.
Test Suite 'ConversationListStoreTests' started at 2026-06-05 22:05:01.709.
Test Case '-[ChatAppTests.ConversationListStoreTests testHandleLiveRecordForKnownPeerBumpsAndDoesNotFetchAgain]' started.
Test Case '-[ChatAppTests.ConversationListStoreTests testHandleLiveRecordForKnownPeerBumpsAndDoesNotFetchAgain]' passed (0.019 seconds).
Test Case '-[ChatAppTests.ConversationListStoreTests testHandleLiveRecordForUnknownPeerRefreshesOnce]' started.
Test Case '-[ChatAppTests.ConversationListStoreTests testHandleLiveRecordForUnknownPeerRefreshesOnce]' passed (0.015 seconds).
Test Case '-[ChatAppTests.ConversationListStoreTests testHandleLiveRecordUpdatesLastActivityAtOnKnownPeer]' started.
Test Case '-[ChatAppTests.ConversationListStoreTests testHandleLiveRecordUpdatesLastActivityAtOnKnownPeer]' passed (0.012 seconds).
Test Case '-[ChatAppTests.ConversationListStoreTests testRefreshIncludesInboundOnlyPeerReturnedByBackend]' started.
Test Case '-[ChatAppTests.ConversationListStoreTests testRefreshIncludesInboundOnlyPeerReturnedByBackend]' passed (0.013 seconds).
Test Case '-[ChatAppTests.ConversationListStoreTests testRefreshMapsRecordsAndSortsMostRecentFirst]' started.
Test Case '-[ChatAppTests.ConversationListStoreTests testRefreshMapsRecordsAndSortsMostRecentFirst]' passed (0.012 seconds).
Test Case '-[ChatAppTests.ConversationListStoreTests testSelectedPeerUsernameRoundTrips]' started.
Test Case '-[ChatAppTests.ConversationListStoreTests testSelectedPeerUsernameRoundTrips]' passed (0.011 seconds).
Test Case '-[ChatAppTests.ConversationListStoreTests testSubscribeConsumesInjectedLiveStream]' started.
Test Case '-[ChatAppTests.ConversationListStoreTests testSubscribeConsumesInjectedLiveStream]' passed (0.069 seconds).
Test Suite 'ConversationListStoreTests' passed at 2026-06-05 22:05:01.861.
	 Executed 7 tests, with 0 failures (0 unexpected) in 0.151 (0.152) seconds
Test Suite 'ChatAppPackageTests.xctest' passed at 2026-06-05 22:05:01.861.
	 Executed 7 tests, with 0 failures (0 unexpected) in 0.151 (0.152) seconds
Test Suite 'Selected tests' passed at 2026-06-05 22:05:01.861.
	 Executed 7 tests, with 0 failures (0 unexpected) in 0.151 (0.152) seconds
􀟈  Test run started.
􀄵  Testing Library Version: 1902
􀄵  Target Platform: arm64e-apple-macos14.0
􁁛  Test run with 0 tests in 0 suites passed after 0.001 seconds.
task-9-b5r scoped verify: PASS
verify: RUN (task-9)
task-9 verify: building and testing backend
    Finished `dev` profile [unoptimized + debuginfo] target(s) in 0.07s
    Finished `test` profile [unoptimized + debuginfo] target(s) in 0.06s
     Running unittests src/lib.rs (target/debug/deps/test_chat_backend-acfff881fbeff8b8)

running 0 tests

test result: ok. 0 passed; 0 failed; 0 ignored; 0 measured; 0 filtered out; finished in 0.00s

     Running unittests src/main.rs (target/debug/deps/test_chat_backend-9d5476f2c3843da5)

running 0 tests

test result: ok. 0 passed; 0 failed; 0 ignored; 0 measured; 0 filtered out; finished in 0.00s

     Running tests/attachments.rs (target/debug/deps/attachments-14ccd7d85cb70557)

running 5 tests
test attachments_table_stores_no_plaintext_columns ... ok
test attachment_requires_bearer_token ... ok
test attachment_download_unknown_id_is_404 ... ok
test attachment_upload_then_download_round_trips_exact_bytes ... ok
test attachment_upload_rejects_oversize_payload_with_413 ... ok

test result: ok. 5 passed; 0 failed; 0 ignored; 0 measured; 0 filtered out; finished in 0.02s

     Running tests/auth.rs (target/debug/deps/auth-8604fa95047f6e2f)

running 8 tests
test auth_tables_store_no_private_material ... ok
test auth_challenge_rejects_unknown_user ... ok
test auth_session_rejects_unknown_token ... ok
test auth_malformed_json_returns_bad_request ... ok
test auth_challenge_returns_nonce_for_known_user ... ok
test auth_verify_with_bad_signature_is_rejected ... ok
test auth_verify_with_valid_signature_issues_session_token ... ok
test auth_verify_rejects_unknown_or_reused_challenge ... ok

test result: ok. 8 passed; 0 failed; 0 ignored; 0 measured; 0 filtered out; finished in 0.02s

     Running tests/conversations.rs (target/debug/deps/conversations-a7ed8ac73ee40eae)

running 7 tests
test conversations_requires_bearer_token ... ok
test conversations_return_ciphertext_and_metadata_without_plaintext ... ok
test conversations_include_inbound_only_peer_started_while_viewer_was_offline ... ok
test conversations_scope_excludes_unrelated_pairs_and_names_the_peer ... ok
test conversations_use_rowid_tiebreaks_instead_of_random_uuid_order ... ok
test conversations_empty_for_user_with_no_messages ... ok
test conversations_lists_distinct_peers_ordered_by_recent_activity ... ok

test result: ok. 7 passed; 0 failed; 0 ignored; 0 measured; 0 filtered out; finished in 0.02s

     Running tests/groups.rs (target/debug/deps/groups-dd51c3ddb97e60c4)

running 12 tests
test group_create_requires_bearer_token ... ok
test group_stream_requires_bearer_token ... ok
test group_tables_store_no_plaintext_columns ... ok
test group_list_returns_all_member_groups_in_rowid_order ... ok
test group_message_post_stores_exactly_the_ciphertext_blob ... ok
test group_message_history_returns_same_second_messages_in_send_order ... ok
test group_message_history_returns_only_ciphertext_for_members ... ok
test group_stream_with_member_returns_sse_headers ... ok
test group_add_member_broadcasts_epoch_event_to_members ... ok
test group_create_persists_name_membership_and_epoch_zero_keys ... ok
test group_endpoints_reject_non_members_with_403 ... ok
test group_add_member_bumps_epoch_and_blocks_prior_epoch_keys ... ok

test result: ok. 12 passed; 0 failed; 0 ignored; 0 measured; 0 filtered out; finished in 0.04s

     Running tests/messages.rs (target/debug/deps/messages-a293061aac4fd650)

running 14 tests
test messages_post_requires_bearer_token ... ok
test messages_inbox_requires_bearer_token ... ok
test messages_inbox_empty_for_caller_with_no_inbound_messages ... ok
test messages_stream_requires_bearer_token ... ok
test keys_publish_requires_valid_identity_signature ... ok
test messages_inbox_since_cursor_returns_only_later_rows_and_advances ... ok
test messages_history_returns_same_second_messages_in_send_order ... ok
test messages_inbox_delivers_same_second_messages_in_send_order ... ok
test keys_fetch_returns_published_prekey_for_username ... ok
test messages_inbox_is_scoped_to_recipient_inbound_messages_only ... ok
test messages_post_stores_exactly_the_ciphertext_blob ... ok
test messages_table_stores_no_plaintext_columns ... ok
test messages_history_returns_only_ciphertext_and_is_scoped_to_the_pair ... ok
test messages_stream_with_valid_token_returns_sse_headers ... ok

test result: ok. 14 passed; 0 failed; 0 ignored; 0 measured; 0 filtered out; finished in 0.04s

     Running tests/register.rs (target/debug/deps/register-6f9d859b8574001d)

running 3 tests
test register_stores_only_public_account_fields ... ok
test register_rejects_duplicate_username_without_second_row ... ok
test register_rejects_malformed_input ... ok

test result: ok. 3 passed; 0 failed; 0 ignored; 0 measured; 0 filtered out; finished in 0.01s

     Running tests/schema.rs (target/debug/deps/schema-b038f68994545c75)

running 2 tests
test migration_creates_users_table_with_only_public_account_columns ... ok
test schema_dump_prints_schema_sample_row_and_rejects_private_material ... ok

test result: ok. 2 passed; 0 failed; 0 ignored; 0 measured; 0 filtered out; finished in 0.03s

     Running tests/zk_relay_audit.rs (target/debug/deps/zk_relay_audit-bd3d74422e342891)

running 4 tests
test zk_relay_audit_fails_when_attachments_shape_drifts ... ok
test zk_relay_audit_fails_when_plaintext_column_exists ... ok
test zk_relay_audit_fails_when_private_key_column_exists ... ok
test zk_relay_audit_passes_for_ciphertext_only_schema ... ok

test result: ok. 4 passed; 0 failed; 0 ignored; 0 measured; 0 filtered out; finished in 0.38s

     Running tests/zk_sentinel.rs (target/debug/deps/zk_sentinel-1d21ce2d7220d674)

running 1 test
test zk_sentinel_roundtrip_stores_only_ciphertext_in_raw_db ... ok

test result: ok. 1 passed; 0 failed; 0 ignored; 0 measured; 0 filtered out; finished in 0.03s

   Doc-tests test_chat_backend

running 0 tests

test result: ok. 0 passed; 0 failed; 0 ignored; 0 measured; 0 filtered out; finished in 0.00s
task-9 verify: starting backend on http://127.0.0.1:53474
task-9 verify: backend health check returned 200
task-9 verify: building and testing Swift app with live conversations E2E
[0/1] Planning build
Building for debugging...
[0/3] Write swift-version--58304C5D6DBC2206.txt
Build complete! (0.14s)
[0/1] Planning build
Building for debugging...
[0/4] Write swift-version--58304C5D6DBC2206.txt
Build complete! (0.12s)
Test Suite 'Selected tests' started at 2026-06-05 22:05:04.793.
Test Suite 'ChatAppPackageTests.xctest' started at 2026-06-05 22:05:04.793.
Test Suite 'ConversationListModelTests' started at 2026-06-05 22:05:04.793.
Test Case '-[ChatAppTests.ConversationListModelTests testConversationListContainsAndEmptyUpsertRoundTrip]' started.
Test Case '-[ChatAppTests.ConversationListModelTests testConversationListContainsAndEmptyUpsertRoundTrip]' passed (0.000 seconds).
Test Case '-[ChatAppTests.ConversationListModelTests testPeerIdReturnsOtherPartyForInboundAndOutboundRecords]' started.
Test Case '-[ChatAppTests.ConversationListModelTests testPeerIdReturnsOtherPartyForInboundAndOutboundRecords]' passed (0.000 seconds).
Test Case '-[ChatAppTests.ConversationListModelTests testSortedOrdersMostRecentFirstAndTiesByUsername]' started.
Test Case '-[ChatAppTests.ConversationListModelTests testSortedOrdersMostRecentFirstAndTiesByUsername]' passed (0.000 seconds).
Test Case '-[ChatAppTests.ConversationListModelTests testUpsertInsertsBumpsToNewerActivityAndNeverRegresses]' started.
Test Case '-[ChatAppTests.ConversationListModelTests testUpsertInsertsBumpsToNewerActivityAndNeverRegresses]' passed (0.000 seconds).
Test Suite 'ConversationListModelTests' passed at 2026-06-05 22:05:04.794.
	 Executed 4 tests, with 0 failures (0 unexpected) in 0.001 (0.001) seconds
Test Suite 'ConversationListStoreTests' started at 2026-06-05 22:05:04.794.
Test Case '-[ChatAppTests.ConversationListStoreTests testHandleLiveRecordForKnownPeerBumpsAndDoesNotFetchAgain]' started.
Test Case '-[ChatAppTests.ConversationListStoreTests testHandleLiveRecordForKnownPeerBumpsAndDoesNotFetchAgain]' passed (0.019 seconds).
Test Case '-[ChatAppTests.ConversationListStoreTests testHandleLiveRecordForUnknownPeerRefreshesOnce]' started.
Test Case '-[ChatAppTests.ConversationListStoreTests testHandleLiveRecordForUnknownPeerRefreshesOnce]' passed (0.015 seconds).
Test Case '-[ChatAppTests.ConversationListStoreTests testHandleLiveRecordUpdatesLastActivityAtOnKnownPeer]' started.
Test Case '-[ChatAppTests.ConversationListStoreTests testHandleLiveRecordUpdatesLastActivityAtOnKnownPeer]' passed (0.012 seconds).
Test Case '-[ChatAppTests.ConversationListStoreTests testRefreshIncludesInboundOnlyPeerReturnedByBackend]' started.
Test Case '-[ChatAppTests.ConversationListStoreTests testRefreshIncludesInboundOnlyPeerReturnedByBackend]' passed (0.012 seconds).
Test Case '-[ChatAppTests.ConversationListStoreTests testRefreshMapsRecordsAndSortsMostRecentFirst]' started.
Test Case '-[ChatAppTests.ConversationListStoreTests testRefreshMapsRecordsAndSortsMostRecentFirst]' passed (0.012 seconds).
Test Case '-[ChatAppTests.ConversationListStoreTests testSelectedPeerUsernameRoundTrips]' started.
Test Case '-[ChatAppTests.ConversationListStoreTests testSelectedPeerUsernameRoundTrips]' passed (0.011 seconds).
Test Case '-[ChatAppTests.ConversationListStoreTests testSubscribeConsumesInjectedLiveStream]' started.
Test Case '-[ChatAppTests.ConversationListStoreTests testSubscribeConsumesInjectedLiveStream]' passed (0.070 seconds).
Test Suite 'ConversationListStoreTests' passed at 2026-06-05 22:05:04.946.
	 Executed 7 tests, with 0 failures (0 unexpected) in 0.151 (0.151) seconds
Test Suite 'HTTPConversationsServiceTests' started at 2026-06-05 22:05:04.946.
Test Case '-[ChatAppTests.HTTPConversationsServiceTests testConversationsDecodesBackendConversationRecordShape]' started.
Test Case '-[ChatAppTests.HTTPConversationsServiceTests testConversationsDecodesBackendConversationRecordShape]' passed (0.004 seconds).
Test Case '-[ChatAppTests.HTTPConversationsServiceTests testConversationsGetsBearerTokenAndDecodesResponse]' started.
Test Case '-[ChatAppTests.HTTPConversationsServiceTests testConversationsGetsBearerTokenAndDecodesResponse]' passed (0.000 seconds).
Test Case '-[ChatAppTests.HTTPConversationsServiceTests testConversationsGetsBearerTokenAndDecodesSummaries]' started.
Test Case '-[ChatAppTests.HTTPConversationsServiceTests testConversationsGetsBearerTokenAndDecodesSummaries]' passed (0.001 seconds).
Test Case '-[ChatAppTests.HTTPConversationsServiceTests testConversationsMapsNon200ToEmptyArray]' started.
Test Case '-[ChatAppTests.HTTPConversationsServiceTests testConversationsMapsNon200ToEmptyArray]' passed (0.000 seconds).
Test Suite 'HTTPConversationsServiceTests' passed at 2026-06-05 22:05:04.951.
	 Executed 4 tests, with 0 failures (0 unexpected) in 0.005 (0.006) seconds
Test Suite 'LiveConversationsE2ETests' started at 2026-06-05 22:05:04.951.
Test Case '-[ChatAppTests.LiveConversationsE2ETests testLiveConversationListOrderingAndHistory]' started.
Test Case '-[ChatAppTests.LiveConversationsE2ETests testLiveConversationListOrderingAndHistory]' passed (2.498 seconds).
Test Suite 'LiveConversationsE2ETests' passed at 2026-06-05 22:05:07.449.
	 Executed 1 test, with 0 failures (0 unexpected) in 2.498 (2.498) seconds
Test Suite 'ChatAppPackageTests.xctest' passed at 2026-06-05 22:05:07.450.
	 Executed 16 tests, with 0 failures (0 unexpected) in 2.655 (2.656) seconds
Test Suite 'Selected tests' passed at 2026-06-05 22:05:07.450.
	 Executed 16 tests, with 0 failures (0 unexpected) in 2.655 (2.657) seconds
􀟈  Test run started.
􀄵  Testing Library Version: 1902
􀄵  Target Platform: arm64e-apple-macos14.0
􁁛  Test run with 0 tests in 0 suites passed after 0.001 seconds.
task-9 verify: proving /conversations ordering
task-9 verify: proving per-conversation message history counts
task-9 verify: PASS
/Users/ngthluu/choscor/test-chat-app/.agentloop/worktrees/task-fix-task9-verify-b3/.agentloop/state/tasks/task-9/verify.sh: line 25: 19244 Terminated: 15          ( cd "${BACKEND_DIR}"; cargo run -- --db-path "${DB_PATH}" --port "${PORT}" ) > "${SERVER_LOG}" 2>&1
verify: PASS
